2024-05-01 00:00:00,353 - worker.email - INFO - Buyurtma yaratildi id=69400 summa=2399243.72
2024-05-01 00:00:00,527 - payments.gateway - INFO - So'rov bajarildi: POST /api/v1/orders — 1446ms
2024-05-01 00:00:01,725 - db.pool - INFO - Foydalanuvchi 165 tizimga kirdi, sessiya d5a2832ea288
2024-05-01 00:00:09,429 - api.auth - INFO - So'rov bajarildi: GET /api/v1/users — 1360ms
2024-05-01 00:00:16,077 - db.pool - INFO - Foydalanuvchi 877 tizimga kirdi, sessiya 9599d0469667
2024-05-01 00:00:19,684 - scheduler - INFO - Buyurtma yaratildi id=87517 summa=1079826.9
2024-05-01 00:00:21,536 - cache.redis - DEBUG - Cache hit key=user:566 ttl=2964s
2024-05-01 00:00:29,825 - cache.redis - INFO - Foydalanuvchi 131 tizimga kirdi, sessiya 1613a51c6d2a
2024-05-01 00:00:35,093 - worker.email - INFO - Foydalanuvchi 3 tizimga kirdi, sessiya e74d1b12d40d
2024-05-01 00:00:41,297 - api.orders - ERROR - DB ulanishi uzildi: timeout after 716ms host=db-720
2024-05-01 00:00:58,220 - api.auth - INFO - Buyurtma yaratildi id=52906 summa=1597666.44
2024-05-01 00:01:00,070 - api.orders - INFO - Foydalanuvchi 848 tizimga kirdi, sessiya b4ca30109707
2024-05-01 00:01:13,559 - api.auth - CRITICAL - Xizmat javob bermayapti: worker-843 qayta ishga tushirilmoqda
2024-05-01 00:01:13,775 - cache.redis - WARN - Ulanishlar hovuzi 2833% to'lgan
2024-05-01 00:01:26,779 - api.auth - INFO - Foydalanuvchi 7 tizimga kirdi, sessiya b3021bc04c84
2024-05-01 00:01:26,912 - api.auth - INFO - So'rov bajarildi: GET /login — 1243ms
2024-05-01 00:01:27,768 - api.auth - INFO - So'rov bajarildi: GET /api/v1/orders — 2785ms
2024-05-01 00:01:39,539 - payments.gateway - INFO - So'rov bajarildi: POST /api/v1/orders — 3942ms
2024-05-01 00:01:51,896 - scheduler - INFO - So'rov bajarildi: POST /login — 580ms
2024-05-01 00:02:01,072 - api.orders - WARN - Sekin so'rov: /login 725ms chegaradan oshdi
2024-05-01 00:02:09,562 - db.pool - INFO - Buyurtma yaratildi id=64939 summa=1195927.21
2024-05-01 00:02:15,082 - cache.redis - INFO - Buyurtma yaratildi id=57818 summa=412375.0
2024-05-01 00:02:25,865 - cache.redis - INFO - So'rov bajarildi: GET /api/v1/users — 3796ms
2024-05-01 00:02:28,334 - api.orders - DEBUG - Cache hit key=user:540 ttl=1074s
2024-05-01 00:02:38,805 - api.orders - DEBUG - Cache hit key=user:520 ttl=4097s
2024-05-01 00:03:23,354 - payments.gateway - WARN - Sekin so'rov: /api/v1/users 850ms chegaradan oshdi
2024-05-01 00:04:01,799 - cache.redis - INFO - Foydalanuvchi 585 tizimga kirdi, sessiya 8497b172f56a
2024-05-01 00:04:09,226 - scheduler - DEBUG - Cache hit key=user:110 ttl=627s
2024-05-01 00:04:11,297 - api.auth - INFO - Buyurtma yaratildi id=34407 summa=1441246.62
2024-05-01 00:04:14,069 - db.pool - ERROR - DB ulanishi uzildi: timeout after 187ms host=db-91
2024-05-01 00:04:31,451 - api.orders - INFO - So'rov bajarildi: GET /api/v1/users — 858ms
2024-05-01 00:04:31,843 - payments.gateway - INFO - So'rov bajarildi: GET /api/v1/users — 4113ms
2024-05-01 00:04:41,478 - cache.redis - INFO - So'rov bajarildi: GET /api/v1/users — 2633ms
2024-05-01 00:05:07,910 - payments.gateway - INFO - Buyurtma yaratildi id=67992 summa=1753005.31
2024-05-01 00:05:29,668 - payments.gateway - WARN - Sekin so'rov: /api/v1/orders 269ms chegaradan oshdi
2024-05-01 00:05:30,740 - worker.email - INFO - So'rov bajarildi: GET /login — 2062ms
2024-05-01 00:05:35,256 - worker.email - INFO - So'rov bajarildi: POST /api/v1/users — 3209ms
2024-05-01 00:05:43,484 - cache.redis - DEBUG - Cache hit key=user:891 ttl=845s
2024-05-01 00:05:58,444 - api.auth - CRITICAL - Xizmat javob bermayapti: worker-366 qayta ishga tushirilmoqda
2024-05-01 00:06:03,636 - worker.email - INFO - Buyurtma yaratildi id=45508 summa=1018273.8
2024-05-01 00:06:06,826 - api.auth - INFO - So'rov bajarildi: POST /api/v1/orders — 2223ms
2024-05-01 00:06:21,023 - cache.redis - INFO - Foydalanuvchi 127 tizimga kirdi, sessiya 54a26a981bcc
2024-05-01 00:06:25,002 - scheduler - ERROR - To'lov rad etildi order=39077 kod=INSUFFICIENT_FUNDS
2024-05-01 00:06:27,791 - worker.email - INFO - So'rov bajarildi: POST /api/v1/orders — 2368ms
2024-05-01 00:06:34,184 - cache.redis - INFO - Buyurtma yaratildi id=96646 summa=3189686.22
2024-05-01 00:06:47,851 - payments.gateway - WARN - Ulanishlar hovuzi 2385% to'lgan
2024-05-01 00:06:56,651 - api.orders - INFO - So'rov bajarildi: POST /api/v1/orders — 65ms
2024-05-01 00:07:03,962 - api.auth - INFO - So'rov bajarildi: GET /api/v1/users — 2515ms
2024-05-01 00:07:09,383 - worker.email - INFO - Buyurtma yaratildi id=44887 summa=1058499.92
2024-05-01 00:07:14,621 - worker.email - INFO - So'rov bajarildi: GET /api/v1/orders — 2455ms
2024-05-01 00:07:15,929 - api.auth - WARN - Sekin so'rov: /api/v1/orders 3669ms chegaradan oshdi
2024-05-01 00:07:25,900 - db.pool - INFO - So'rov bajarildi: GET /api/v1/users — 3982ms
2024-05-01 00:07:26,468 - api.orders - INFO - Foydalanuvchi 469 tizimga kirdi, sessiya b2c59820134f
2024-05-01 00:07:46,861 - db.pool - INFO - So'rov bajarildi: POST /login — 110ms
2024-05-01 00:07:53,545 - api.orders - INFO - So'rov bajarildi: POST /api/v1/orders — 1877ms
2024-05-01 00:07:59,565 - api.auth - INFO - Foydalanuvchi 327 tizimga kirdi, sessiya 1d1eef8000cd
2024-05-01 00:08:02,643 - cache.redis - INFO - So'rov bajarildi: GET /login — 2597ms
2024-05-01 00:08:18,871 - payments.gateway - INFO - So'rov bajarildi: POST /api/v1/orders — 674ms
2024-05-01 00:08:21,776 - worker.email - INFO - Foydalanuvchi 99 tizimga kirdi, sessiya 3a37c8d5f5b3
2024-05-01 00:08:31,879 - db.pool - WARN - Ulanishlar hovuzi 2558% to'lgan
2024-05-01 00:08:40,413 - cache.redis - INFO - So'rov bajarildi: GET /api/v1/users — 773ms
2024-05-01 00:08:45,888 - scheduler - ERROR - To'lov rad etildi order=13396 kod=INSUFFICIENT_FUNDS
2024-05-01 00:08:46,040 - cache.redis - INFO - So'rov bajarildi: POST /api/v1/users — 3838ms
2024-05-01 00:09:00,045 - db.pool - WARN - Sekin so'rov: /login 3645ms chegaradan oshdi
2024-05-01 00:09:02,362 - db.pool - WARN - Ulanishlar hovuzi 3153% to'lgan
2024-05-01 00:09:27,669 - worker.email - INFO - So'rov bajarildi: POST /api/v1/orders — 4152ms
2024-05-01 00:09:29,234 - api.orders - INFO - Foydalanuvchi 447 tizimga kirdi, sessiya 064700729a0d
2024-05-01 00:09:33,785 - worker.email - INFO - So'rov bajarildi: POST /login — 1781ms
2024-05-01 00:09:36,482 - cache.redis - INFO - Foydalanuvchi 96 tizimga kirdi, sessiya d3e62d06734b
2024-05-01 00:09:40,644 - worker.email - INFO - So'rov bajarildi: POST /login — 697ms
2024-05-01 00:09:40,792 - worker.email - WARN - Ulanishlar hovuzi 1004% to'lgan
2024-05-01 00:09:49,288 - api.auth - INFO - So'rov bajarildi: POST /api/v1/users — 2292ms
2024-05-01 00:09:51,862 - cache.redis - INFO - So'rov bajarildi: POST /api/v1/orders — 3406ms
2024-05-01 00:09:54,613 - api.orders - INFO - Foydalanuvchi 622 tizimga kirdi, sessiya 0fe61abd22a7
2024-05-01 00:09:59,276 - api.auth - WARN - Sekin so'rov: /api/v1/orders 1730ms chegaradan oshdi
2024-05-01 00:10:14,494 - scheduler - INFO - Foydalanuvchi 782 tizimga kirdi, sessiya 0c39bd8bd49a
2024-05-01 00:10:16,851 - scheduler - INFO - Foydalanuvchi 63 tizimga kirdi, sessiya 4e190b5f1af7
2024-05-01 00:10:19,737 - api.orders - ERROR - To'lov rad etildi order=25122 kod=INSUFFICIENT_FUNDS
2024-05-01 00:10:27,630 - worker.email - ERROR - To'lov rad etildi order=75667 kod=INSUFFICIENT_FUNDS
2024-05-01 00:10:28,669 - db.pool - INFO - So'rov bajarildi: GET /login — 2442ms
2024-05-01 00:10:32,720 - worker.email - WARN - Sekin so'rov: /api/v1/users 1062ms chegaradan oshdi
2024-05-01 00:10:54,804 - scheduler - INFO - So'rov bajarildi: POST /api/v1/orders — 279ms
2024-05-01 00:11:06,666 - db.pool - INFO - Foydalanuvchi 742 tizimga kirdi, sessiya 93716b2c9a01
2024-05-01 00:11:15,567 - api.auth - INFO - So'rov bajarildi: POST /api/v1/orders — 668ms
2024-05-01 00:11:26,728 - payments.gateway - WARN - Ulanishlar hovuzi 1396% to'lgan
2024-05-01 00:11:26,936 - worker.email - INFO - Foydalanuvchi 146 tizimga kirdi, sessiya 5de4b40488cb
2024-05-01 00:11:55,434 - payments.gateway - ERROR - DB ulanishi uzildi: timeout after 3497ms host=db-641
2024-05-01 00:11:58,528 - payments.gateway - INFO - So'rov bajarildi: POST /api/v1/orders — 1214ms
2024-05-01 00:11:59,677 - payments.gateway - INFO - Foydalanuvchi 603 tizimga kirdi, sessiya 87391561e97c
2024-05-01 00:12:15,376 - db.pool - INFO - Foydalanuvchi 561 tizimga kirdi, sessiya 2929791f0f51
2024-05-01 00:12:17,542 - worker.email - INFO - So'rov bajarildi: POST /login — 1336ms
2024-05-01 00:12:19,978 - scheduler - INFO - So'rov bajarildi: POST /login — 1868ms
2024-05-01 00:12:24,605 - cache.redis - INFO - So'rov bajarildi: GET /api/v1/users — 3929ms
2024-05-01 00:12:27,823 - worker.email - INFO - So'rov bajarildi: GET /login — 3685ms
2024-05-01 00:12:45,066 - db.pool - INFO - Foydalanuvchi 436 tizimga kirdi, sessiya 858228276411
2024-05-01 00:13:16,227 - scheduler - INFO - Foydalanuvchi 203 tizimga kirdi, sessiya 213f959d8db7
2024-05-01 00:13:16,366 - worker.email - INFO - Foydalanuvchi 220 tizimga kirdi, sessiya d6ac008f7df4
2024-05-01 00:13:35,115 - db.pool - INFO - So'rov bajarildi: GET /api/v1/users — 2289ms
2024-05-01 00:13:38,537 - db.pool - WARN - Ulanishlar hovuzi 500% to'lgan
2024-05-01 00:13:39,336 - db.pool - WARN - Sekin so'rov: /api/v1/users 4086ms chegaradan oshdi
2024-05-01 00:13:44,855 - api.orders - WARN - Sekin so'rov: /api/v1/orders 2212ms chegaradan oshdi
2024-05-01 00:13:47,282 - payments.gateway - DEBUG - Cache hit key=user:552 ttl=4013s
2024-05-01 00:13:52,052 - cache.redis - INFO - Foydalanuvchi 310 tizimga kirdi, sessiya f2eda9f6a517
2024-05-01 00:13:56,861 - api.orders - INFO - So'rov bajarildi: POST /api/v1/orders — 3426ms
2024-05-01 00:14:06,663 - db.pool - INFO - So'rov bajarildi: POST /api/v1/orders — 2129ms
2024-05-01 00:14:12,955 - worker.email - DEBUG - Cache hit key=user:18 ttl=2705s
2024-05-01 00:14:18,209 - api.orders - WARN - Ulanishlar hovuzi 1015% to'lgan
2024-05-01 00:14:38,132 - scheduler - INFO - So'rov bajarildi: POST /login — 3909ms
2024-05-01 00:14:45,905 - api.auth - WARN - Ulanishlar hovuzi 1872% to'lgan
2024-05-01 00:15:10,247 - scheduler - INFO - Foydalanuvchi 146 tizimga kirdi, sessiya 0179883d47b0
2024-05-01 00:15:11,102 - db.pool - INFO - Foydalanuvchi 272 tizimga kirdi, sessiya e214e724c0d4
2024-05-01 00:15:23,902 - scheduler - INFO - So'rov bajarildi: GET /api/v1/users — 1633ms
2024-05-01 00:15:27,298 - api.orders - INFO - So'rov bajarildi: GET /api/v1/users — 3722ms
2024-05-01 00:15:54,829 - api.orders - INFO - Foydalanuvchi 244 tizimga kirdi, sessiya 6c49e818df17
2024-05-01 00:16:08,668 - scheduler - ERROR - DB ulanishi uzildi: timeout after 2793ms host=db-473
2024-05-01 00:16:23,597 - payments.gateway - INFO - Foydalanuvchi 854 tizimga kirdi, sessiya ed197479d3c0
2024-05-01 00:16:27,048 - payments.gateway - WARN - Sekin so'rov: /login 850ms chegaradan oshdi
2024-05-01 00:16:32,589 - scheduler - INFO - Buyurtma yaratildi id=11496 summa=1652015.83
2024-05-01 00:16:36,631 - scheduler - INFO - Buyurtma yaratildi id=68935 summa=1559768.8
2024-05-01 00:16:48,990 - api.orders - INFO - Buyurtma yaratildi id=42088 summa=3531113.23
2024-05-01 00:17:01,298 - db.pool - INFO - So'rov bajarildi: GET /login — 195ms
2024-05-01 00:17:05,865 - worker.email - INFO - Foydalanuvchi 781 tizimga kirdi, sessiya 23d4eff648b9
2024-05-01 00:17:14,255 - payments.gateway - INFO - So'rov bajarildi: POST /login — 4180ms
2024-05-01 00:17:15,627 - cache.redis - INFO - Foydalanuvchi 688 tizimga kirdi, sessiya 4294904843c3
2024-05-01 00:17:55,446 - worker.email - INFO - Buyurtma yaratildi id=51270 summa=2550950.53
2024-05-01 00:18:02,422 - payments.gateway - ERROR - To'lov rad etildi order=99457 kod=INSUFFICIENT_FUNDS
2024-05-01 00:18:18,205 - scheduler - WARN - Ulanishlar hovuzi 3079% to'lgan
2024-05-01 00:18:30,958 - scheduler - DEBUG - Cache hit key=user:516 ttl=1061s
2024-05-01 00:18:31,518 - api.orders - INFO - So'rov bajarildi: POST /api/v1/orders — 162ms
2024-05-01 00:18:39,499 - cache.redis - INFO - Buyurtma yaratildi id=28639 summa=197560.1
2024-05-01 00:18:41,514 - payments.gateway - INFO - Foydalanuvchi 143 tizimga kirdi, sessiya 57c26d469a94
2024-05-01 00:19:07,320 - api.orders - INFO - Foydalanuvchi 635 tizimga kirdi, sessiya 0c8a0d63fa86
2024-05-01 00:19:13,587 - cache.redis - ERROR - DB ulanishi uzildi: timeout after 1837ms host=db-235
2024-05-01 00:19:18,029 - api.orders - INFO - So'rov bajarildi: GET /login — 1594ms
2024-05-01 00:19:18,169 - cache.redis - INFO - Foydalanuvchi 461 tizimga kirdi, sessiya b261895eb7d7
2024-05-01 00:19:21,824 - api.orders - WARN - Ulanishlar hovuzi 4110% to'lgan
2024-05-01 00:19:30,823 - payments.gateway - INFO - So'rov bajarildi: POST /login — 4029ms
2024-05-01 00:19:33,235 - worker.email - INFO - Buyurtma yaratildi id=63257 summa=3976356.47
2024-05-01 00:19:48,684 - db.pool - INFO - Foydalanuvchi 294 tizimga kirdi, sessiya 95ead9c3b76b
2024-05-01 00:19:54,361 - worker.email - INFO - So'rov bajarildi: POST /login — 1587ms
2024-05-01 00:20:11,141 - db.pool - INFO - Foydalanuvchi 663 tizimga kirdi, sessiya 34d5a1e6ca08
2024-05-01 00:20:25,906 - scheduler - CRITICAL - Xizmat javob bermayapti: worker-836 qayta ishga tushirilmoqda
2024-05-01 00:20:28,667 - api.orders - ERROR - DB ulanishi uzildi: timeout after 2246ms host=db-270
2024-05-01 00:21:13,882 - api.orders - INFO - So'rov bajarildi: GET /api/v1/users — 2418ms
2024-05-01 00:21:53,613 - worker.email - INFO - So'rov bajarildi: POST /api/v1/orders — 945ms
2024-05-01 00:21:59,538 - db.pool - INFO - Foydalanuvchi 228 tizimga kirdi, sessiya 58a865a83da9
2024-05-01 00:22:06,707 - worker.email - WARN - Sekin so'rov: /api/v1/users 3846ms chegaradan oshdi
2024-05-01 00:22:12,427 - payments.gateway - WARN - Ulanishlar hovuzi 2769% to'lgan
2024-05-01 00:22:20,007 - payments.gateway - DEBUG - Cache hit key=user:222 ttl=2873s
2024-05-01 00:22:24,954 - payments.gateway - INFO - So'rov bajarildi: POST /api/v1/orders — 3787ms
2024-05-01 00:22:25,887 - api.auth - WARN - Ulanishlar hovuzi 497% to'lgan
2024-05-01 00:22:38,398 - payments.gateway - ERROR - DB ulanishi uzildi: timeout after 2607ms host=db-349
2024-05-01 00:23:07,751 - db.pool - DEBUG - Cache hit key=user:859 ttl=2705s
2024-05-01 00:23:13,855 - worker.email - INFO - So'rov bajarildi: GET /api/v1/orders — 3881ms
2024-05-01 00:23:27,639 - api.auth - DEBUG - Cache hit key=user:286 ttl=2995s
2024-05-01 00:23:29,141 - payments.gateway - INFO - Buyurtma yaratildi id=64047 summa=831852.18
2024-05-01 00:23:40,680 - db.pool - CRITICAL - Xizmat javob bermayapti: worker-736 qayta ishga tushirilmoqda
2024-05-01 00:24:12,813 - payments.gateway - INFO - Foydalanuvchi 316 tizimga kirdi, sessiya ac66b248f1d4
2024-05-01 00:24:13,141 - worker.email - INFO - Foydalanuvchi 70 tizimga kirdi, sessiya 8954a560f390
2024-05-01 00:24:13,561 - cache.redis - DEBUG - Cache hit key=user:517 ttl=649s
2024-05-01 00:24:13,726 - db.pool - WARN - Sekin so'rov: /login 2755ms chegaradan oshdi
2024-05-01 00:24:17,640 - api.orders - DEBUG - Cache hit key=user:689 ttl=1168s
2024-05-01 00:24:21,245 - api.orders - DEBUG - Cache hit key=user:1 ttl=1920s
2024-05-01 00:24:27,143 - scheduler - INFO - Buyurtma yaratildi id=96273 summa=3353606.74
2024-05-01 00:25:13,613 - cache.redis - INFO - So'rov bajarildi: GET /login — 4115ms
2024-05-01 00:25:20,389 - payments.gateway - WARN - Ulanishlar hovuzi 1855% to'lgan
2024-05-01 00:25:28,386 - scheduler - INFO - So'rov bajarildi: POST /login — 1812ms
2024-05-01 00:25:33,091 - scheduler - INFO - Buyurtma yaratildi id=81155 summa=1554522.27
2024-05-01 00:25:36,943 - api.orders - INFO - So'rov bajarildi: GET /api/v1/users — 1364ms
2024-05-01 00:25:37,118 - payments.gateway - INFO - So'rov bajarildi: POST /login — 4039ms
2024-05-01 00:25:38,214 - db.pool - INFO - So'rov bajarildi: POST /api/v1/users — 3828ms
2024-05-01 00:26:02,357 - api.orders - INFO - So'rov bajarildi: GET /login — 2429ms
2024-05-01 00:26:04,418 - worker.email - INFO - So'rov bajarildi: POST /api/v1/users — 90ms
2024-05-01 00:26:07,829 - api.orders - INFO - Buyurtma yaratildi id=19740 summa=3747789.42
2024-05-01 00:26:08,652 - db.pool - DEBUG - Cache hit key=user:239 ttl=1337s
2024-05-01 00:26:12,678 - api.auth - INFO - Foydalanuvchi 869 tizimga kirdi, sessiya f0bb2d61a152
2024-05-01 00:26:20,312 - worker.email - INFO - Buyurtma yaratildi id=85147 summa=1225239.06
2024-05-01 00:26:23,485 - db.pool - INFO - Foydalanuvchi 240 tizimga kirdi, sessiya efbce30a78dd
2024-05-01 00:26:26,337 - worker.email - DEBUG - Cache hit key=user:42 ttl=1599s
2024-05-01 00:26:43,929 - worker.email - INFO - So'rov bajarildi: GET /login — 3882ms
2024-05-01 00:26:49,590 - worker.email - INFO - Foydalanuvchi 346 tizimga kirdi, sessiya 4501f21c5076
2024-05-01 00:26:58,563 - api.orders - DEBUG - Cache hit key=user:614 ttl=3453s
2024-05-01 00:27:25,190 - worker.email - INFO - So'rov bajarildi: POST /login — 3261ms
2024-05-01 00:28:12,317 - api.orders - WARN - Sekin so'rov: /login 3628ms chegaradan oshdi
2024-05-01 00:28:17,578 - api.orders - INFO - So'rov bajarildi: GET /login — 988ms
2024-05-01 00:28:21,320 - api.auth - ERROR - DB ulanishi uzildi: timeout after 3104ms host=db-161
2024-05-01 00:28:28,806 - payments.gateway - INFO - So'rov bajarildi: POST /api/v1/users — 1181ms
2024-05-01 00:28:35,482 - db.pool - INFO - So'rov bajarildi: GET /api/v1/users — 1358ms
2024-05-01 00:28:38,932 - scheduler - DEBUG - Cache hit key=user:297 ttl=1175s
2024-05-01 00:28:50,295 - scheduler - INFO - So'rov bajarildi: GET /login — 2495ms
2024-05-01 00:28:55,667 - worker.email - INFO - So'rov bajarildi: GET /login — 883ms
2024-05-01 00:28:56,796 - db.pool - DEBUG - Cache hit key=user:61 ttl=3976s
2024-05-01 00:28:57,126 - db.pool - INFO - Foydalanuvchi 493 tizimga kirdi, sessiya 478cd9dc293a
2024-05-01 00:29:21,579 - scheduler - DEBUG - Cache hit key=user:615 ttl=2940s
2024-05-01 00:29:23,023 - scheduler - INFO - Foydalanuvchi 179 tizimga kirdi, sessiya 84a35e41f6f1
2024-05-01 00:29:25,108 - payments.gateway - WARN - Ulanishlar hovuzi 4120% to'lgan
2024-05-01 00:29:31,024 - cache.redis - DEBUG - Cache hit key=user:444 ttl=2089s
2024-05-01 00:29:38,728 - db.pool - INFO - So'rov bajarildi: POST /api/v1/users — 1381ms
2024-05-01 00:29:54,636 - cache.redis - INFO - So'rov bajarildi: POST /api/v1/orders — 2686ms
2024-05-01 00:30:04,405 - scheduler - CRITICAL - Xizmat javob bermayapti: worker-292 qayta ishga tushirilmoqda
2024-05-01 00:30:08,494 - worker.email - INFO - Foydalanuvchi 259 tizimga kirdi, sessiya c09db52788ab
2024-05-01 00:30:22,021 - api.auth - INFO - Buyurtma yaratildi id=86932 summa=3637556.38
2024-05-01 00:30:38,217 - api.orders - CRITICAL - Xizmat javob bermayapti: worker-802 qayta ishga tushirilmoqda
2024-05-01 00:30:41,885 - payments.gateway - INFO - Buyurtma yaratildi id=23494 summa=2083083.34
2024-05-01 00:30:42,923 - cache.redis - INFO - So'rov bajarildi: POST /login — 2566ms
2024-05-01 00:30:45,969 - cache.redis - ERROR - DB ulanishi uzildi: timeout after 3119ms host=db-872
2024-05-01 00:30:47,252 - api.auth - INFO - Foydalanuvchi 699 tizimga kirdi, sessiya 28bbd79d7536
2024-05-01 00:30:53,694 - db.pool - DEBUG - Cache hit key=user:695 ttl=3671s
2024-05-01 00:31:16,731 - scheduler - INFO - So'rov bajarildi: POST /login — 656ms
2024-05-01 00:31:29,263 - cache.redis - WARN - Sekin so'rov: /api/v1/users 905ms chegaradan oshdi
2024-05-01 00:31:30,162 - db.pool - INFO - So'rov bajarildi: POST /login — 3969ms
2024-05-01 00:31:36,345 - db.pool - INFO - Foydalanuvchi 869 tizimga kirdi, sessiya a109335a309b
2024-05-01 00:31:38,442 - api.orders - ERROR - DB ulanishi uzildi: timeout after 2662ms host=db-36
2024-05-01 00:32:02,897 - api.orders - WARN - Ulanishlar hovuzi 2968% to'lgan
2024-05-01 00:32:11,739 - db.pool - WARN - Ulanishlar hovuzi 2542% to'lgan
2024-05-01 00:32:17,057 - api.orders - INFO - Foydalanuvchi 430 tizimga kirdi, sessiya 978bb75cef25
2024-05-01 00:32:19,716 - scheduler - INFO - Buyurtma yaratildi id=88251 summa=2189463.22
2024-05-01 00:32:34,906 - api.orders - INFO - So'rov bajarildi: POST /api/v1/orders — 492ms
2024-05-01 00:32:45,616 - worker.email - INFO - Buyurtma yaratildi id=65228 summa=32372.39
2024-05-01 00:32:49,393 - worker.email - INFO - So'rov bajarildi: POST /api/v1/orders — 3685ms
2024-05-01 00:32:51,152 - cache.redis - INFO - Foydalanuvchi 440 tizimga kirdi, sessiya 62751860f6c6
2024-05-01 00:32:52,862 - scheduler - WARN - Sekin so'rov: /login 1315ms chegaradan oshdi
2024-05-01 00:33:02,133 - worker.email - INFO - Foydalanuvchi 286 tizimga kirdi, sessiya 1aea6624e746
2024-05-01 00:33:02,661 - worker.email - CRITICAL - Xizmat javob bermayapti: worker-259 qayta ishga tushirilmoqda
2024-05-01 00:33:32,053 - cache.redis - DEBUG - Cache hit key=user:845 ttl=2487s
2024-05-01 00:33:40,033 - db.pool - ERROR - DB ulanishi uzildi: timeout after 2454ms host=db-52
2024-05-01 00:33:48,947 - db.pool - INFO - So'rov bajarildi: POST /api/v1/users — 2838ms
2024-05-01 00:33:49,847 - scheduler - INFO - Foydalanuvchi 281 tizimga kirdi, sessiya ceb4b7d930d9
2024-05-01 00:33:59,143 - api.auth - INFO - Foydalanuvchi 656 tizimga kirdi, sessiya 9232138038f0
2024-05-01 00:34:08,914 - db.pool - INFO - Buyurtma yaratildi id=95121 summa=2512490.92
2024-05-01 00:34:13,714 - db.pool - DEBUG - Cache hit key=user:570 ttl=1160s
2024-05-01 00:34:39,720 - scheduler - INFO - So'rov bajarildi: GET /api/v1/users — 3919ms
2024-05-01 00:34:39,811 - payments.gateway - INFO - So'rov bajarildi: GET /api/v1/orders — 3380ms
2024-05-01 00:34:41,724 - api.orders - INFO - So'rov bajarildi: GET /api/v1/users — 445ms
2024-05-01 00:34:53,721 - worker.email - INFO - Foydalanuvchi 424 tizimga kirdi, sessiya 8db670af9969
2024-05-01 00:34:57,761 - cache.redis - INFO - So'rov bajarildi: POST /login — 2050ms
2024-05-01 00:35:08,247 - payments.gateway - INFO - So'rov bajarildi: GET /api/v1/orders — 2501ms
2024-05-01 00:35:22,342 - db.pool - WARN - Ulanishlar hovuzi 1116% to'lgan
2024-05-01 00:35:27,234 - cache.redis - DEBUG - Cache hit key=user:23 ttl=3190s
2024-05-01 00:35:48,324 - db.pool - ERROR - To'lov rad etildi order=86405 kod=INSUFFICIENT_FUNDS
2024-05-01 00:35:50,723 - api.orders - INFO - Foydalanuvchi 658 tizimga kirdi, sessiya 36db74948913
2024-05-01 00:35:55,783 - cache.redis - INFO - So'rov bajarildi: POST /api/v1/orders — 2946ms
2024-05-01 00:36:11,148 - payments.gateway - INFO - So'rov bajarildi: GET /login — 583ms
2024-05-01 00:36:15,905 - api.orders - INFO - So'rov bajarildi: POST /api/v1/orders — 1027ms
2024-05-01 00:36:17,285 - payments.gateway - WARN - Sekin so'rov: /api/v1/orders 1264ms chegaradan oshdi
2024-05-01 00:36:21,017 - payments.gateway - INFO - So'rov bajarildi: POST /api/v1/orders — 3569ms
2024-05-01 00:36:22,829 - db.pool - INFO - So'rov bajarildi: GET /login — 1431ms
2024-05-01 00:36:26,222 - cache.redis - INFO - So'rov bajarildi: GET /login — 721ms
2024-05-01 00:36:34,456 - api.auth - INFO - So'rov bajarildi: GET /login — 3042ms
2024-05-01 00:36:35,943 - cache.redis - INFO - So'rov bajarildi: POST /api/v1/users — 1862ms
2024-05-01 00:36:42,098 - db.pool - ERROR - DB ulanishi uzildi: timeout after 905ms host=db-214
2024-05-01 00:36:43,887 - api.auth - WARN - Ulanishlar hovuzi 3019% to'lgan
2024-05-01 00:36:53,786 - payments.gateway - INFO - So'rov bajarildi: GET /api/v1/orders — 3318ms
2024-05-01 00:37:07,703 - worker.email - INFO - So'rov bajarildi: GET /login — 2515ms
2024-05-01 00:37:42,815 - db.pool - WARN - Ulanishlar hovuzi 603% to'lgan
2024-05-01 00:37:43,298 - payments.gateway - WARN - Sekin so'rov: /api/v1/users 4197ms chegaradan oshdi
2024-05-01 00:37:52,790 - api.auth - INFO - So'rov bajarildi: GET /api/v1/orders — 3036ms
2024-05-01 00:38:01,616 - api.auth - INFO - So'rov bajarildi: POST /api/v1/orders — 3063ms
2024-05-01 00:38:04,206 - cache.redis - WARN - Sekin so'rov: /login 3039ms chegaradan oshdi
2024-05-01 00:38:09,568 - payments.gateway - INFO - So'rov bajarildi: GET /login — 3404ms
2024-05-01 00:38:11,578 - api.orders - DEBUG - Cache hit key=user:427 ttl=1108s
2024-05-01 00:38:27,504 - payments.gateway - INFO - So'rov bajarildi: GET /login — 3517ms
2024-05-01 00:38:37,925 - scheduler - WARN - Sekin so'rov: /login 1340ms chegaradan oshdi
2024-05-01 00:38:49,125 - cache.redis - ERROR - DB ulanishi uzildi: timeout after 2152ms host=db-604
2024-05-01 00:38:55,569 - payments.gateway - ERROR - To'lov rad etildi order=26666 kod=INSUFFICIENT_FUNDS
2024-05-01 00:38:59,080 - db.pool - INFO - So'rov bajarildi: GET /api/v1/users — 1086ms
2024-05-01 00:39:13,103 - worker.email - WARN - Sekin so'rov: /api/v1/users 2699ms chegaradan oshdi
2024-05-01 00:39:13,749 - db.pool - DEBUG - Cache hit key=user:211 ttl=4070s
2024-05-01 00:39:19,826 - db.pool - DEBUG - Cache hit key=user:887 ttl=1397s
2024-05-01 00:39:20,765 - api.auth - INFO - So'rov bajarildi: POST /api/v1/users — 2024ms
2024-05-01 00:39:23,949 - db.pool - INFO - So'rov bajarildi: GET /api/v1/orders — 1443ms
2024-05-01 00:39:24,955 - db.pool - INFO - Foydalanuvchi 30 tizimga kirdi, sessiya ec1ad1cabb8e
2024-05-01 00:39:39,877 - payments.gateway - INFO - Foydalanuvchi 748 tizimga kirdi, sessiya 8ba8fc5ab1fc
2024-05-01 00:40:09,779 - db.pool - INFO - So'rov bajarildi: GET /login — 2256ms
2024-05-01 00:40:18,420 - cache.redis - ERROR - DB ulanishi uzildi: timeout after 100ms host=db-437
2024-05-01 00:40:19,786 - payments.gateway - DEBUG - Cache hit key=user:713 ttl=4035s
2024-05-01 00:40:27,757 - cache.redis - INFO - Buyurtma yaratildi id=49662 summa=3411338.92
2024-05-01 00:41:01,833 - scheduler - INFO - So'rov bajarildi: GET /login — 4021ms
2024-05-01 00:41:16,769 - scheduler - INFO - Foydalanuvchi 843 tizimga kirdi, sessiya 51080c964e34
2024-05-01 00:41:17,174 - worker.email - CRITICAL - Xizmat javob bermayapti: worker-415 qayta ishga tushirilmoqda
2024-05-01 00:41:37,575 - cache.redis - INFO - Foydalanuvchi 586 tizimga kirdi, sessiya 6cdfb52e379d
2024-05-01 00:41:50,532 - scheduler - INFO - So'rov bajarildi: POST /api/v1/users — 2421ms
2024-05-01 00:42:00,344 - api.orders - INFO - So'rov bajarildi: POST /login — 756ms
2024-05-01 00:42:14,269 - api.auth - INFO - Buyurtma yaratildi id=44772 summa=453481.03
2024-05-01 00:42:19,226 - payments.gateway - INFO - So'rov bajarildi: POST /api/v1/orders — 1766ms
2024-05-01 00:42:24,926 - api.auth - INFO - Foydalanuvchi 795 tizimga kirdi, sessiya 69d6c093519e
2024-05-01 00:42:35,719 - worker.email - DEBUG - Cache hit key=user:590 ttl=2048s
2024-05-01 00:42:39,006 - worker.email - INFO - Foydalanuvchi 869 tizimga kirdi, sessiya c7065b5f125a
2024-05-01 00:42:47,708 - db.pool - INFO - So'rov bajarildi: POST /login — 981ms
2024-05-01 00:42:51,693 - cache.redis - INFO - Foydalanuvchi 548 tizimga kirdi, sessiya 4f1496eb3036
2024-05-01 00:42:52,963 - api.auth - INFO - So'rov bajarildi: GET /api/v1/orders — 3821ms
2024-05-01 00:42:58,201 - api.orders - INFO - So'rov bajarildi: GET /login — 514ms
2024-05-01 00:42:59,088 - db.pool - INFO - Buyurtma yaratildi id=25796 summa=2885713.95
2024-05-01 00:43:00,685 - db.pool - INFO - Buyurtma yaratildi id=13518 summa=2312223.56
2024-05-01 00:43:10,081 - db.pool - INFO - Buyurtma yaratildi id=49495 summa=1090567.78
2024-05-01 00:43:18,765 - db.pool - WARN - Ulanishlar hovuzi 1618% to'lgan
2024-05-01 00:43:19,780 - api.auth - DEBUG - Cache hit key=user:406 ttl=2888s
2024-05-01 00:43:24,433 - db.pool - INFO - So'rov bajarildi: GET /api/v1/orders — 2864ms
2024-05-01 00:43:36,432 - cache.redis - INFO - So'rov bajarildi: POST /api/v1/users — 762ms
2024-05-01 00:43:38,845 - db.pool - INFO - So'rov bajarildi: POST /api/v1/orders — 3042ms
2024-05-01 00:43:42,282 - scheduler - INFO - So'rov bajarildi: GET /api/v1/orders — 385ms
2024-05-01 00:43:48,367 - api.orders - WARN - Ulanishlar hovuzi 3400% to'lgan
2024-05-01 00:44:08,524 - api.orders - INFO - So'rov bajarildi: GET /api/v1/users — 1255ms
2024-05-01 00:44:09,875 - payments.gateway - INFO - So'rov bajarildi: GET /login — 3764ms
2024-05-01 00:44:09,989 - api.orders - DEBUG - Cache hit key=user:254 ttl=1566s
2024-05-01 00:44:19,533 - cache.redis - INFO - So'rov bajarildi: POST /api/v1/orders — 3168ms
2024-05-01 00:44:37,979 - payments.gateway - INFO - So'rov bajarildi: POST /login — 2086ms
2024-05-01 00:45:03,162 - payments.gateway - WARN - Ulanishlar hovuzi 2590% to'lgan
2024-05-01 00:45:07,122 - api.orders - INFO - Buyurtma yaratildi id=26440 summa=1225923.64
2024-05-01 00:45:09,612 - payments.gateway - INFO - Foydalanuvchi 653 tizimga kirdi, sessiya 38eb3d9430f3
2024-05-01 00:45:23,252 - scheduler - INFO - So'rov bajarildi: GET /api/v1/users — 647ms
2024-05-01 00:45:46,834 - api.auth - DEBUG - Cache hit key=user:876 ttl=3146s
2024-05-01 00:45:53,086 - worker.email - ERROR - DB ulanishi uzildi: timeout after 3554ms host=db-99
2024-05-01 00:45:59,193 - api.orders - INFO - So'rov bajarildi: POST /api/v1/orders — 869ms
2024-05-01 00:46:02,355 - scheduler - ERROR - To'lov rad etildi order=68188 kod=INSUFFICIENT_FUNDS
2024-05-01 00:46:26,575 - api.orders - INFO - So'rov bajarildi: GET /api/v1/users — 2026ms
2024-05-01 00:46:36,670 - cache.redis - INFO - Foydalanuvchi 71 tizimga kirdi, sessiya a4f5eae0f9a3
2024-05-01 00:47:06,580 - worker.email - INFO - Foydalanuvchi 426 tizimga kirdi, sessiya a3a06bebc179
2024-05-01 00:47:15,537 - api.orders - INFO - So'rov bajarildi: GET /login — 163ms
2024-05-01 00:47:28,009 - api.orders - WARN - Ulanishlar hovuzi 3769% to'lgan
2024-05-01 00:47:29,024 - scheduler - DEBUG - Cache hit key=user:4 ttl=2005s
2024-05-01 00:47:41,921 - db.pool - INFO - So'rov bajarildi: GET /api/v1/orders — 233ms
2024-05-01 00:47:54,868 - cache.redis - INFO - Buyurtma yaratildi id=67424 summa=829493.31
2024-05-01 00:48:02,402 - scheduler - INFO - So'rov bajarildi: POST /api/v1/users — 216ms
2024-05-01 00:48:16,682 - api.auth - INFO - Foydalanuvchi 79 tizimga kirdi, sessiya 12b04c27c01c
2024-05-01 00:48:22,866 - worker.email - ERROR - To'lov rad etildi order=87825 kod=INSUFFICIENT_FUNDS
2024-05-01 00:48:51,033 - worker.email - INFO - So'rov bajarildi: POST /login — 1223ms
2024-05-01 00:48:52,474 - db.pool - INFO - Foydalanuvchi 823 tizimga kirdi, sessiya b901e475b881
2024-05-01 00:48:56,246 - cache.redis - INFO - So'rov bajarildi: POST /api/v1/orders — 379ms
2024-05-01 00:49:17,364 - scheduler - DEBUG - Cache hit key=user:301 ttl=4052s
2024-05-01 00:49:21,182 - worker.email - WARN - Sekin so'rov: /api/v1/orders 190ms chegaradan oshdi
2024-05-01 00:49:28,148 - api.orders - INFO - So'rov bajarildi: GET /api/v1/orders — 1615ms
2024-05-01 00:49:28,556 - api.auth - INFO - Foydalanuvchi 140 tizimga kirdi, sessiya e07ef94bb151
2024-05-01 00:49:33,553 - scheduler - INFO - So'rov bajarildi: GET /api/v1/users — 2720ms
2024-05-01 00:49:44,332 - worker.email - INFO - So'rov bajarildi: POST /api/v1/users — 2561ms
2024-05-01 00:49:45,441 - scheduler - INFO - Buyurtma yaratildi id=11943 summa=2303822.52
2024-05-01 00:50:01,175 - api.orders - INFO - Foydalanuvchi 661 tizimga kirdi, sessiya 12e8290c04cc
2024-05-01 00:50:07,213 - payments.gateway - ERROR - DB ulanishi uzildi: timeout after 3944ms host=db-824
2024-05-01 00:50:11,307 - scheduler - INFO - Foydalanuvchi 241 tizimga kirdi, sessiya 446ca2222e99
2024-05-01 00:50:21,388 - payments.gateway - DEBUG - Cache hit key=user:666 ttl=675s
2024-05-01 00:50:32,116 - worker.email - ERROR - DB ulanishi uzildi: timeout after 3132ms host=db-538
2024-05-01 00:50:33,731 - cache.redis - INFO - So'rov bajarildi: GET /login — 1566ms
2024-05-01 00:50:37,837 - worker.email - INFO - So'rov bajarildi: GET /login — 1682ms
2024-05-01 00:50:40,848 - cache.redis - DEBUG - Cache hit key=user:233 ttl=3540s
2024-05-01 00:50:40,920 - api.auth - INFO - Foydalanuvchi 504 tizimga kirdi, sessiya e5faddfda4dc
2024-05-01 00:50:41,981 - payments.gateway - DEBUG - Cache hit key=user:810 ttl=1181s
2024-05-01 00:50:47,769 - payments.gateway - INFO - Foydalanuvchi 562 tizimga kirdi, sessiya 476e54a1da45
2024-05-01 00:50:50,247 - api.orders - DEBUG - Cache hit key=user:390 ttl=3203s
2024-05-01 00:50:58,979 - payments.gateway - INFO - So'rov bajarildi: POST /api/v1/orders — 1979ms
2024-05-01 00:51:00,170 - api.orders - INFO - Foydalanuvchi 249 tizimga kirdi, sessiya 4e0888d84fbd
2024-05-01 00:51:01,915 - api.auth - INFO - So'rov bajarildi: POST /login — 3850ms
2024-05-01 00:51:02,916 - payments.gateway - INFO - So'rov bajarildi: GET /login — 2161ms
2024-05-01 00:51:04,819 - scheduler - INFO - So'rov bajarildi: POST /api/v1/orders — 3122ms
2024-05-01 00:51:06,067 - scheduler - INFO - Buyurtma yaratildi id=26200 summa=3005404.56
2024-05-01 00:51:07,280 - worker.email - INFO - So'rov bajarildi: GET /login — 3267ms
2024-05-01 00:51:15,766 - worker.email - INFO - So'rov bajarildi: POST /login — 230ms
2024-05-01 00:51:18,395 - cache.redis - WARN - Ulanishlar hovuzi 3651% to'lgan
2024-05-01 00:51:44,805 - payments.gateway - INFO - Buyurtma yaratildi id=89402 summa=130491.18
2024-05-01 00:51:57,336 - api.auth - DEBUG - Cache hit key=user:821 ttl=3311s
2024-05-01 00:51:59,373 - cache.redis - INFO - So'rov bajarildi: GET /login — 426ms
2024-05-01 00:52:08,244 - cache.redis - DEBUG - Cache hit key=user:311 ttl=2732s
2024-05-01 00:52:11,815 - worker.email - INFO - Foydalanuvchi 237 tizimga kirdi, sessiya 9605393b4f6b
2024-05-01 00:52:15,458 - payments.gateway - WARN - Sekin so'rov: /api/v1/users 469ms chegaradan oshdi
2024-05-01 00:52:24,288 - api.auth - WARN - Ulanishlar hovuzi 204% to'lgan
2024-05-01 00:52:32,123 - worker.email - INFO - Buyurtma yaratildi id=56771 summa=3391949.16
2024-05-01 00:52:39,215 - api.auth - INFO - Buyurtma yaratildi id=48934 summa=3710408.62
2024-05-01 00:52:43,494 - cache.redis - INFO - So'rov bajarildi: POST /login — 762ms
2024-05-01 00:52:44,986 - payments.gateway - INFO - So'rov bajarildi: POST /api/v1/orders — 1214ms
2024-05-01 00:52:47,463 - worker.email - DEBUG - Cache hit key=user:655 ttl=2401s
2024-05-01 00:52:50,942 - worker.email - INFO - Foydalanuvchi 439 tizimga kirdi, sessiya b8281cfd1b68
2024-05-01 00:53:12,332 - worker.email - ERROR - DB ulanishi uzildi: timeout after 1220ms host=db-5
2024-05-01 00:53:39,649 - api.auth - INFO - So'rov bajarildi: POST /login — 1866ms
2024-05-01 00:53:55,564 - api.orders - DEBUG - Cache hit key=user:1 ttl=3571s
2024-05-01 00:53:59,655 - worker.email - INFO - So'rov bajarildi: GET /login — 2863ms
2024-05-01 00:54:07,178 - db.pool - INFO - Foydalanuvchi 768 tizimga kirdi, sessiya f8fd20f97428
2024-05-01 00:54:16,223 - db.pool - ERROR - DB ulanishi uzildi: timeout after 2754ms host=db-840
2024-05-01 00:54:17,581 - api.orders - INFO - So'rov bajarildi: GET /api/v1/orders — 3192ms
2024-05-01 00:54:18,182 - scheduler - DEBUG - Cache hit key=user:741 ttl=2622s
2024-05-01 00:54:18,388 - api.auth - INFO - Foydalanuvchi 832 tizimga kirdi, sessiya 737b55469918
2024-05-01 00:54:19,522 - api.orders - WARN - Sekin so'rov: /api/v1/orders 884ms chegaradan oshdi
2024-05-01 00:54:36,556 - api.auth - INFO - So'rov bajarildi: GET /api/v1/orders — 69ms
2024-05-01 00:54:49,792 - db.pool - CRITICAL - Xizmat javob bermayapti: worker-772 qayta ishga tushirilmoqda
2024-05-01 00:54:54,374 - scheduler - INFO - So'rov bajarildi: POST /api/v1/orders — 1984ms
2024-05-01 00:55:00,137 - cache.redis - WARN - Ulanishlar hovuzi 20% to'lgan
2024-05-01 00:55:13,538 - worker.email - ERROR - DB ulanishi uzildi: timeout after 3223ms host=db-477
2024-05-01 00:55:15,174 - db.pool - DEBUG - Cache hit key=user:340 ttl=487s
2024-05-01 00:55:15,792 - api.orders - INFO - Buyurtma yaratildi id=38731 summa=1223406.14
2024-05-01 00:55:19,931 - db.pool - INFO - Foydalanuvchi 437 tizimga kirdi, sessiya c01a86b6729c
2024-05-01 00:55:41,833 - payments.gateway - INFO - So'rov bajarildi: POST /api/v1/orders — 3329ms
2024-05-01 00:55:44,163 - scheduler - INFO - Buyurtma yaratildi id=57903 summa=2223816.08
2024-05-01 00:55:49,233 - api.orders - DEBUG - Cache hit key=user:310 ttl=2964s
2024-05-01 00:55:51,575 - payments.gateway - CRITICAL - Xizmat javob bermayapti: worker-60 qayta ishga tushirilmoqda
2024-05-01 00:55:53,352 - payments.gateway - WARN - Ulanishlar hovuzi 1197% to'lgan
2024-05-01 00:56:00,075 - cache.redis - INFO - So'rov bajarildi: GET /login — 4198ms
2024-05-01 00:56:33,555 - api.orders - ERROR - To'lov rad etildi order=71800 kod=INSUFFICIENT_FUNDS
2024-05-01 00:56:48,828 - db.pool - ERROR - To'lov rad etildi order=93384 kod=INSUFFICIENT_FUNDS
2024-05-01 00:57:01,534 - worker.email - ERROR - To'lov rad etildi order=26375 kod=INSUFFICIENT_FUNDS
2024-05-01 00:57:04,411 - scheduler - INFO - Foydalanuvchi 432 tizimga kirdi, sessiya 170c874baf87
2024-05-01 00:57:07,414 - worker.email - WARN - Sekin so'rov: /api/v1/users 1484ms chegaradan oshdi
2024-05-01 00:57:08,397 - payments.gateway - INFO - Foydalanuvchi 36 tizimga kirdi, sessiya 9542b8a08fc0
2024-05-01 00:57:21,757 - api.auth - INFO - Buyurtma yaratildi id=61688 summa=3751740.18
2024-05-01 00:57:27,904 - api.auth - INFO - Foydalanuvchi 411 tizimga kirdi, sessiya 1f0e1482e3b3
2024-05-01 00:57:29,241 - scheduler - INFO - Foydalanuvchi 293 tizimga kirdi, sessiya 198fd153c57d
2024-05-01 00:57:34,378 - api.auth - ERROR - To'lov rad etildi order=91451 kod=INSUFFICIENT_FUNDS
2024-05-01 00:57:36,981 - api.orders - INFO - Foydalanuvchi 629 tizimga kirdi, sessiya a8419b9d0655
2024-05-01 00:57:39,400 - worker.email - INFO - So'rov bajarildi: POST /login — 653ms
2024-05-01 00:57:41,123 - cache.redis - DEBUG - Cache hit key=user:125 ttl=4101s
2024-05-01 00:57:49,161 - scheduler - ERROR - DB ulanishi uzildi: timeout after 2945ms host=db-454
2024-05-01 00:57:59,306 - cache.redis - DEBUG - Cache hit key=user:537 ttl=3800s
2024-05-01 00:58:09,408 - scheduler - DEBUG - Cache hit key=user:326 ttl=149s
2024-05-01 00:58:10,149 - api.orders - INFO - Foydalanuvchi 888 tizimga kirdi, sessiya 85a8e738ecc1
2024-05-01 00:58:11,792 - api.orders - INFO - So'rov bajarildi: POST /api/v1/orders — 3123ms
2024-05-01 00:58:11,805 - worker.email - WARN - Ulanishlar hovuzi 2605% to'lgan
2024-05-01 00:58:25,074 - db.pool - ERROR - DB ulanishi uzildi: timeout after 2353ms host=db-574
2024-05-01 00:58:47,557 - payments.gateway - INFO - Foydalanuvchi 504 tizimga kirdi, sessiya 8dd1d8837e25
2024-05-01 00:58:52,741 - payments.gateway - INFO - So'rov bajarildi: GET /api/v1/users — 3180ms
2024-05-01 00:58:57,812 - worker.email - INFO - Buyurtma yaratildi id=94580 summa=1304361.85
2024-05-01 00:59:17,800 - api.auth - CRITICAL - Xizmat javob bermayapti: worker-497 qayta ishga tushirilmoqda
2024-05-01 00:59:37,504 - payments.gateway - INFO - Buyurtma yaratildi id=30987 summa=2800851.33
2024-05-01 00:59:37,778 - db.pool - INFO - Foydalanuvchi 359 tizimga kirdi, sessiya c1c8b7a107f9
2024-05-01 00:59:48,014 - worker.email - INFO - So'rov bajarildi: POST /api/v1/users — 190ms
2024-05-01 00:59:57,427 - payments.gateway - INFO - Buyurtma yaratildi id=23554 summa=3593817.62
2024-05-01 01:00:06,705 - scheduler - WARN - Ulanishlar hovuzi 209% to'lgan
2024-05-01 01:00:18,081 - api.orders - INFO - Foydalanuvchi 143 tizimga kirdi, sessiya 41fc9165fa8b
2024-05-01 01:00:21,733 - api.orders - INFO - So'rov bajarildi: POST /login — 599ms
2024-05-01 01:00:30,216 - api.auth - INFO - Foydalanuvchi 630 tizimga kirdi, sessiya 49ae427eb9fb
2024-05-01 01:00:56,488 - payments.gateway - INFO - So'rov bajarildi: GET /api/v1/users — 3341ms
2024-05-01 01:00:57,496 - scheduler - DEBUG - Cache hit key=user:38 ttl=551s
2024-05-01 01:01:10,596 - scheduler - INFO - Foydalanuvchi 411 tizimga kirdi, sessiya 0a06d8102305
2024-05-01 01:01:17,265 - cache.redis - DEBUG - Cache hit key=user:702 ttl=424s
2024-05-01 01:01:20,994 - payments.gateway - INFO - Buyurtma yaratildi id=74318 summa=2602603.39
2024-05-01 01:01:22,378 - api.auth - WARN - Sekin so'rov: /api/v1/orders 838ms chegaradan oshdi
2024-05-01 01:01:26,246 - payments.gateway - DEBUG - Cache hit key=user:24 ttl=3290s
2024-05-01 01:01:35,034 - cache.redis - CRITICAL - Xizmat javob bermayapti: worker-64 qayta ishga tushirilmoqda
2024-05-01 01:01:54,314 - scheduler - INFO - Foydalanuvchi 319 tizimga kirdi, sessiya ae3583239664
2024-05-01 01:01:58,680 - worker.email - INFO - So'rov bajarildi: POST /api/v1/users — 3353ms
2024-05-01 01:02:04,891 - cache.redis - WARN - Sekin so'rov: /login 2432ms chegaradan oshdi
2024-05-01 01:02:06,178 - api.orders - INFO - So'rov bajarildi: GET /login — 3124ms
2024-05-01 01:02:08,572 - scheduler - INFO - So'rov bajarildi: GET /api/v1/orders — 432ms
2024-05-01 01:02:13,862 - api.orders - DEBUG - Cache hit key=user:517 ttl=2800s
2024-05-01 01:02:19,984 - payments.gateway - WARN - Sekin so'rov: /api/v1/users 2625ms chegaradan oshdi
2024-05-01 01:02:31,137 - payments.gateway - INFO - Foydalanuvchi 324 tizimga kirdi, sessiya cfc198310f88
2024-05-01 01:02:31,169 - worker.email - INFO - Buyurtma yaratildi id=96234 summa=3904812.69
2024-05-01 01:02:39,165 - api.auth - ERROR - To'lov rad etildi order=60058 kod=INSUFFICIENT_FUNDS
2024-05-01 01:02:52,322 - db.pool - INFO - Foydalanuvchi 891 tizimga kirdi, sessiya 9f71418abb93
2024-05-01 01:03:01,239 - scheduler - INFO - So'rov bajarildi: POST /api/v1/users — 3863ms
2024-05-01 01:03:07,213 - db.pool - DEBUG - Cache hit key=user:306 ttl=2771s
2024-05-01 01:03:20,370 - api.orders - INFO - So'rov bajarildi: POST /login — 896ms
2024-05-01 01:03:22,954 - scheduler - INFO - So'rov bajarildi: POST /api/v1/users — 540ms
2024-05-01 01:03:23,444 - db.pool - ERROR - DB ulanishi uzildi: timeout after 3912ms host=db-115
2024-05-01 01:03:53,237 - api.orders - INFO - Buyurtma yaratildi id=82045 summa=695606.89
2024-05-01 01:04:27,109 - api.orders - INFO - So'rov bajarildi: POST /api/v1/users — 2720ms
2024-05-01 01:04:32,838 - scheduler - DEBUG - Cache hit key=user:822 ttl=1281s
2024-05-01 01:04:51,193 - payments.gateway - DEBUG - Cache hit key=user:633 ttl=2596s
2024-05-01 01:04:57,695 - scheduler - INFO - Buyurtma yaratildi id=60644 summa=3497023.02
2024-05-01 01:05:25,622 - payments.gateway - DEBUG - Cache hit key=user:63 ttl=3881s
2024-05-01 01:05:43,099 - api.auth - INFO - Foydalanuvchi 151 tizimga kirdi, sessiya 0c811606530d
2024-05-01 01:05:50,174 - api.auth - INFO - Buyurtma yaratildi id=50713 summa=540343.92
2024-05-01 01:05:54,962 - db.pool - INFO - Buyurtma yaratildi id=96465 summa=2925749.39
2024-05-01 01:05:57,754 - worker.email - INFO - Foydalanuvchi 383 tizimga kirdi, sessiya 883f794ce70c
2024-05-01 01:06:05,059 - db.pool - ERROR - DB ulanishi uzildi: timeout after 481ms host=db-159
2024-05-01 01:06:15,405 - scheduler - DEBUG - Cache hit key=user:173 ttl=2351s
2024-05-01 01:06:22,369 - worker.email - INFO - So'rov bajarildi: POST /api/v1/orders — 2185ms
2024-05-01 01:06:23,272 - worker.email - INFO - Buyurtma yaratildi id=11702 summa=294147.88
2024-05-01 01:06:28,167 - api.orders - INFO - So'rov bajarildi: GET /api/v1/orders — 1511ms
2024-05-01 01:06:43,099 - payments.gateway - DEBUG - Cache hit key=user:740 ttl=3808s
2024-05-01 01:07:12,015 - scheduler - DEBUG - Cache hit key=user:518 ttl=1903s
2024-05-01 01:07:26,434 - scheduler - INFO - So'rov bajarildi: GET /api/v1/orders — 1032ms
2024-05-01 01:07:44,105 - payments.gateway - INFO - Foydalanuvchi 180 tizimga kirdi, sessiya 1066b1a1eb6e
2024-05-01 01:07:49,842 - api.auth - DEBUG - Cache hit key=user:293 ttl=2342s
2024-05-01 01:07:52,506 - cache.redis - ERROR - DB ulanishi uzildi: timeout after 3342ms host=db-107
2024-05-01 01:07:58,870 - worker.email - DEBUG - Cache hit key=user:650 ttl=3213s
2024-05-01 01:08:10,380 - cache.redis - INFO - So'rov bajarildi: POST /api/v1/users — 2603ms
2024-05-01 01:08:24,524 - payments.gateway - INFO - Foydalanuvchi 888 tizimga kirdi, sessiya 6a28f3a0e6d4
2024-05-01 01:08:30,953 - api.auth - INFO - So'rov bajarildi: GET /api/v1/orders — 688ms
2024-05-01 01:08:31,142 - api.auth - WARN - Ulanishlar hovuzi 1322% to'lgan
2024-05-01 01:08:33,929 - db.pool - DEBUG - Cache hit key=user:581 ttl=1586s
2024-05-01 01:08:50,621 - api.auth - INFO - Foydalanuvchi 747 tizimga kirdi, sessiya 9a062fad3468
2024-05-01 01:08:54,231 - cache.redis - DEBUG - Cache hit key=user:192 ttl=4165s
2024-05-01 01:08:54,360 - api.auth - CRITICAL - Xizmat javob bermayapti: worker-698 qayta ishga tushirilmoqda
2024-05-01 01:08:56,937 - db.pool - WARN - Sekin so'rov: /login 4057ms chegaradan oshdi
2024-05-01 01:09:09,429 - api.orders - DEBUG - Cache hit key=user:813 ttl=529s
2024-05-01 01:09:14,193 - db.pool - DEBUG - Cache hit key=user:849 ttl=2813s
2024-05-01 01:09:18,082 - api.orders - ERROR - DB ulanishi uzildi: timeout after 2950ms host=db-69
2024-05-01 01:09:20,479 - cache.redis - INFO - So'rov bajarildi: GET /login — 730ms
2024-05-01 01:09:27,326 - payments.gateway - DEBUG - Cache hit key=user:518 ttl=2977s
2024-05-01 01:09:28,803 - scheduler - INFO - So'rov bajarildi: GET /api/v1/users — 2288ms
2024-05-01 01:09:31,857 - scheduler - INFO - Foydalanuvchi 485 tizimga kirdi, sessiya 26607956bb82
2024-05-01 01:09:32,281 - api.orders - INFO - So'rov bajarildi: GET /login — 3155ms
2024-05-01 01:09:32,337 - worker.email - INFO - So'rov bajarildi: GET /api/v1/users — 2847ms
2024-05-01 01:09:32,434 - api.orders - INFO - Foydalanuvchi 689 tizimga kirdi, sessiya ac0dd2974aef
2024-05-01 01:09:52,793 - api.orders - DEBUG - Cache hit key=user:671 ttl=3626s
2024-05-01 01:10:29,076 - payments.gateway - INFO - So'rov bajarildi: POST /api/v1/users — 4051ms
2024-05-01 01:10:40,431 - cache.redis - WARN - Sekin so'rov: /login 1137ms chegaradan oshdi
2024-05-01 01:10:41,884 - worker.email - INFO - Buyurtma yaratildi id=47205 summa=1526328.82
2024-05-01 01:10:45,005 - cache.redis - INFO - So'rov bajarildi: GET /api/v1/orders — 1575ms
2024-05-01 01:11:05,592 - scheduler - CRITICAL - Xizmat javob bermayapti: worker-327 qayta ishga tushirilmoqda
2024-05-01 01:11:20,196 - db.pool - INFO - So'rov bajarildi: POST /login — 1905ms
2024-05-01 01:11:56,504 - cache.redis - DEBUG - Cache hit key=user:872 ttl=3304s
2024-05-01 01:12:04,762 - scheduler - WARN - Sekin so'rov: /api/v1/orders 2913ms chegaradan oshdi
2024-05-01 01:12:11,434 - api.orders - INFO - Foydalanuvchi 358 tizimga kirdi, sessiya 8b9a40a2db9b
2024-05-01 01:12:30,939 - payments.gateway - INFO - So'rov bajarildi: POST /login — 2291ms
2024-05-01 01:12:31,469 - scheduler - INFO - So'rov bajarildi: GET /api/v1/users — 1581ms
2024-05-01 01:12:58,588 - api.orders - INFO - So'rov bajarildi: POST /api/v1/users — 718ms
2024-05-01 01:13:02,013 - api.auth - DEBUG - Cache hit key=user:247 ttl=1910s
2024-05-01 01:13:09,133 - cache.redis - INFO - So'rov bajarildi: POST /login — 1140ms
2024-05-01 01:13:10,578 - api.auth - INFO - Buyurtma yaratildi id=31771 summa=2932178.89
2024-05-01 01:13:44,269 - api.orders - WARN - Ulanishlar hovuzi 517% to'lgan
2024-05-01 01:13:54,183 - cache.redis - INFO - Foydalanuvchi 596 tizimga kirdi, sessiya 70931ecdd674
2024-05-01 01:14:03,796 - cache.redis - INFO - Buyurtma yaratildi id=10752 summa=2026774.34
2024-05-01 01:14:06,182 - scheduler - ERROR - To'lov rad etildi order=18696 kod=INSUFFICIENT_FUNDS
2024-05-01 01:14:08,159 - scheduler - WARN - Ulanishlar hovuzi 4090% to'lgan
2024-05-01 01:14:13,261 - api.orders - INFO - Foydalanuvchi 809 tizimga kirdi, sessiya a2ddf8c9fa8d
2024-05-01 01:14:21,412 - api.auth - CRITICAL - Xizmat javob bermayapti: worker-754 qayta ishga tushirilmoqda
2024-05-01 01:14:26,036 - scheduler - INFO - Foydalanuvchi 145 tizimga kirdi, sessiya 4672014fa889
2024-05-01 01:14:42,444 - scheduler - INFO - Foydalanuvchi 754 tizimga kirdi, sessiya d0c7bcfe8637
2024-05-01 01:14:45,142 - api.orders - DEBUG - Cache hit key=user:403 ttl=541s
2024-05-01 01:14:59,457 - api.orders - ERROR - DB ulanishi uzildi: timeout after 373ms host=db-361
2024-05-01 01:15:01,417 - api.orders - DEBUG - Cache hit key=user:314 ttl=2739s
2024-05-01 01:15:06,514 - worker.email - WARN - Ulanishlar hovuzi 3857% to'lgan
2024-05-01 01:15:34,800 - scheduler - INFO - So'rov bajarildi: POST /api/v1/orders — 866ms
2024-05-01 01:15:35,624 - api.auth - INFO - So'rov bajarildi: POST /login — 3135ms
2024-05-01 01:15:36,956 - db.pool - INFO - Foydalanuvchi 77 tizimga kirdi, sessiya ec3739ac53fe
2024-05-01 01:16:00,772 - api.auth - ERROR - To'lov rad etildi order=86947 kod=INSUFFICIENT_FUNDS
2024-05-01 01:16:09,365 - scheduler - ERROR - DB ulanishi uzildi: timeout after 1218ms host=db-769
2024-05-01 01:16:13,541 - scheduler - ERROR - To'lov rad etildi order=50186 kod=INSUFFICIENT_FUNDS
2024-05-01 01:16:22,882 - cache.redis - INFO - So'rov bajarildi: GET /api/v1/users — 3929ms
2024-05-01 01:16:26,713 - payments.gateway - INFO - So'rov bajarildi: POST /api/v1/orders — 3060ms
2024-05-01 01:16:29,589 - payments.gateway - INFO - So'rov bajarildi: POST /api/v1/orders — 1657ms
2024-05-01 01:16:37,991 - db.pool - INFO - So'rov bajarildi: GET /api/v1/orders — 2543ms
2024-05-01 01:16:38,226 - api.auth - INFO - Foydalanuvchi 279 tizimga kirdi, sessiya 5eec666e93b8
2024-05-01 01:16:50,344 - cache.redis - INFO - Foydalanuvchi 421 tizimga kirdi, sessiya 06127ad3a18d
2024-05-01 01:16:53,466 - api.auth - INFO - So'rov bajarildi: GET /api/v1/users — 1926ms
2024-05-01 01:16:57,942 - worker.email - INFO - Buyurtma yaratildi id=66214 summa=3912266.55
2024-05-01 01:17:00,360 - db.pool - ERROR - DB ulanishi uzildi: timeout after 2168ms host=db-7
2024-05-01 01:17:01,829 - payments.gateway - DEBUG - Cache hit key=user:424 ttl=972s
2024-05-01 01:17:18,200 - worker.email - WARN - Ulanishlar hovuzi 4176% to'lgan
2024-05-01 01:17:50,190 - payments.gateway - INFO - So'rov bajarildi: POST /api/v1/users — 2886ms
2024-05-01 01:17:55,317 - db.pool - ERROR - DB ulanishi uzildi: timeout after 304ms host=db-330
2024-05-01 01:18:02,199 - scheduler - DEBUG - Cache hit key=user:826 ttl=3607s
2024-05-01 01:18:27,929 - cache.redis - WARN - Sekin so'rov: /api/v1/orders 1900ms chegaradan oshdi
2024-05-01 01:18:28,590 - worker.email - INFO - Foydalanuvchi 549 tizimga kirdi, sessiya 55788f052278
2024-05-01 01:18:30,196 - db.pool - INFO - Foydalanuvchi 782 tizimga kirdi, sessiya f1038312ebde
2024-05-01 01:18:35,112 - payments.gateway - INFO - So'rov bajarildi: GET /api/v1/orders — 651ms
2024-05-01 01:18:36,790 - worker.email - CRITICAL - Xizmat javob bermayapti: worker-575 qayta ishga tushirilmoqda
2024-05-01 01:18:41,563 - cache.redis - INFO - Foydalanuvchi 123 tizimga kirdi, sessiya 437c9d6df827
2024-05-01 01:18:45,044 - cache.redis - DEBUG - Cache hit key=user:858 ttl=1463s
2024-05-01 01:18:59,873 - api.auth - WARN - Sekin so'rov: /api/v1/orders 2746ms chegaradan oshdi
2024-05-01 01:19:41,400 - cache.redis - INFO - So'rov bajarildi: GET /api/v1/orders — 2723ms
2024-05-01 01:19:55,662 - cache.redis - INFO - Foydalanuvchi 469 tizimga kirdi, sessiya 7be0145ae073
2024-05-01 01:19:57,953 - scheduler - INFO - Buyurtma yaratildi id=51002 summa=3037538.05
2024-05-01 01:20:07,256 - cache.redis - INFO - Buyurtma yaratildi id=86745 summa=1537958.95
2024-05-01 01:20:11,706 - worker.email - DEBUG - Cache hit key=user:545 ttl=2653s
2024-05-01 01:20:13,332 - payments.gateway - INFO - So'rov bajarildi: POST /login — 1301ms
2024-05-01 01:20:31,040 - scheduler - INFO - Buyurtma yaratildi id=68948 summa=2586590.2
2024-05-01 01:20:35,599 - worker.email - DEBUG - Cache hit key=user:809 ttl=2459s
2024-05-01 01:21:03,538 - cache.redis - WARN - Ulanishlar hovuzi 549% to'lgan
2024-05-01 01:21:03,845 - api.orders - DEBUG - Cache hit key=user:27 ttl=945s
2024-05-01 01:21:05,255 - api.orders - ERROR - DB ulanishi uzildi: timeout after 3519ms host=db-191
2024-05-01 01:21:05,732 - worker.email - ERROR - DB ulanishi uzildi: timeout after 197ms host=db-808
2024-05-01 01:21:23,530 - scheduler - WARN - Sekin so'rov: /api/v1/users 3484ms chegaradan oshdi
2024-05-01 01:21:35,264 - worker.email - INFO - So'rov bajarildi: POST /api/v1/users — 1141ms
2024-05-01 01:21:45,183 - payments.gateway - INFO - Buyurtma yaratildi id=99543 summa=1363331.71
2024-05-01 01:22:21,645 - api.auth - WARN - Ulanishlar hovuzi 3776% to'lgan
2024-05-01 01:22:34,853 - worker.email - INFO - So'rov bajarildi: POST /api/v1/orders — 3082ms
2024-05-01 01:22:37,650 - cache.redis - INFO - Foydalanuvchi 851 tizimga kirdi, sessiya 876b6a2fa7bc
2024-05-01 01:22:43,254 - db.pool - INFO - So'rov bajarildi: POST /login — 874ms
2024-05-01 01:22:57,194 - payments.gateway - ERROR - To'lov rad etildi order=65857 kod=INSUFFICIENT_FUNDS
2024-05-01 01:23:01,514 - api.auth - INFO - So'rov bajarildi: GET /api/v1/users — 3946ms
2024-05-01 01:23:07,070 - scheduler - INFO - Foydalanuvchi 497 tizimga kirdi, sessiya 914d8be088ca
2024-05-01 01:23:09,879 - api.orders - INFO - So'rov bajarildi: POST /login — 4022ms
2024-05-01 01:23:23,740 - db.pool - ERROR - DB ulanishi uzildi: timeout after 1515ms host=db-767
2024-05-01 01:23:35,371 - worker.email - INFO - So'rov bajarildi: POST /login — 363ms
2024-05-01 01:23:38,303 - scheduler - CRITICAL - Xizmat javob bermayapti: worker-121 qayta ishga tushirilmoqda
2024-05-01 01:23:45,628 - cache.redis - INFO - Buyurtma yaratildi id=72508 summa=3649091.13
2024-05-01 01:23:46,493 - worker.email - INFO - Foydalanuvchi 738 tizimga kirdi, sessiya 31f4ba1395d7
2024-05-01 01:23:50,625 - cache.redis - INFO - So'rov bajarildi: POST /api/v1/users — 2614ms
2024-05-01 01:23:54,035 - api.orders - WARN - Sekin so'rov: /api/v1/users 165ms chegaradan oshdi
2024-05-01 01:24:04,458 - payments.gateway - ERROR - DB ulanishi uzildi: timeout after 1871ms host=db-413
2024-05-01 01:24:13,283 - api.orders - INFO - So'rov bajarildi: GET /api/v1/orders — 1867ms
2024-05-01 01:24:15,014 - cache.redis - INFO - So'rov bajarildi: POST /api/v1/orders — 18ms
2024-05-01 01:24:22,436 - api.auth - ERROR - DB ulanishi uzildi: timeout after 1467ms host=db-325
2024-05-01 01:24:26,735 - scheduler - INFO - Foydalanuvchi 676 tizimga kirdi, sessiya 1e4b6b4684ed
2024-05-01 01:24:32,963 - scheduler - INFO - Foydalanuvchi 171 tizimga kirdi, sessiya 863a00d6423d
2024-05-01 01:24:52,173 - payments.gateway - ERROR - DB ulanishi uzildi: timeout after 2842ms host=db-760
2024-05-01 01:24:57,086 - worker.email - WARN - Sekin so'rov: /api/v1/users 33ms chegaradan oshdi
2024-05-01 01:24:58,952 - db.pool - INFO - So'rov bajarildi: GET /login — 2624ms
2024-05-01 01:25:04,644 - cache.redis - INFO - So'rov bajarildi: GET /login — 933ms
2024-05-01 01:25:16,764 - cache.redis - CRITICAL - Xizmat javob bermayapti: worker-83 qayta ishga tushirilmoqda
2024-05-01 01:25:30,661 - scheduler - INFO - So'rov bajarildi: GET /login — 2378ms
2024-05-01 01:25:46,155 - worker.email - WARN - Sekin so'rov: /api/v1/users 530ms chegaradan oshdi
2024-05-01 01:25:49,617 - scheduler - CRITICAL - Xizmat javob bermayapti: worker-575 qayta ishga tushirilmoqda
2024-05-01 01:25:51,958 - worker.email - DEBUG - Cache hit key=user:533 ttl=4137s
2024-05-01 01:26:06,608 - scheduler - INFO - So'rov bajarildi: POST /login — 3257ms
2024-05-01 01:26:22,173 - scheduler - INFO - Buyurtma yaratildi id=48005 summa=2133583.98
2024-05-01 01:26:24,090 - scheduler - DEBUG - Cache hit key=user:339 ttl=2500s
2024-05-01 01:26:32,130 - api.orders - INFO - So'rov bajarildi: GET /api/v1/users — 650ms
2024-05-01 01:26:36,585 - db.pool - WARN - Ulanishlar hovuzi 1498% to'lgan
2024-05-01 01:26:38,133 - payments.gateway - INFO - Foydalanuvchi 37 tizimga kirdi, sessiya 37afef9f4c0b
2024-05-01 01:26:53,773 - cache.redis - WARN - Ulanishlar hovuzi 1115% to'lgan
2024-05-01 01:26:59,505 - api.auth - INFO - So'rov bajarildi: POST /api/v1/orders — 2469ms
2024-05-01 01:27:10,782 - api.orders - DEBUG - Cache hit key=user:797 ttl=2337s
2024-05-01 01:27:15,449 - cache.redis - INFO - So'rov bajarildi: POST /login — 3503ms
2024-05-01 01:27:25,546 - api.auth - WARN - Ulanishlar hovuzi 1906% to'lgan
2024-05-01 01:27:34,892 - api.orders - INFO - So'rov bajarildi: POST /api/v1/users — 3801ms
2024-05-01 01:27:38,845 - api.orders - INFO - So'rov bajarildi: POST /api/v1/orders — 1711ms
2024-05-01 01:27:42,629 - worker.email - ERROR - DB ulanishi uzildi: timeout after 679ms host=db-728
2024-05-01 01:27:43,895 - scheduler - INFO - So'rov bajarildi: POST /login — 2455ms
2024-05-01 01:27:56,448 - db.pool - INFO - So'rov bajarildi: GET /api/v1/users — 1677ms
2024-05-01 01:28:02,978 - payments.gateway - INFO - Foydalanuvchi 345 tizimga kirdi, sessiya 9650ebbde089
2024-05-01 01:28:09,375 - cache.redis - WARN - Ulanishlar hovuzi 2555% to'lgan
2024-05-01 01:28:15,757 - api.orders - INFO - So'rov bajarildi: POST /login — 449ms
2024-05-01 01:28:24,386 - worker.email - INFO - So'rov bajarildi: POST /login — 948ms
2024-05-01 01:28:28,158 - cache.redis - INFO - Foydalanuvchi 204 tizimga kirdi, sessiya b97a91c20636
2024-05-01 01:28:40,933 - worker.email - INFO - So'rov bajarildi: GET /api/v1/orders — 1933ms
2024-05-01 01:28:54,645 - payments.gateway - INFO - So'rov bajarildi: GET /login — 709ms
2024-05-01 01:29:01,989 - api.orders - INFO - So'rov bajarildi: POST /api/v1/orders — 1506ms
2024-05-01 01:29:02,003 - cache.redis - INFO - Buyurtma yaratildi id=38302 summa=417556.05
2024-05-01 01:29:19,209 - scheduler - WARN - Sekin so'rov: /api/v1/users 1073ms chegaradan oshdi
2024-05-01 01:29:24,924 - worker.email - INFO - Buyurtma yaratildi id=70876 summa=1460309.91
2024-05-01 01:29:27,503 - api.auth - DEBUG - Cache hit key=user:418 ttl=3931s
2024-05-01 01:30:01,521 - cache.redis - INFO - So'rov bajarildi: GET /login — 4085ms
2024-05-01 01:30:20,087 - scheduler - INFO - Buyurtma yaratildi id=23159 summa=2675178.72
2024-05-01 01:30:23,951 - scheduler - INFO - So'rov bajarildi: POST /api/v1/users — 315ms
2024-05-01 01:30:31,273 - payments.gateway - INFO - Foydalanuvchi 293 tizimga kirdi, sessiya 984b90126ce0
2024-05-01 01:30:57,626 - payments.gateway - INFO - Buyurtma yaratildi id=29249 summa=1440141.54
2024-05-01 01:30:58,770 - payments.gateway - INFO - Foydalanuvchi 891 tizimga kirdi, sessiya e27c5f92de74
2024-05-01 01:31:04,622 - cache.redis - INFO - Foydalanuvchi 822 tizimga kirdi, sessiya 8f11be954b92
2024-05-01 01:31:07,366 - cache.redis - WARN - Sekin so'rov: /api/v1/orders 2020ms chegaradan oshdi
2024-05-01 01:31:17,716 - api.auth - DEBUG - Cache hit key=user:857 ttl=4058s
2024-05-01 01:31:24,945 - db.pool - INFO - So'rov bajarildi: GET /api/v1/orders — 506ms
2024-05-01 01:32:05,881 - worker.email - ERROR - To'lov rad etildi order=35458 kod=INSUFFICIENT_FUNDS
2024-05-01 01:32:12,221 - api.orders - INFO - So'rov bajarildi: POST /api/v1/users — 31ms
2024-05-01 01:32:12,482 - scheduler - INFO - So'rov bajarildi: POST /api/v1/users — 2441ms
2024-05-01 01:32:19,317 - api.auth - ERROR - DB ulanishi uzildi: timeout after 1465ms host=db-135
2024-05-01 01:32:23,087 - api.orders - DEBUG - Cache hit key=user:880 ttl=687s
2024-05-01 01:32:24,159 - db.pool - DEBUG - Cache hit key=user:306 ttl=1633s
2024-05-01 01:32:27,077 - cache.redis - ERROR - DB ulanishi uzildi: timeout after 3924ms host=db-313
2024-05-01 01:32:31,814 - scheduler - INFO - So'rov bajarildi: GET /api/v1/users — 4094ms
2024-05-01 01:32:33,752 - api.auth - DEBUG - Cache hit key=user:654 ttl=2059s
2024-05-01 01:32:41,851 - api.auth - ERROR - To'lov rad etildi order=20926 kod=INSUFFICIENT_FUNDS
2024-05-01 01:32:50,123 - api.orders - INFO - Buyurtma yaratildi id=59803 summa=3495744.09
2024-05-01 01:32:55,625 - cache.redis - ERROR - DB ulanishi uzildi: timeout after 1112ms host=db-18
2024-05-01 01:33:21,208 - cache.redis - INFO - Foydalanuvchi 107 tizimga kirdi, sessiya e98cca38c9c7
2024-05-01 01:33:52,919 - worker.email - INFO - Foydalanuvchi 489 tizimga kirdi, sessiya fb2202b5e232
2024-05-01 01:33:55,189 - scheduler - ERROR - DB ulanishi uzildi: timeout after 3234ms host=db-665
2024-05-01 01:33:56,635 - worker.email - DEBUG - Cache hit key=user:366 ttl=3038s
2024-05-01 01:34:04,887 - worker.email - INFO - So'rov bajarildi: POST /api/v1/orders — 582ms
2024-05-01 01:34:05,543 - api.orders - INFO - Buyurtma yaratildi id=15633 summa=1259239.92
2024-05-01 01:34:23,684 - payments.gateway - INFO - Foydalanuvchi 706 tizimga kirdi, sessiya cf212beac04b
2024-05-01 01:34:43,622 - api.orders - DEBUG - Cache hit key=user:458 ttl=438s
2024-05-01 01:34:52,258 - payments.gateway - INFO - So'rov bajarildi: POST /login — 3546ms
2024-05-01 01:35:03,651 - cache.redis - INFO - So'rov bajarildi: GET /api/v1/users — 1162ms
2024-05-01 01:35:03,982 - api.orders - ERROR - DB ulanishi uzildi: timeout after 278ms host=db-104
2024-05-01 01:35:05,454 - scheduler - INFO - So'rov bajarildi: GET /login — 4118ms
2024-05-01 01:35:09,453 - worker.email - INFO - Buyurtma yaratildi id=14466 summa=3819740.0
2024-05-01 01:35:12,954 - db.pool - INFO - So'rov bajarildi: GET /api/v1/users — 2436ms
2024-05-01 01:35:13,396 - db.pool - INFO - So'rov bajarildi: POST /api/v1/orders — 2655ms
2024-05-01 01:35:13,807 - cache.redis - DEBUG - Cache hit key=user:488 ttl=694s
2024-05-01 01:35:15,297 - worker.email - ERROR - To'lov rad etildi order=47429 kod=INSUFFICIENT_FUNDS
2024-05-01 01:35:16,407 - payments.gateway - INFO - Foydalanuvchi 219 tizimga kirdi, sessiya cf5986da5789
2024-05-01 01:35:26,552 - scheduler - CRITICAL - Xizmat javob bermayapti: worker-312 qayta ishga tushirilmoqda
2024-05-01 01:35:27,453 - scheduler - INFO - Foydalanuvchi 408 tizimga kirdi, sessiya d93ec7934504
2024-05-01 01:35:32,869 - cache.redis - INFO - Foydalanuvchi 530 tizimga kirdi, sessiya 739b3491dca1
2024-05-01 01:35:35,344 - cache.redis - INFO - So'rov bajarildi: GET /api/v1/users — 918ms
2024-05-01 01:35:41,884 - worker.email - INFO - Foydalanuvchi 867 tizimga kirdi, sessiya f48214120185
2024-05-01 01:35:42,692 - api.auth - INFO - Buyurtma yaratildi id=26630 summa=2828720.05
2024-05-01 01:36:07,736 - db.pool - INFO - So'rov bajarildi: GET /api/v1/users — 3874ms
2024-05-01 01:36:54,764 - payments.gateway - INFO - Foydalanuvchi 877 tizimga kirdi, sessiya a4f5284d4c59
2024-05-01 01:36:56,124 - api.orders - WARN - Sekin so'rov: /api/v1/orders 3539ms chegaradan oshdi
2024-05-01 01:36:57,499 - scheduler - INFO - So'rov bajarildi: POST /login — 3289ms
2024-05-01 01:37:02,878 - worker.email - INFO - Foydalanuvchi 882 tizimga kirdi, sessiya fe9899ea2612
2024-05-01 01:37:15,703 - worker.email - WARN - Sekin so'rov: /api/v1/users 3206ms chegaradan oshdi
2024-05-01 01:37:43,885 - api.orders - INFO - Foydalanuvchi 457 tizimga kirdi, sessiya 5afd0c05c3b6
2024-05-01 01:37:51,922 - scheduler - INFO - Foydalanuvchi 616 tizimga kirdi, sessiya 228a16291f8b
2024-05-01 01:38:01,028 - db.pool - DEBUG - Cache hit key=user:740 ttl=2642s
2024-05-01 01:38:03,633 - api.auth - INFO - Foydalanuvchi 33 tizimga kirdi, sessiya aae0f720b431
2024-05-01 01:38:04,432 - scheduler - ERROR - DB ulanishi uzildi: timeout after 1568ms host=db-218
2024-05-01 01:38:09,914 - api.orders - INFO - Buyurtma yaratildi id=92627 summa=1665578.59
2024-05-01 01:38:19,046 - payments.gateway - INFO - Foydalanuvchi 535 tizimga kirdi, sessiya c04595b731f8
2024-05-01 01:38:21,496 - payments.gateway - INFO - Buyurtma yaratildi id=49631 summa=2697916.24
2024-05-01 01:38:54,323 - cache.redis - ERROR - DB ulanishi uzildi: timeout after 1997ms host=db-464
2024-05-01 01:39:20,284 - db.pool - WARN - Ulanishlar hovuzi 3876% to'lgan
2024-05-01 01:40:06,978 - api.orders - INFO - Foydalanuvchi 789 tizimga kirdi, sessiya f5b42207ea4b
2024-05-01 01:40:07,522 - scheduler - INFO - Foydalanuvchi 614 tizimga kirdi, sessiya 83ccd157539f
2024-05-01 01:40:07,821 - scheduler - INFO - Buyurtma yaratildi id=41811 summa=1203500.34
2024-05-01 01:40:14,350 - db.pool - INFO - Foydalanuvchi 747 tizimga kirdi, sessiya ef8885f4798b
2024-05-01 01:40:27,358 - db.pool - DEBUG - Cache hit key=user:60 ttl=361s
2024-05-01 01:40:30,286 - db.pool - INFO - So'rov bajarildi: POST /login — 2958ms
2024-05-01 01:40:39,078 - api.auth - WARN - Ulanishlar hovuzi 1026% to'lgan
2024-05-01 01:40:44,714 - worker.email - INFO - Buyurtma yaratildi id=50517 summa=3524479.25
2024-05-01 01:40:45,851 - api.orders - DEBUG - Cache hit key=user:645 ttl=2639s
2024-05-01 01:41:04,106 - api.orders - INFO - So'rov bajarildi: POST /api/v1/users — 3275ms
2024-05-01 01:41:07,084 - api.auth - WARN - Sekin so'rov: /api/v1/orders 2906ms chegaradan oshdi
2024-05-01 01:41:27,638 - worker.email - INFO - Foydalanuvchi 549 tizimga kirdi, sessiya eadfdcc26853
2024-05-01 01:41:33,668 - worker.email - INFO - So'rov bajarildi: GET /login — 534ms
2024-05-01 01:41:35,118 - db.pool - CRITICAL - Xizmat javob bermayapti: worker-599 qayta ishga tushirilmoqda
2024-05-01 01:41:49,540 - payments.gateway - INFO - Foydalanuvchi 565 tizimga kirdi, sessiya 708f76820d32
2024-05-01 01:41:51,874 - db.pool - INFO - Buyurtma yaratildi id=89393 summa=760182.05
2024-05-01 01:42:10,308 - payments.gateway - INFO - So'rov bajarildi: POST /login — 1469ms
2024-05-01 01:42:27,164 - scheduler - INFO - Buyurtma yaratildi id=34006 summa=1682305.22
2024-05-01 01:42:31,645 - api.orders - INFO - Buyurtma yaratildi id=75715 summa=3801381.71
2024-05-01 01:42:38,069 - worker.email - INFO - Buyurtma yaratildi id=25789 summa=1006866.7
2024-05-01 01:42:52,038 - scheduler - INFO - Foydalanuvchi 19 tizimga kirdi, sessiya 5d197064ea9a
2024-05-01 01:42:56,087 - worker.email - WARN - Sekin so'rov: /login 2724ms chegaradan oshdi
2024-05-01 01:42:59,228 - cache.redis - INFO - Foydalanuvchi 265 tizimga kirdi, sessiya d43f5b9b1b2a
2024-05-01 01:43:12,464 - api.auth - WARN - Ulanishlar hovuzi 3059% to'lgan
2024-05-01 01:43:14,390 - worker.email - INFO - So'rov bajarildi: GET /api/v1/users — 1128ms
2024-05-01 01:43:22,261 - cache.redis - CRITICAL - Xizmat javob bermayapti: worker-525 qayta ishga tushirilmoqda
2024-05-01 01:43:30,187 - db.pool - INFO - So'rov bajarildi: GET /api/v1/users — 3162ms
2024-05-01 01:43:31,867 - worker.email - ERROR - DB ulanishi uzildi: timeout after 3830ms host=db-734
2024-05-01 01:43:33,472 - cache.redis - INFO - Foydalanuvchi 304 tizimga kirdi, sessiya 961bcaebe43d
2024-05-01 01:43:39,731 - cache.redis - WARN - Sekin so'rov: /login 661ms chegaradan oshdi
2024-05-01 01:43:41,185 - scheduler - DEBUG - Cache hit key=user:69 ttl=489s
2024-05-01 01:43:42,987 - db.pool - INFO - So'rov bajarildi: GET /login — 1728ms
2024-05-01 01:43:58,929 - api.auth - INFO - Buyurtma yaratildi id=77204 summa=414655.17
2024-05-01 01:43:58,978 - worker.email - INFO - Foydalanuvchi 738 tizimga kirdi, sessiya a9aaef5df0ee
2024-05-01 01:44:17,933 - api.orders - INFO - Foydalanuvchi 51 tizimga kirdi, sessiya 160712a986e1
2024-05-01 01:45:13,675 - api.orders - WARN - Sekin so'rov: /login 2579ms chegaradan oshdi
2024-05-01 01:45:16,768 - worker.email - INFO - Foydalanuvchi 720 tizimga kirdi, sessiya f3a401582783
2024-05-01 01:45:21,266 - db.pool - CRITICAL - Xizmat javob bermayapti: worker-747 qayta ishga tushirilmoqda
2024-05-01 01:45:24,536 - db.pool - WARN - Sekin so'rov: /login 288ms chegaradan oshdi
2024-05-01 01:45:33,990 - cache.redis - INFO - So'rov bajarildi: POST /api/v1/orders — 257ms
2024-05-01 01:45:39,255 - scheduler - DEBUG - Cache hit key=user:498 ttl=1006s
2024-05-01 01:45:45,276 - payments.gateway - CRITICAL - Xizmat javob bermayapti: worker-787 qayta ishga tushirilmoqda
2024-05-01 01:45:59,029 - cache.redis - INFO - So'rov bajarildi: POST /api/v1/orders — 3474ms
2024-05-01 01:46:08,879 - payments.gateway - DEBUG - Cache hit key=user:147 ttl=1485s
2024-05-01 01:46:42,461 - cache.redis - INFO - So'rov bajarildi: GET /api/v1/orders — 3644ms
2024-05-01 01:46:43,536 - api.auth - INFO - So'rov bajarildi: POST /login — 3238ms
2024-05-01 01:46:46,542 - cache.redis - DEBUG - Cache hit key=user:106 ttl=2029s
2024-05-01 01:46:55,626 - db.pool - INFO - Foydalanuvchi 96 tizimga kirdi, sessiya dfa2baa8b373
2024-05-01 01:47:02,218 - db.pool - CRITICAL - Xizmat javob bermayapti: worker-141 qayta ishga tushirilmoqda
2024-05-01 01:47:02,964 - db.pool - INFO - Buyurtma yaratildi id=19416 summa=3948087.08
2024-05-01 01:47:15,430 - api.orders - INFO - So'rov bajarildi: POST /login — 1503ms
2024-05-01 01:47:32,080 - db.pool - INFO - So'rov bajarildi: GET /login — 3569ms
2024-05-01 01:47:40,004 - cache.redis - DEBUG - Cache hit key=user:745 ttl=2001s
2024-05-01 01:47:55,515 - scheduler - WARN - Sekin so'rov: /login 357ms chegaradan oshdi
2024-05-01 01:47:56,113 - api.orders - INFO - Foydalanuvchi 466 tizimga kirdi, sessiya bbb938b04cf8
2024-05-01 01:47:57,286 - db.pool - INFO - So'rov bajarildi: POST /api/v1/orders — 1467ms
2024-05-01 01:48:42,718 - api.orders - INFO - Foydalanuvchi 182 tizimga kirdi, sessiya c075a656cff3
2024-05-01 01:49:15,895 - db.pool - INFO - So'rov bajarildi: GET /api/v1/orders — 1638ms
2024-05-01 01:49:17,450 - scheduler - INFO - Buyurtma yaratildi id=79192 summa=2761621.94
2024-05-01 01:49:22,237 - worker.email - ERROR - DB ulanishi uzildi: timeout after 1473ms host=db-165
2024-05-01 01:49:33,025 - api.orders - INFO - Foydalanuvchi 440 tizimga kirdi, sessiya 317945d952f4
2024-05-01 01:49:38,186 - scheduler - INFO - Foydalanuvchi 439 tizimga kirdi, sessiya c97a848d0f57
2024-05-01 01:49:44,072 - api.auth - INFO - Buyurtma yaratildi id=40858 summa=2644669.74
2024-05-01 01:49:44,927 - db.pool - WARN - Sekin so'rov: /api/v1/users 2122ms chegaradan oshdi
2024-05-01 01:50:09,941 - api.auth - INFO - Foydalanuvchi 161 tizimga kirdi, sessiya 09e6685e43eb
2024-05-01 01:50:35,686 - api.orders - WARN - Sekin so'rov: /api/v1/users 2869ms chegaradan oshdi
2024-05-01 01:51:23,954 - worker.email - INFO - Buyurtma yaratildi id=78432 summa=3981460.01
2024-05-01 01:51:35,198 - worker.email - INFO - So'rov bajarildi: POST /api/v1/orders — 2310ms
2024-05-01 01:51:40,402 - cache.redis - INFO - Foydalanuvchi 536 tizimga kirdi, sessiya 144b2b97b6a2
2024-05-01 01:51:58,725 - db.pool - INFO - So'rov bajarildi: POST /api/v1/orders — 4009ms
2024-05-01 01:52:18,199 - db.pool - INFO - Buyurtma yaratildi id=53508 summa=2305755.67
2024-05-01 01:52:19,568 - cache.redis - DEBUG - Cache hit key=user:756 ttl=1508s
2024-05-01 01:52:27,101 - payments.gateway - WARN - Sekin so'rov: /api/v1/users 1242ms chegaradan oshdi
2024-05-01 01:52:27,872 - scheduler - INFO - Buyurtma yaratildi id=81660 summa=57468.7
2024-05-01 01:52:37,769 - db.pool - INFO - Foydalanuvchi 342 tizimga kirdi, sessiya 183817237d5e
2024-05-01 01:52:41,745 - payments.gateway - INFO - So'rov bajarildi: GET /login — 679ms
2024-05-01 01:52:44,214 - db.pool - DEBUG - Cache hit key=user:18 ttl=2470s
2024-05-01 01:52:49,102 - worker.email - INFO - So'rov bajarildi: POST /api/v1/users — 2228ms
2024-05-01 01:52:51,000 - cache.redis - DEBUG - Cache hit key=user:525 ttl=475s
2024-05-01 01:52:54,857 - payments.gateway - DEBUG - Cache hit key=user:252 ttl=260s
2024-05-01 01:52:54,995 - worker.email - WARN - Sekin so'rov: /api/v1/orders 421ms chegaradan oshdi
2024-05-01 01:53:01,278 - worker.email - INFO - Buyurtma yaratildi id=91586 summa=2505380.89
2024-05-01 01:53:08,686 - api.orders - INFO - Foydalanuvchi 127 tizimga kirdi, sessiya f0b4b54eeded
2024-05-01 01:53:34,319 - api.orders - INFO - So'rov bajarildi: GET /api/v1/orders — 14ms
2024-05-01 01:53:37,131 - api.auth - INFO - So'rov bajarildi: GET /login — 2867ms
2024-05-01 01:53:39,142 - api.orders - INFO - So'rov bajarildi: POST /api/v1/users — 1066ms
2024-05-01 01:53:51,440 - payments.gateway - CRITICAL - Xizmat javob bermayapti: worker-397 qayta ishga tushirilmoqda
2024-05-01 01:53:55,320 - cache.redis - INFO - So'rov bajarildi: POST /api/v1/users — 3098ms
2024-05-01 01:54:02,206 - payments.gateway - INFO - Foydalanuvchi 402 tizimga kirdi, sessiya 16c639a9ce87
2024-05-01 01:54:07,324 - worker.email - INFO - Foydalanuvchi 362 tizimga kirdi, sessiya e0d60ec6b7dd
2024-05-01 01:54:19,784 - api.auth - INFO - Foydalanuvchi 305 tizimga kirdi, sessiya dc5b9867c0bc
2024-05-01 01:54:36,720 - api.orders - DEBUG - Cache hit key=user:868 ttl=1389s
2024-05-01 01:54:40,471 - worker.email - ERROR - To'lov rad etildi order=89175 kod=INSUFFICIENT_FUNDS
2024-05-01 01:54:46,678 - api.auth - INFO - So'rov bajarildi: POST /api/v1/users — 2398ms
2024-05-01 01:54:47,823 - worker.email - INFO - So'rov bajarildi: POST /login — 2314ms
2024-05-01 01:54:58,488 - worker.email - WARN - Ulanishlar hovuzi 1171% to'lgan
2024-05-01 01:55:04,630 - payments.gateway - DEBUG - Cache hit key=user:650 ttl=3885s
2024-05-01 01:55:15,361 - scheduler - WARN - Sekin so'rov: /login 961ms chegaradan oshdi
2024-05-01 01:55:22,938 - db.pool - WARN - Sekin so'rov: /api/v1/users 1143ms chegaradan oshdi
2024-05-01 01:55:24,032 - worker.email - WARN - Sekin so'rov: /api/v1/orders 2272ms chegaradan oshdi
2024-05-01 01:55:38,706 - api.orders - INFO - Foydalanuvchi 500 tizimga kirdi, sessiya 683d051d4bba
2024-05-01 01:55:48,960 - payments.gateway - ERROR - DB ulanishi uzildi: timeout after 2816ms host=db-759
2024-05-01 01:55:59,356 - scheduler - INFO - Foydalanuvchi 763 tizimga kirdi, sessiya bec494bdc866
2024-05-01 01:56:02,707 - worker.email - ERROR - DB ulanishi uzildi: timeout after 275ms host=db-203
2024-05-01 01:56:18,991 - cache.redis - INFO - So'rov bajarildi: POST /login — 2943ms
2024-05-01 01:56:19,275 - db.pool - INFO - So'rov bajarildi: GET /api/v1/users — 3355ms
2024-05-01 01:56:45,864 - worker.email - INFO - Foydalanuvchi 427 tizimga kirdi, sessiya b065b2e3f0cf
2024-05-01 01:56:53,272 - api.auth - INFO - So'rov bajarildi: GET /api/v1/users — 3560ms
2024-05-01 01:56:53,686 - api.auth - INFO - Foydalanuvchi 92 tizimga kirdi, sessiya 3c1bd315f3ad
2024-05-01 01:57:01,726 - api.auth - DEBUG - Cache hit key=user:409 ttl=3559s
2024-05-01 01:57:03,496 - cache.redis - INFO - Buyurtma yaratildi id=48875 summa=1049230.53
2024-05-01 01:57:08,035 - payments.gateway - DEBUG - Cache hit key=user:426 ttl=3557s
2024-05-01 01:57:08,910 - db.pool - INFO - So'rov bajarildi: POST /login — 264ms
2024-05-01 01:57:27,108 - db.pool - INFO - Foydalanuvchi 563 tizimga kirdi, sessiya 79397b18ee7a
2024-05-01 01:57:33,773 - db.pool - INFO - Buyurtma yaratildi id=13810 summa=710970.15
2024-05-01 01:57:49,548 - worker.email - ERROR - DB ulanishi uzildi: timeout after 3179ms host=db-605
2024-05-01 01:57:50,113 - payments.gateway - INFO - Foydalanuvchi 202 tizimga kirdi, sessiya 9f47a43022bd
2024-05-01 01:57:50,350 - cache.redis - INFO - So'rov bajarildi: POST /login — 3601ms
2024-05-01 01:57:59,305 - api.auth - ERROR - To'lov rad etildi order=66796 kod=INSUFFICIENT_FUNDS
2024-05-01 01:58:00,230 - scheduler - INFO - Foydalanuvchi 101 tizimga kirdi, sessiya 7a104cf48140
2024-05-01 01:58:24,237 - db.pool - DEBUG - Cache hit key=user:658 ttl=2094s
2024-05-01 01:58:33,750 - worker.email - CRITICAL - Xizmat javob bermayapti: worker-706 qayta ishga tushirilmoqda
2024-05-01 01:58:40,344 - api.auth - INFO - Buyurtma yaratildi id=35931 summa=1097005.08
2024-05-01 01:59:15,985 - scheduler - DEBUG - Cache hit key=user:707 ttl=1796s
2024-05-01 01:59:38,687 - api.orders - INFO - So'rov bajarildi: GET /api/v1/users — 3867ms
2024-05-01 01:59:58,193 - db.pool - WARN - Ulanishlar hovuzi 3897% to'lgan
2024-05-01 02:00:07,737 - worker.email - DEBUG - Cache hit key=user:368 ttl=2092s
2024-05-01 02:00:16,769 - api.orders - INFO - Foydalanuvchi 813 tizimga kirdi, sessiya 7cb7b8d161a6
2024-05-01 02:00:17,422 - payments.gateway - DEBUG - Cache hit key=user:196 ttl=1930s
2024-05-01 02:00:20,123 - cache.redis - INFO - Foydalanuvchi 392 tizimga kirdi, sessiya 2fc1f3b7db2b
2024-05-01 02:00:23,747 - cache.redis - INFO - So'rov bajarildi: GET /login — 1786ms
2024-05-01 02:00:42,857 - api.orders - INFO - Foydalanuvchi 90 tizimga kirdi, sessiya ea5a51d81374
2024-05-01 02:00:43,079 - payments.gateway - WARN - Sekin so'rov: /login 3145ms chegaradan oshdi
2024-05-01 02:00:45,201 - api.auth - ERROR - To'lov rad etildi order=63995 kod=INSUFFICIENT_FUNDS
2024-05-01 02:00:45,261 - worker.email - CRITICAL - Xizmat javob bermayapti: worker-805 qayta ishga tushirilmoqda
2024-05-01 02:00:49,225 - db.pool - INFO - Foydalanuvchi 332 tizimga kirdi, sessiya 8d19bc6bf57d
2024-05-01 02:00:52,559 - api.orders - INFO - Buyurtma yaratildi id=13055 summa=684664.34
2024-05-01 02:00:59,099 - api.orders - INFO - So'rov bajarildi: GET /api/v1/orders — 761ms
2024-05-01 02:01:14,896 - payments.gateway - INFO - So'rov bajarildi: GET /login — 4183ms
2024-05-01 02:01:28,087 - db.pool - ERROR - DB ulanishi uzildi: timeout after 1804ms host=db-528
2024-05-01 02:01:28,098 - scheduler - INFO - Buyurtma yaratildi id=49490 summa=399510.39
2024-05-01 02:01:29,291 - worker.email - INFO - Foydalanuvchi 815 tizimga kirdi, sessiya 72381b4413b0
2024-05-01 02:01:41,627 - scheduler - DEBUG - Cache hit key=user:817 ttl=1918s
2024-05-01 02:01:56,617 - cache.redis - INFO - Buyurtma yaratildi id=57628 summa=2528100.82
2024-05-01 02:02:15,645 - cache.redis - DEBUG - Cache hit key=user:642 ttl=2212s
2024-05-01 02:02:16,886 - scheduler - INFO - So'rov bajarildi: GET /api/v1/users — 1268ms
2024-05-01 02:02:19,423 - scheduler - WARN - Ulanishlar hovuzi 2104% to'lgan
2024-05-01 02:02:19,624 - cache.redis - CRITICAL - Xizmat javob bermayapti: worker-160 qayta ishga tushirilmoqda
2024-05-01 02:02:31,628 - api.auth - INFO - Foydalanuvchi 566 tizimga kirdi, sessiya 5fe17cd70a10
2024-05-01 02:02:32,568 - api.orders - INFO - Foydalanuvchi 674 tizimga kirdi, sessiya 3d3ea6fbcb55
2024-05-01 02:02:49,174 - api.auth - INFO - Buyurtma yaratildi id=49622 summa=2367940.44
2024-05-01 02:02:55,571 - db.pool - INFO - Buyurtma yaratildi id=35349 summa=695912.81
2024-05-01 02:03:17,319 - api.auth - INFO - Foydalanuvchi 335 tizimga kirdi, sessiya 468163625759
2024-05-01 02:03:23,073 - worker.email - INFO - Buyurtma yaratildi id=15408 summa=3398392.76
2024-05-01 02:03:39,875 - cache.redis - INFO - Foydalanuvchi 717 tizimga kirdi, sessiya e1246c980155
2024-05-01 02:03:43,746 - api.orders - INFO - So'rov bajarildi: GET /api/v1/users — 2203ms
2024-05-01 02:03:44,689 - db.pool - INFO - So'rov bajarildi: GET /api/v1/users — 3832ms
2024-05-01 02:03:45,422 - payments.gateway - INFO - So'rov bajarildi: POST /api/v1/users — 3754ms
2024-05-01 02:03:47,116 - worker.email - INFO - So'rov bajarildi: GET /api/v1/orders — 3045ms
2024-05-01 02:03:53,645 - worker.email - INFO - So'rov bajarildi: GET /login — 709ms
2024-05-01 02:03:59,300 - api.orders - DEBUG - Cache hit key=user:841 ttl=2831s
2024-05-01 02:04:08,617 - payments.gateway - INFO - Buyurtma yaratildi id=44095 summa=2803727.98
2024-05-01 02:04:29,322 - worker.email - INFO - So'rov bajarildi: GET /login — 924ms
2024-05-01 02:04:36,849 - payments.gateway - INFO - So'rov bajarildi: POST /api/v1/orders — 171ms
2024-05-01 02:04:37,607 - payments.gateway - WARN - Ulanishlar hovuzi 3625% to'lgan
2024-05-01 02:04:39,619 - api.orders - INFO - So'rov bajarildi: POST /api/v1/orders — 3946ms
2024-05-01 02:04:39,631 - db.pool - INFO - Foydalanuvchi 135 tizimga kirdi, sessiya a341ee599431
2024-05-01 02:04:45,051 - payments.gateway - INFO - Foydalanuvchi 777 tizimga kirdi, sessiya 02a1dd3b5897
2024-05-01 02:04:57,279 - scheduler - INFO - Foydalanuvchi 156 tizimga kirdi, sessiya 7180bafb710c
2024-05-01 02:04:57,469 - scheduler - INFO - So'rov bajarildi: GET /login — 3515ms
2024-05-01 02:05:00,334 - cache.redis - INFO - So'rov bajarildi: POST /api/v1/orders — 3227ms
2024-05-01 02:05:28,375 - api.orders - INFO - Foydalanuvchi 236 tizimga kirdi, sessiya d47e7e33c0cb
2024-05-01 02:05:33,142 - payments.gateway - INFO - Foydalanuvchi 349 tizimga kirdi, sessiya 6254995af825
2024-05-01 02:05:40,213 - payments.gateway - DEBUG - Cache hit key=user:679 ttl=1174s
2024-05-01 02:06:03,534 - payments.gateway - INFO - So'rov bajarildi: GET /login — 2998ms
2024-05-01 02:06:06,951 - db.pool - INFO - Foydalanuvchi 819 tizimga kirdi, sessiya 99fd9c4d0004
2024-05-01 02:06:12,593 - api.orders - INFO - So'rov bajarildi: POST /api/v1/orders — 2532ms
2024-05-01 02:06:14,950 - payments.gateway - WARN - Ulanishlar hovuzi 618% to'lgan
2024-05-01 02:06:18,119 - cache.redis - WARN - Sekin so'rov: /api/v1/orders 2222ms chegaradan oshdi
2024-05-01 02:06:26,206 - cache.redis - INFO - So'rov bajarildi: POST /api/v1/orders — 2990ms
2024-05-01 02:06:39,963 - db.pool - INFO - Buyurtma yaratildi id=74082 summa=3483958.19
2024-05-01 02:06:44,177 - api.orders - INFO - So'rov bajarildi: GET /api/v1/users — 3131ms
2024-05-01 02:06:54,651 - db.pool - INFO - So'rov bajarildi: GET /api/v1/users — 1768ms
2024-05-01 02:06:59,597 - api.orders - WARN - Sekin so'rov: /api/v1/orders 564ms chegaradan oshdi
2024-05-01 02:07:06,374 - api.orders - INFO - Buyurtma yaratildi id=40923 summa=2379264.64
2024-05-01 02:07:25,741 - db.pool - ERROR - DB ulanishi uzildi: timeout after 147ms host=db-312
2024-05-01 02:07:25,798 - api.orders - ERROR - DB ulanishi uzildi: timeout after 390ms host=db-807
2024-05-01 02:07:36,698 - api.auth - WARN - Sekin so'rov: /api/v1/orders 2235ms chegaradan oshdi
2024-05-01 02:07:52,706 - db.pool - INFO - So'rov bajarildi: POST /api/v1/users — 504ms
2024-05-01 02:07:52,885 - cache.redis - ERROR - DB ulanishi uzildi: timeout after 3092ms host=db-775
2024-05-01 02:08:18,248 - db.pool - INFO - So'rov bajarildi: POST /api/v1/orders — 1477ms
2024-05-01 02:08:25,386 - payments.gateway - ERROR - To'lov rad etildi order=81240 kod=INSUFFICIENT_FUNDS
2024-05-01 02:08:26,750 - scheduler - INFO - So'rov bajarildi: GET /login — 3023ms
2024-05-01 02:08:36,675 - payments.gateway - WARN - Sekin so'rov: /api/v1/orders 1247ms chegaradan oshdi
2024-05-01 02:08:39,066 - cache.redis - INFO - So'rov bajarildi: GET /api/v1/orders — 3408ms
2024-05-01 02:08:42,828 - db.pool - INFO - Foydalanuvchi 366 tizimga kirdi, sessiya dcfc17ee6731
2024-05-01 02:08:44,179 - db.pool - INFO - So'rov bajarildi: GET /login — 1964ms
2024-05-01 02:08:56,160 - api.orders - WARN - Sekin so'rov: /api/v1/orders 3627ms chegaradan oshdi
2024-05-01 02:08:59,041 - api.orders - INFO - So'rov bajarildi: POST /api/v1/orders — 1798ms
2024-05-01 02:09:05,990 - db.pool - INFO - Foydalanuvchi 823 tizimga kirdi, sessiya 30f1782c92d2
2024-05-01 02:09:12,332 - worker.email - DEBUG - Cache hit key=user:294 ttl=1832s
2024-05-01 02:09:20,495 - payments.gateway - INFO - Buyurtma yaratildi id=80339 summa=1843333.26
2024-05-01 02:09:26,747 - cache.redis - INFO - Foydalanuvchi 428 tizimga kirdi, sessiya dc5469d8e616
2024-05-01 02:09:30,509 - cache.redis - WARN - Sekin so'rov: /login 130ms chegaradan oshdi
2024-05-01 02:09:51,987 - payments.gateway - INFO - Buyurtma yaratildi id=61158 summa=861733.99
2024-05-01 02:09:59,453 - worker.email - INFO - So'rov bajarildi: POST /login — 1255ms
2024-05-01 02:09:59,550 - api.auth - INFO - Buyurtma yaratildi id=79500 summa=3355824.75
2024-05-01 02:10:05,440 - worker.email - INFO - So'rov bajarildi: POST /login — 786ms
2024-05-01 02:10:07,812 - worker.email - ERROR - To'lov rad etildi order=84870 kod=INSUFFICIENT_FUNDS
2024-05-01 02:10:08,443 - payments.gateway - WARN - Sekin so'rov: /api/v1/users 4088ms chegaradan oshdi
2024-05-01 02:10:20,844 - payments.gateway - WARN - Ulanishlar hovuzi 1512% to'lgan
2024-05-01 02:10:24,125 - worker.email - ERROR - DB ulanishi uzildi: timeout after 3920ms host=db-734
2024-05-01 02:10:26,890 - worker.email - WARN - Ulanishlar hovuzi 1920% to'lgan
2024-05-01 02:10:29,703 - scheduler - INFO - So'rov bajarildi: POST /api/v1/users — 1072ms
2024-05-01 02:10:33,255 - cache.redis - INFO - Foydalanuvchi 882 tizimga kirdi, sessiya 162527c407ad
2024-05-01 02:10:34,597 - api.auth - INFO - So'rov bajarildi: POST /login — 3377ms
2024-05-01 02:10:37,435 - cache.redis - INFO - So'rov bajarildi: POST /api/v1/orders — 48ms
2024-05-01 02:10:38,038 - api.auth - INFO - Buyurtma yaratildi id=36636 summa=2646042.63
2024-05-01 02:10:45,994 - api.auth - INFO - So'rov bajarildi: POST /api/v1/orders — 2780ms
2024-05-01 02:10:46,050 - scheduler - INFO - Foydalanuvchi 316 tizimga kirdi, sessiya 1fbcc935e453
2024-05-01 02:10:49,685 - api.auth - INFO - Foydalanuvchi 638 tizimga kirdi, sessiya accd199a89b2
2024-05-01 02:10:54,813 - worker.email - INFO - Buyurtma yaratildi id=38720 summa=3975057.9
2024-05-01 02:11:13,771 - payments.gateway - INFO - So'rov bajarildi: GET /api/v1/orders — 2484ms
2024-05-01 02:11:17,367 - payments.gateway - INFO - So'rov bajarildi: POST /api/v1/orders — 1628ms
2024-05-01 02:11:18,671 - scheduler - INFO - So'rov bajarildi: POST /api/v1/users — 2617ms
2024-05-01 02:11:28,497 - worker.email - INFO - So'rov bajarildi: GET /api/v1/orders — 1463ms
2024-05-01 02:11:31,513 - worker.email - INFO - So'rov bajarildi: POST /api/v1/orders — 961ms
2024-05-01 02:11:37,656 - db.pool - WARN - Ulanishlar hovuzi 3497% to'lgan
2024-05-01 02:11:42,760 - scheduler - INFO - Foydalanuvchi 869 tizimga kirdi, sessiya 524c6c2f6313
2024-05-01 02:11:51,845 - payments.gateway - INFO - Foydalanuvchi 884 tizimga kirdi, sessiya 5959e26a98c2
2024-05-01 02:12:09,259 - cache.redis - INFO - Buyurtma yaratildi id=61835 summa=358611.48
2024-05-01 02:12:14,300 - payments.gateway - INFO - Foydalanuvchi 584 tizimga kirdi, sessiya 2865dbd3b627
2024-05-01 02:12:27,631 - api.auth - WARN - Sekin so'rov: /api/v1/users 109ms chegaradan oshdi
2024-05-01 02:12:29,557 - worker.email - INFO - Buyurtma yaratildi id=46139 summa=903607.42
2024-05-01 02:12:33,314 - worker.email - DEBUG - Cache hit key=user:209 ttl=1097s
2024-05-01 02:12:38,231 - db.pool - INFO - So'rov bajarildi: POST /api/v1/users — 3880ms
2024-05-01 02:12:45,075 - cache.redis - DEBUG - Cache hit key=user:840 ttl=3322s
2024-05-01 02:12:54,340 - scheduler - INFO - Foydalanuvchi 612 tizimga kirdi, sessiya a27668982e82
2024-05-01 02:12:56,541 - scheduler - ERROR - To'lov rad etildi order=85922 kod=INSUFFICIENT_FUNDS
2024-05-01 02:13:01,237 - db.pool - INFO - So'rov bajarildi: GET /api/v1/users — 1081ms
2024-05-01 02:13:17,896 - api.auth - INFO - So'rov bajarildi: GET /api/v1/users — 849ms
2024-05-01 02:13:37,659 - db.pool - INFO - Buyurtma yaratildi id=91479 summa=297375.82
2024-05-01 02:13:39,029 - api.orders - WARN - Sekin so'rov: /login 3105ms chegaradan oshdi
2024-05-01 02:13:46,367 - api.auth - ERROR - DB ulanishi uzildi: timeout after 520ms host=db-531
2024-05-01 02:13:49,631 - worker.email - INFO - Buyurtma yaratildi id=99760 summa=1749341.77
2024-05-01 02:13:51,606 - cache.redis - INFO - So'rov bajarildi: GET /login — 1232ms
2024-05-01 02:13:55,246 - api.orders - INFO - So'rov bajarildi: GET /api/v1/orders — 2023ms
2024-05-01 02:14:44,488 - db.pool - INFO - Foydalanuvchi 220 tizimga kirdi, sessiya 00397887e090
2024-05-01 02:14:51,428 - worker.email - INFO - Foydalanuvchi 333 tizimga kirdi, sessiya 8823a9f40d4d
2024-05-01 02:15:06,301 - scheduler - INFO - So'rov bajarildi: GET /api/v1/users — 2104ms
2024-05-01 02:15:16,850 - api.auth - INFO - Foydalanuvchi 325 tizimga kirdi, sessiya ae337239864d
2024-05-01 02:15:32,859 - api.auth - INFO - So'rov bajarildi: GET /login — 756ms
2024-05-01 02:15:39,282 - cache.redis - INFO - Foydalanuvchi 614 tizimga kirdi, sessiya 751781223b43
2024-05-01 02:15:39,729 - payments.gateway - INFO - So'rov bajarildi: POST /api/v1/orders — 3424ms
2024-05-01 02:15:40,117 - db.pool - DEBUG - Cache hit key=user:372 ttl=1446s
2024-05-01 02:15:47,095 - api.auth - INFO - Foydalanuvchi 462 tizimga kirdi, sessiya 1c768944cd32
2024-05-01 02:15:51,918 - worker.email - DEBUG - Cache hit key=user:580 ttl=955s
2024-05-01 02:16:10,561 - api.orders - ERROR - DB ulanishi uzildi: timeout after 2882ms host=db-509
2024-05-01 02:16:15,569 - api.auth - WARN - Ulanishlar hovuzi 350% to'lgan
2024-05-01 02:16:27,523 - scheduler - INFO - Foydalanuvchi 108 tizimga kirdi, sessiya 0d8ed83f6ed1
2024-05-01 02:16:30,698 - db.pool - ERROR - To'lov rad etildi order=69481 kod=INSUFFICIENT_FUNDS
2024-05-01 02:16:32,640 - db.pool - INFO - Foydalanuvchi 691 tizimga kirdi, sessiya 41a19e973ed3
2024-05-01 02:16:38,517 - api.orders - ERROR - To'lov rad etildi order=85821 kod=INSUFFICIENT_FUNDS
2024-05-01 02:16:43,196 - scheduler - DEBUG - Cache hit key=user:379 ttl=754s
2024-05-01 02:16:46,110 - db.pool - WARN - Ulanishlar hovuzi 1944% to'lgan
2024-05-01 02:16:50,048 - api.auth - INFO - Buyurtma yaratildi id=61966 summa=2839633.76
2024-05-01 02:16:52,003 - scheduler - INFO - Buyurtma yaratildi id=33658 summa=3585558.11
2024-05-01 02:17:15,113 - payments.gateway - INFO - Foydalanuvchi 573 tizimga kirdi, sessiya cb5bca45e475
2024-05-01 02:17:39,440 - cache.redis - INFO - Foydalanuvchi 327 tizimga kirdi, sessiya d61e82be9466
2024-05-01 02:17:44,598 - scheduler - INFO - So'rov bajarildi: POST /api/v1/users — 2635ms
2024-05-01 02:18:01,195 - api.auth - WARN - Sekin so'rov: /login 3748ms chegaradan oshdi
2024-05-01 02:18:28,729 - api.orders - INFO - Foydalanuvchi 80 tizimga kirdi, sessiya c9785b82a576
2024-05-01 02:18:40,176 - api.auth - INFO - So'rov bajarildi: GET /api/v1/orders — 2092ms
2024-05-01 02:18:55,638 - scheduler - DEBUG - Cache hit key=user:882 ttl=1676s
2024-05-01 02:19:02,467 - db.pool - ERROR - DB ulanishi uzildi: timeout after 120ms host=db-36
2024-05-01 02:19:04,442 - cache.redis - WARN - Ulanishlar hovuzi 2671% to'lgan
2024-05-01 02:19:09,668 - cache.redis - INFO - So'rov bajarildi: GET /api/v1/users — 3819ms
2024-05-01 02:19:10,305 - cache.redis - WARN - Sekin so'rov: /api/v1/orders 3371ms chegaradan oshdi
2024-05-01 02:19:13,544 - cache.redis - DEBUG - Cache hit key=user:233 ttl=419s
2024-05-01 02:19:13,767 - api.orders - ERROR - DB ulanishi uzildi: timeout after 1988ms host=db-238
2024-05-01 02:19:17,421 - api.auth - INFO - Foydalanuvchi 896 tizimga kirdi, sessiya 97c7232b5890
2024-05-01 02:19:25,537 - api.orders - INFO - Buyurtma yaratildi id=76794 summa=1190726.58
2024-05-01 02:19:28,808 - cache.redis - INFO - Foydalanuvchi 714 tizimga kirdi, sessiya a3a80afa04bb
2024-05-01 02:19:33,007 - cache.redis - WARN - Sekin so'rov: /login 2632ms chegaradan oshdi
2024-05-01 02:19:42,895 - worker.email - INFO - So'rov bajarildi: POST /api/v1/orders — 1030ms
2024-05-01 02:20:02,857 - api.orders - INFO - So'rov bajarildi: GET /api/v1/orders — 1871ms
2024-05-01 02:20:04,140 - api.auth - INFO - Foydalanuvchi 884 tizimga kirdi, sessiya d34194cd25ce
2024-05-01 02:20:16,128 - api.orders - INFO - Foydalanuvchi 217 tizimga kirdi, sessiya 93a12aaa6f1e
2024-05-01 02:20:24,269 - db.pool - WARN - Sekin so'rov: /api/v1/orders 1963ms chegaradan oshdi
2024-05-01 02:20:24,725 - scheduler - DEBUG - Cache hit key=user:515 ttl=169s
2024-05-01 02:20:25,206 - db.pool - DEBUG - Cache hit key=user:537 ttl=273s
2024-05-01 02:20:30,489 - scheduler - ERROR - To'lov rad etildi order=14205 kod=INSUFFICIENT_FUNDS
2024-05-01 02:20:43,459 - cache.redis - INFO - So'rov bajarildi: GET /api/v1/orders — 1069ms
2024-05-01 02:20:57,649 - worker.email - DEBUG - Cache hit key=user:215 ttl=2346s
2024-05-01 02:21:05,197 - api.auth - INFO - Foydalanuvchi 57 tizimga kirdi, sessiya 3cbc4847b9ff
2024-05-01 02:21:06,729 - cache.redis - INFO - Foydalanuvchi 135 tizimga kirdi, sessiya ce33b365d30d
2024-05-01 02:21:18,239 - scheduler - INFO - So'rov bajarildi: GET /api/v1/orders — 1056ms
2024-05-01 02:21:20,311 - scheduler - INFO - Buyurtma yaratildi id=38276 summa=3153974.89
2024-05-01 02:21:28,675 - db.pool - DEBUG - Cache hit key=user:70 ttl=2070s
2024-05-01 02:21:30,411 - api.orders - DEBUG - Cache hit key=user:601 ttl=3515s
2024-05-01 02:22:01,620 - api.orders - ERROR - To'lov rad etildi order=27000 kod=INSUFFICIENT_FUNDS
2024-05-01 02:22:02,410 - api.auth - CRITICAL - Xizmat javob bermayapti: worker-329 qayta ishga tushirilmoqda
2024-05-01 02:22:05,931 - payments.gateway - DEBUG - Cache hit key=user:591 ttl=3530s
2024-05-01 02:22:07,994 - api.orders - DEBUG - Cache hit key=user:391 ttl=2167s
2024-05-01 02:22:13,778 - payments.gateway - INFO - Foydalanuvchi 159 tizimga kirdi, sessiya 664348fd050e
2024-05-01 02:22:13,932 - cache.redis - WARN - Sekin so'rov: /login 1122ms chegaradan oshdi
2024-05-01 02:22:21,032 - cache.redis - WARN - Sekin so'rov: /api/v1/users 3954ms chegaradan oshdi
2024-05-01 02:22:28,525 - api.orders - INFO - Foydalanuvchi 305 tizimga kirdi, sessiya a04889d7c0eb
2024-05-01 02:23:28,474 - db.pool - INFO - Foydalanuvchi 594 tizimga kirdi, sessiya 2bc420727da9
2024-05-01 02:23:53,305 - worker.email - INFO - Foydalanuvchi 528 tizimga kirdi, sessiya 690a0d4c1d40
2024-05-01 02:24:08,126 - api.auth - INFO - So'rov bajarildi: POST /login — 4163ms
2024-05-01 02:24:12,056 - scheduler - INFO - Buyurtma yaratildi id=32956 summa=284115.77
2024-05-01 02:24:19,185 - cache.redis - ERROR - DB ulanishi uzildi: timeout after 867ms host=db-782
2024-05-01 02:24:27,501 - payments.gateway - INFO - Buyurtma yaratildi id=25113 summa=442022.82
2024-05-01 02:24:35,514 - cache.redis - INFO - So'rov bajarildi: POST /api/v1/orders — 1134ms
2024-05-01 02:24:48,162 - api.auth - WARN - Sekin so'rov: /login 1193ms chegaradan oshdi
2024-05-01 02:24:49,435 - api.orders - INFO - Foydalanuvchi 766 tizimga kirdi, sessiya 6900c7f313dc
2024-05-01 02:25:09,646 - worker.email - INFO - Foydalanuvchi 495 tizimga kirdi, sessiya 635a9bda5c27
2024-05-01 02:25:24,951 - scheduler - INFO - So'rov bajarildi: POST /login — 4127ms
2024-05-01 02:25:45,387 - db.pool - ERROR - DB ulanishi uzildi: timeout after 3133ms host=db-875
2024-05-01 02:25:50,589 - api.orders - INFO - So'rov bajarildi: POST /api/v1/orders — 572ms
2024-05-01 02:25:59,867 - scheduler - INFO - Foydalanuvchi 29 tizimga kirdi, sessiya 4d1a4742a35a
2024-05-01 02:26:06,013 - db.pool - INFO - So'rov bajarildi: GET /api/v1/users — 2093ms
2024-05-01 02:26:08,037 - scheduler - INFO - Buyurtma yaratildi id=93463 summa=700077.39
2024-05-01 02:26:09,456 - cache.redis - INFO - Foydalanuvchi 246 tizimga kirdi, sessiya 315993cac47b
2024-05-01 02:26:23,633 - api.auth - INFO - So'rov bajarildi: POST /api/v1/users — 968ms
2024-05-01 02:26:25,941 - api.auth - INFO - Foydalanuvchi 467 tizimga kirdi, sessiya 3f818da1b4d9
2024-05-01 02:26:31,193 - payments.gateway - INFO - So'rov bajarildi: GET /api/v1/users — 1994ms
2024-05-01 02:26:37,513 - scheduler - INFO - So'rov bajarildi: GET /api/v1/users — 4137ms
2024-05-01 02:27:07,019 - worker.email - INFO - Foydalanuvchi 72 tizimga kirdi, sessiya 326f8b79496b
2024-05-01 02:27:09,579 - scheduler - INFO - Buyurtma yaratildi id=72106 summa=614767.92
2024-05-01 02:27:12,649 - worker.email - INFO - Buyurtma yaratildi id=41522 summa=1647216.68
2024-05-01 02:27:51,616 - scheduler - ERROR - DB ulanishi uzildi: timeout after 1752ms host=db-695
2024-05-01 02:28:15,912 - api.auth - ERROR - DB ulanishi uzildi: timeout after 1541ms host=db-866
2024-05-01 02:28:29,827 - scheduler - INFO - Foydalanuvchi 643 tizimga kirdi, sessiya 19b8f33d43f0
2024-05-01 02:28:37,413 - worker.email - WARN - Sekin so'rov: /login 1053ms chegaradan oshdi
2024-05-01 02:28:43,485 - api.orders - INFO - So'rov bajarildi: GET /api/v1/users — 1580ms
2024-05-01 02:29:01,427 - api.orders - DEBUG - Cache hit key=user:665 ttl=3439s
2024-05-01 02:29:03,778 - api.auth - ERROR - DB ulanishi uzildi: timeout after 4017ms host=db-516
2024-05-01 02:29:06,089 - db.pool - INFO - So'rov bajarildi: GET /api/v1/orders — 742ms
2024-05-01 02:29:06,778 - api.auth - INFO - So'rov bajarildi: POST /login — 1495ms
2024-05-01 02:29:11,806 - api.auth - ERROR - To'lov rad etildi order=50342 kod=INSUFFICIENT_FUNDS
2024-05-01 02:29:18,790 - payments.gateway - ERROR - DB ulanishi uzildi: timeout after 564ms host=db-143
2024-05-01 02:29:27,676 - payments.gateway - INFO - Foydalanuvchi 337 tizimga kirdi, sessiya 9d5ee92c35ec
2024-05-01 02:29:33,420 - api.auth - DEBUG - Cache hit key=user:117 ttl=267s
2024-05-01 02:29:43,984 - cache.redis - INFO - So'rov bajarildi: GET /api/v1/users — 4156ms
2024-05-01 02:30:09,903 - scheduler - INFO - Foydalanuvchi 45 tizimga kirdi, sessiya 82073be7f407
2024-05-01 02:30:12,577 - api.orders - INFO - Foydalanuvchi 278 tizimga kirdi, sessiya 2298e5a6f4eb
2024-05-01 02:30:28,767 - db.pool - DEBUG - Cache hit key=user:662 ttl=3896s
2024-05-01 02:30:33,194 - payments.gateway - INFO - Buyurtma yaratildi id=50929 summa=2081383.27
2024-05-01 02:30:36,850 - db.pool - INFO - So'rov bajarildi: GET /login — 3937ms
2024-05-01 02:30:38,595 - db.pool - INFO - So'rov bajarildi: POST /api/v1/orders — 696ms
2024-05-01 02:30:41,450 - payments.gateway - INFO - So'rov bajarildi: GET /login — 2664ms
2024-05-01 02:30:48,714 - payments.gateway - WARN - Ulanishlar hovuzi 4153% to'lgan
2024-05-01 02:30:58,816 - api.auth - INFO - Foydalanuvchi 618 tizimga kirdi, sessiya 337e18455049
2024-05-01 02:31:12,548 - worker.email - INFO - So'rov bajarildi: GET /api/v1/users — 3730ms
2024-05-01 02:31:28,214 - cache.redis - INFO - Buyurtma yaratildi id=24795 summa=731918.19
2024-05-01 02:31:37,099 - payments.gateway - INFO - Foydalanuvchi 844 tizimga kirdi, sessiya efa4bc7eeec0
2024-05-01 02:31:42,712 - cache.redis - INFO - So'rov bajarildi: GET /login — 1640ms
2024-05-01 02:31:43,158 - cache.redis - INFO - Foydalanuvchi 360 tizimga kirdi, sessiya 9481e486549e
2024-05-01 02:31:44,810 - payments.gateway - INFO - So'rov bajarildi: POST /api/v1/users — 2160ms
2024-05-01 02:32:00,493 - api.orders - INFO - So'rov bajarildi: POST /login — 2448ms
2024-05-01 02:32:06,725 - api.orders - WARN - Sekin so'rov: /api/v1/orders 487ms chegaradan oshdi
2024-05-01 02:32:19,631 - scheduler - INFO - So'rov bajarildi: POST /login — 3464ms
2024-05-01 02:32:38,192 - api.orders - WARN - Ulanishlar hovuzi 3060% to'lgan
2024-05-01 02:32:54,790 - api.orders - INFO - Buyurtma yaratildi id=58020 summa=3478838.31
2024-05-01 02:33:07,033 - api.auth - INFO - Foydalanuvchi 477 tizimga kirdi, sessiya 0a01c37c2002
2024-05-01 02:33:07,242 - api.auth - INFO - Foydalanuvchi 687 tizimga kirdi, sessiya 617b90ac21d4
2024-05-01 02:33:09,488 - api.orders - INFO - So'rov bajarildi: GET /api/v1/orders — 3186ms
2024-05-01 02:33:23,280 - payments.gateway - INFO - Foydalanuvchi 540 tizimga kirdi, sessiya eaa89aaed7f1
2024-05-01 02:33:24,332 - db.pool - DEBUG - Cache hit key=user:615 ttl=3083s
2024-05-01 02:33:56,726 - db.pool - DEBUG - Cache hit key=user:21 ttl=2533s
2024-05-01 02:34:19,827 - db.pool - INFO - So'rov bajarildi: GET /login — 3499ms
2024-05-01 02:34:21,817 - scheduler - INFO - Buyurtma yaratildi id=46621 summa=2649171.53
2024-05-01 02:34:36,188 - scheduler - DEBUG - Cache hit key=user:713 ttl=2639s
2024-05-01 02:34:39,650 - payments.gateway - DEBUG - Cache hit key=user:384 ttl=2428s
2024-05-01 02:34:57,382 - worker.email - INFO - So'rov bajarildi: POST /api/v1/orders — 1008ms
2024-05-01 02:35:15,403 - api.orders - ERROR - DB ulanishi uzildi: timeout after 2548ms host=db-815
2024-05-01 02:35:19,305 - scheduler - INFO - Buyurtma yaratildi id=81881 summa=2130056.03
2024-05-01 02:35:29,813 - api.orders - ERROR - DB ulanishi uzildi: timeout after 2086ms host=db-490
2024-05-01 02:35:32,133 - payments.gateway - INFO - Buyurtma yaratildi id=82984 summa=2620849.04
2024-05-01 02:35:44,774 - db.pool - INFO - So'rov bajarildi: GET /api/v1/users — 1513ms
2024-05-01 02:35:51,095 - api.orders - INFO - So'rov bajarildi: GET /api/v1/orders — 2675ms
2024-05-01 02:36:00,096 - scheduler - INFO - So'rov bajarildi: POST /api/v1/orders — 4142ms
2024-05-01 02:36:07,837 - scheduler - INFO - Foydalanuvchi 656 tizimga kirdi, sessiya ed3dfebc0363
2024-05-01 02:36:13,942 - api.auth - DEBUG - Cache hit key=user:18 ttl=2770s
2024-05-01 02:36:21,213 - db.pool - CRITICAL - Xizmat javob bermayapti: worker-440 qayta ishga tushirilmoqda
2024-05-01 02:36:23,244 - scheduler - INFO - Foydalanuvchi 400 tizimga kirdi, sessiya ecbbf0507aa5
2024-05-01 02:36:56,367 - worker.email - INFO - So'rov bajarildi: POST /login — 3617ms
2024-05-01 02:36:58,358 - cache.redis - DEBUG - Cache hit key=user:568 ttl=3562s
2024-05-01 02:36:58,878 - api.auth - ERROR - To'lov rad etildi order=52311 kod=INSUFFICIENT_FUNDS
2024-05-01 02:37:11,248 - scheduler - INFO - So'rov bajarildi: POST /api/v1/orders — 2035ms
2024-05-01 02:37:14,654 - api.auth - INFO - So'rov bajarildi: POST /login — 1076ms
2024-05-01 02:37:16,654 - db.pool - INFO - Foydalanuvchi 172 tizimga kirdi, sessiya 27412790bb60
2024-05-01 02:37:17,758 - cache.redis - INFO - So'rov bajarildi: POST /api/v1/orders — 3066ms
2024-05-01 02:37:30,625 - api.orders - DEBUG - Cache hit key=user:539 ttl=2286s
2024-05-01 02:37:42,556 - db.pool - INFO - So'rov bajarildi: POST /api/v1/orders — 2314ms
2024-05-01 02:37:54,741 - payments.gateway - INFO - So'rov bajarildi: GET /login — 1107ms
2024-05-01 02:38:02,003 - worker.email - INFO - Buyurtma yaratildi id=85751 summa=71649.09
2024-05-01 02:38:29,874 - db.pool - WARN - Ulanishlar hovuzi 3224% to'lgan
2024-05-01 02:38:39,876 - scheduler - DEBUG - Cache hit key=user:628 ttl=1386s
2024-05-01 02:38:59,982 - api.auth - INFO - So'rov bajarildi: POST /login — 2501ms
2024-05-01 02:39:28,371 - cache.redis - WARN - Sekin so'rov: /api/v1/orders 2012ms chegaradan oshdi
2024-05-01 02:39:38,173 - worker.email - INFO - Buyurtma yaratildi id=39065 summa=3556196.91
2024-05-01 02:40:06,180 - scheduler - INFO - Foydalanuvchi 209 tizimga kirdi, sessiya 6f28de483bcf
2024-05-01 02:40:11,749 - api.auth - INFO - So'rov bajarildi: GET /api/v1/users — 1235ms
2024-05-01 02:40:49,401 - cache.redis - INFO - Foydalanuvchi 586 tizimga kirdi, sessiya b87eee3dbe9c
2024-05-01 02:40:55,277 - cache.redis - INFO - So'rov bajarildi: GET /api/v1/orders — 178ms
2024-05-01 02:40:57,043 - api.orders - ERROR - DB ulanishi uzildi: timeout after 862ms host=db-157
2024-05-01 02:40:58,054 - api.auth - DEBUG - Cache hit key=user:717 ttl=3862s
2024-05-01 02:41:04,907 - api.orders - WARN - Ulanishlar hovuzi 1489% to'lgan
2024-05-01 02:41:05,189 - scheduler - WARN - Ulanishlar hovuzi 4041% to'lgan
2024-05-01 02:41:08,398 - cache.redis - INFO - So'rov bajarildi: POST /login — 3259ms
2024-05-01 02:41:09,427 - api.orders - INFO - So'rov bajarildi: GET /api/v1/users — 585ms
2024-05-01 02:41:09,795 - api.orders - INFO - So'rov bajarildi: GET /login — 1233ms
2024-05-01 02:41:18,804 - scheduler - INFO - Buyurtma yaratildi id=38902 summa=671928.7
2024-05-01 02:41:45,421 - worker.email - DEBUG - Cache hit key=user:77 ttl=3919s
2024-05-01 02:41:54,112 - cache.redis - INFO - Foydalanuvchi 339 tizimga kirdi, sessiya 02a7e4bfef48
2024-05-01 02:41:55,360 - worker.email - INFO - Foydalanuvchi 622 tizimga kirdi, sessiya 6ad5cd0739b1
2024-05-01 02:42:00,961 - worker.email - DEBUG - Cache hit key=user:212 ttl=928s
2024-05-01 02:42:33,086 - payments.gateway - INFO - Foydalanuvchi 221 tizimga kirdi, sessiya 744ceafa216c
2024-05-01 02:42:40,036 - payments.gateway - INFO - So'rov bajarildi: POST /login — 1008ms
2024-05-01 02:42:45,088 - db.pool - INFO - So'rov bajarildi: POST /login — 2284ms
2024-05-01 02:43:00,136 - api.orders - WARN - Ulanishlar hovuzi 3791% to'lgan
2024-05-01 02:43:10,026 - api.orders - INFO - So'rov bajarildi: POST /api/v1/orders — 863ms
2024-05-01 02:43:24,879 - scheduler - INFO - Foydalanuvchi 762 tizimga kirdi, sessiya 4d964f54c2b6
2024-05-01 02:43:25,187 - cache.redis - DEBUG - Cache hit key=user:93 ttl=2833s
2024-05-01 02:43:48,360 - api.auth - WARN - Sekin so'rov: /api/v1/orders 514ms chegaradan oshdi
2024-05-01 02:43:52,294 - payments.gateway - INFO - So'rov bajarildi: POST /api/v1/users — 2752ms
2024-05-01 02:43:55,908 - db.pool - DEBUG - Cache hit key=user:607 ttl=3093s
2024-05-01 02:43:59,177 - cache.redis - WARN - Ulanishlar hovuzi 3848% to'lgan
2024-05-01 02:44:04,477 - api.auth - INFO - Foydalanuvchi 144 tizimga kirdi, sessiya 80c0aaacd7c9
2024-05-01 02:44:26,963 - cache.redis - INFO - Buyurtma yaratildi id=56222 summa=1150979.57
2024-05-01 02:44:27,911 - payments.gateway - INFO - Foydalanuvchi 541 tizimga kirdi, sessiya 1e31beb08eee
2024-05-01 02:44:36,569 - cache.redis - INFO - Foydalanuvchi 574 tizimga kirdi, sessiya ce79e8e59b57
2024-05-01 02:44:41,756 - api.auth - DEBUG - Cache hit key=user:39 ttl=3079s
2024-05-01 02:45:06,705 - worker.email - INFO - Foydalanuvchi 867 tizimga kirdi, sessiya 0b371eee53b3
2024-05-01 02:45:12,076 - worker.email - WARN - Ulanishlar hovuzi 475% to'lgan
2024-05-01 02:45:13,285 - api.orders - INFO - So'rov bajarildi: POST /api/v1/orders — 564ms
2024-05-01 02:45:16,136 - scheduler - DEBUG - Cache hit key=user:93 ttl=1361s
2024-05-01 02:45:53,065 - cache.redis - INFO - Foydalanuvchi 96 tizimga kirdi, sessiya 833db258d6e2
2024-05-01 02:46:03,295 - payments.gateway - INFO - Buyurtma yaratildi id=24901 summa=3811612.85
2024-05-01 02:46:04,469 - worker.email - INFO - So'rov bajarildi: GET /login — 617ms
2024-05-01 02:46:11,080 - payments.gateway - INFO - So'rov bajarildi: GET /api/v1/orders — 1634ms
2024-05-01 02:46:12,833 - api.auth - DEBUG - Cache hit key=user:795 ttl=1387s
2024-05-01 02:46:32,245 - api.auth - CRITICAL - Xizmat javob bermayapti: worker-824 qayta ishga tushirilmoqda
2024-05-01 02:46:35,970 - api.orders - INFO - Buyurtma yaratildi id=73494 summa=841344.66
2024-05-01 02:46:42,545 - api.auth - WARN - Ulanishlar hovuzi 3088% to'lgan
2024-05-01 02:47:06,551 - db.pool - DEBUG - Cache hit key=user:222 ttl=3799s
2024-05-01 02:47:19,102 - api.orders - INFO - Buyurtma yaratildi id=39370 summa=782154.28
2024-05-01 02:47:21,896 - api.auth - WARN - Sekin so'rov: /login 996ms chegaradan oshdi
2024-05-01 02:47:53,544 - api.auth - DEBUG - Cache hit key=user:738 ttl=4024s
2024-05-01 02:47:55,263 - payments.gateway - INFO - Foydalanuvchi 324 tizimga kirdi, sessiya ad97182ee52e
2024-05-01 02:48:06,102 - scheduler - INFO - So'rov bajarildi: GET /api/v1/orders — 4152ms
2024-05-01 02:48:12,320 - api.orders - WARN - Ulanishlar hovuzi 2432% to'lgan
2024-05-01 02:48:43,272 - db.pool - WARN - Sekin so'rov: /api/v1/users 274ms chegaradan oshdi
2024-05-01 02:48:47,813 - api.orders - INFO - So'rov bajarildi: GET /login — 339ms
2024-05-01 02:48:53,914 - scheduler - WARN - Ulanishlar hovuzi 3654% to'lgan
2024-05-01 02:49:00,259 - scheduler - INFO - So'rov bajarildi: GET /api/v1/users — 1300ms
2024-05-01 02:49:00,904 - api.auth - DEBUG - Cache hit key=user:644 ttl=2347s
2024-05-01 02:49:04,182 - api.auth - INFO - Buyurtma yaratildi id=23426 summa=496954.96
2024-05-01 02:49:14,906 - scheduler - INFO - Foydalanuvchi 391 tizimga kirdi, sessiya 9d5f8ced8e00
2024-05-01 02:49:25,448 - db.pool - INFO - Buyurtma yaratildi id=49774 summa=2420261.91
2024-05-01 02:49:30,965 - worker.email - INFO - So'rov bajarildi: GET /api/v1/orders — 4011ms
2024-05-01 02:49:38,143 - db.pool - INFO - So'rov bajarildi: GET /login — 628ms
2024-05-01 02:49:45,871 - api.auth - INFO - Foydalanuvchi 330 tizimga kirdi, sessiya 6410e19b5663
2024-05-01 02:49:48,594 - payments.gateway - INFO - So'rov bajarildi: POST /login — 155ms
2024-05-01 02:50:08,882 - worker.email - INFO - Foydalanuvchi 539 tizimga kirdi, sessiya 6dbecde4a05c
2024-05-01 02:50:17,897 - db.pool - DEBUG - Cache hit key=user:481 ttl=3535s
2024-05-01 02:50:25,630 - db.pool - INFO - So'rov bajarildi: POST /api/v1/users — 4071ms
2024-05-01 02:50:34,126 - cache.redis - DEBUG - Cache hit key=user:695 ttl=683s
2024-05-01 02:50:48,010 - scheduler - INFO - Foydalanuvchi 136 tizimga kirdi, sessiya ba4d625b7b2d
2024-05-01 02:50:56,118 - api.orders - INFO - So'rov bajarildi: POST /api/v1/orders — 2887ms
2024-05-01 02:51:02,810 - cache.redis - ERROR - DB ulanishi uzildi: timeout after 824ms host=db-288
2024-05-01 02:51:22,059 - scheduler - CRITICAL - Xizmat javob bermayapti: worker-533 qayta ishga tushirilmoqda
2024-05-01 02:51:26,939 - api.orders - INFO - So'rov bajarildi: GET /login — 651ms
2024-05-01 02:51:28,030 - worker.email - INFO - So'rov bajarildi: GET /api/v1/users — 1706ms
2024-05-01 02:51:42,877 - worker.email - WARN - Ulanishlar hovuzi 969% to'lgan
2024-05-01 02:51:44,395 - scheduler - INFO - Buyurtma yaratildi id=42511 summa=1553731.57
2024-05-01 02:52:02,089 - api.orders - INFO - Foydalanuvchi 538 tizimga kirdi, sessiya 78e906c5e255
2024-05-01 02:52:02,800 - scheduler - INFO - So'rov bajarildi: GET /api/v1/orders — 932ms
2024-05-01 02:52:03,229 - cache.redis - INFO - Buyurtma yaratildi id=21976 summa=3060304.79
2024-05-01 02:52:10,084 - payments.gateway - INFO - So'rov bajarildi: POST /api/v1/users — 2674ms
2024-05-01 02:52:19,527 - cache.redis - INFO - So'rov bajarildi: POST /login — 4100ms
2024-05-01 02:52:21,139 - worker.email - DEBUG - Cache hit key=user:883 ttl=2049s
2024-05-01 02:52:27,627 - scheduler - ERROR - DB ulanishi uzildi: timeout after 2950ms host=db-334
2024-05-01 02:52:28,198 - cache.redis - INFO - Foydalanuvchi 333 tizimga kirdi, sessiya 61b8a00d7a2f
2024-05-01 02:52:30,329 - api.orders - INFO - Foydalanuvchi 165 tizimga kirdi, sessiya e9a60204f052
2024-05-01 02:52:42,685 - worker.email - INFO - So'rov bajarildi: POST /api/v1/orders — 4054ms
2024-05-01 02:52:51,504 - payments.gateway - INFO - Foydalanuvchi 457 tizimga kirdi, sessiya 948444b2ce85
2024-05-01 02:52:53,693 - api.orders - INFO - Buyurtma yaratildi id=57587 summa=798350.78
2024-05-01 02:53:16,752 - worker.email - ERROR - To'lov rad etildi order=56565 kod=INSUFFICIENT_FUNDS
2024-05-01 02:53:17,005 - cache.redis - INFO - So'rov bajarildi: GET /api/v1/orders — 1146ms
2024-05-01 02:53:35,312 - cache.redis - WARN - Ulanishlar hovuzi 890% to'lgan
2024-05-01 02:53:41,561 - api.orders - ERROR - DB ulanishi uzildi: timeout after 1527ms host=db-581
2024-05-01 02:53:52,779 - api.orders - INFO - So'rov bajarildi: POST /api/v1/users — 4107ms
2024-05-01 02:53:53,874 - cache.redis - INFO - Foydalanuvchi 420 tizimga kirdi, sessiya 4738ea1f00bd
2024-05-01 02:54:04,906 - payments.gateway - INFO - Foydalanuvchi 91 tizimga kirdi, sessiya 7871a28594d3
2024-05-01 02:54:09,760 - payments.gateway - INFO - So'rov bajarildi: POST /login — 569ms
2024-05-01 02:54:22,198 - cache.redis - DEBUG - Cache hit key=user:99 ttl=4157s
2024-05-01 02:54:26,786 - api.auth - INFO - So'rov bajarildi: POST /login — 3101ms
2024-05-01 02:55:00,571 - payments.gateway - ERROR - DB ulanishi uzildi: timeout after 815ms host=db-706
2024-05-01 02:55:34,526 - db.pool - ERROR - To'lov rad etildi order=82311 kod=INSUFFICIENT_FUNDS
2024-05-01 02:55:36,361 - cache.redis - WARN - Sekin so'rov: /api/v1/orders 1558ms chegaradan oshdi
2024-05-01 02:55:38,247 - cache.redis - WARN - Sekin so'rov: /api/v1/orders 1510ms chegaradan oshdi
2024-05-01 02:55:41,745 - worker.email - INFO - Foydalanuvchi 125 tizimga kirdi, sessiya 9aaae4baced7
2024-05-01 02:55:56,822 - api.auth - INFO - So'rov bajarildi: GET /api/v1/orders — 3113ms
2024-05-01 02:56:04,641 - api.auth - CRITICAL - Xizmat javob bermayapti: worker-316 qayta ishga tushirilmoqda
2024-05-01 02:56:22,482 - db.pool - DEBUG - Cache hit key=user:682 ttl=3514s
2024-05-01 02:56:52,394 - api.auth - INFO - Foydalanuvchi 189 tizimga kirdi, sessiya c9e8b1bf0809
2024-05-01 02:57:11,790 - cache.redis - INFO - So'rov bajarildi: GET /api/v1/orders — 794ms
2024-05-01 02:57:52,963 - payments.gateway - INFO - Foydalanuvchi 736 tizimga kirdi, sessiya 6414822fa03a
2024-05-01 02:58:00,017 - cache.redis - WARN - Sekin so'rov: /api/v1/users 3894ms chegaradan oshdi
2024-05-01 02:58:02,563 - api.auth - DEBUG - Cache hit key=user:138 ttl=3932s
2024-05-01 02:58:06,435 - cache.redis - WARN - Sekin so'rov: /api/v1/users 1451ms chegaradan oshdi
2024-05-01 02:58:16,403 - worker.email - INFO - Buyurtma yaratildi id=10552 summa=750775.74
2024-05-01 02:58:23,376 - api.auth - INFO - Foydalanuvchi 405 tizimga kirdi, sessiya 2c49b038cf60
2024-05-01 02:58:27,655 - cache.redis - INFO - So'rov bajarildi: GET /login — 2136ms
2024-05-01 02:58:28,277 - api.auth - INFO - Foydalanuvchi 41 tizimga kirdi, sessiya c44efce3a0df
2024-05-01 02:58:46,363 - cache.redis - DEBUG - Cache hit key=user:217 ttl=2561s
2024-05-01 02:58:46,875 - api.orders - INFO - So'rov bajarildi: GET /login — 2796ms
2024-05-01 02:58:57,296 - worker.email - INFO - Foydalanuvchi 245 tizimga kirdi, sessiya f0cccb761ce9
2024-05-01 02:58:58,860 - db.pool - INFO - Foydalanuvchi 108 tizimga kirdi, sessiya 589278f3e87c
2024-05-01 02:59:02,528 - worker.email - WARN - Sekin so'rov: /api/v1/orders 1634ms chegaradan oshdi
2024-05-01 02:59:09,365 - cache.redis - DEBUG - Cache hit key=user:660 ttl=3216s
2024-05-01 02:59:16,900 - db.pool - WARN - Sekin so'rov: /login 4117ms chegaradan oshdi
2024-05-01 02:59:22,212 - worker.email - INFO - So'rov bajarildi: GET /login — 2339ms
2024-05-01 02:59:30,069 - payments.gateway - ERROR - DB ulanishi uzildi: timeout after 1455ms host=db-796
2024-05-01 02:59:42,913 - api.orders - INFO - So'rov bajarildi: GET /api/v1/orders — 663ms
2024-05-01 02:59:47,294 - payments.gateway - DEBUG - Cache hit key=user:870 ttl=1253s
2024-05-01 02:59:52,250 - db.pool - DEBUG - Cache hit key=user:35 ttl=2977s
2024-05-01 03:00:01,056 - scheduler - INFO - Foydalanuvchi 109 tizimga kirdi, sessiya bcba2b47ca33
2024-05-01 03:00:04,296 - api.orders - INFO - So'rov bajarildi: POST /api/v1/orders — 24ms
2024-05-01 03:00:21,411 - api.auth - INFO - Buyurtma yaratildi id=22059 summa=822568.81
2024-05-01 03:00:21,952 - api.orders - INFO - So'rov bajarildi: POST /login — 2234ms
2024-05-01 03:00:39,898 - scheduler - DEBUG - Cache hit key=user:22 ttl=1721s
2024-05-01 03:00:50,879 - payments.gateway - INFO - So'rov bajarildi: POST /api/v1/users — 3489ms
2024-05-01 03:00:59,544 - worker.email - INFO - Buyurtma yaratildi id=34746 summa=3446137.91
2024-05-01 03:01:23,025 - db.pool - INFO - Buyurtma yaratildi id=73652 summa=1794487.41
2024-05-01 03:01:24,492 - db.pool - INFO - Foydalanuvchi 543 tizimga kirdi, sessiya f5ff09e68be2
2024-05-01 03:01:37,885 - db.pool - INFO - Buyurtma yaratildi id=82085 summa=3105121.49
2024-05-01 03:01:42,344 - payments.gateway - INFO - So'rov bajarildi: GET /api/v1/orders — 1670ms
2024-05-01 03:01:48,315 - payments.gateway - INFO - So'rov bajarildi: POST /api/v1/orders — 4055ms
2024-05-01 03:02:04,662 - api.orders - INFO - Foydalanuvchi 653 tizimga kirdi, sessiya 59be1781d62c
2024-05-01 03:02:05,192 - payments.gateway - INFO - So'rov bajarildi: POST /api/v1/orders — 3359ms
2024-05-01 03:02:07,286 - db.pool - INFO - So'rov bajarildi: GET /login — 1669ms
2024-05-01 03:02:36,034 - scheduler - INFO - Buyurtma yaratildi id=51420 summa=1916099.95
2024-05-01 03:02:54,970 - cache.redis - WARN - Sekin so'rov: /api/v1/users 146ms chegaradan oshdi
2024-05-01 03:03:12,137 - db.pool - INFO - So'rov bajarildi: GET /api/v1/users — 490ms
2024-05-01 03:03:52,895 - scheduler - INFO - So'rov bajarildi: GET /api/v1/orders — 1943ms
2024-05-01 03:04:17,508 - api.auth - ERROR - To'lov rad etildi order=65506 kod=INSUFFICIENT_FUNDS
2024-05-01 03:04:34,456 - payments.gateway - WARN - Ulanishlar hovuzi 1241% to'lgan
2024-05-01 03:04:48,074 - api.orders - INFO - So'rov bajarildi: POST /login — 214ms
2024-05-01 03:04:58,241 - db.pool - WARN - Ulanishlar hovuzi 2687% to'lgan
2024-05-01 03:05:07,926 - api.auth - INFO - Foydalanuvchi 37 tizimga kirdi, sessiya 6ae4b25fccf2
2024-05-01 03:05:09,818 - scheduler - DEBUG - Cache hit key=user:779 ttl=3116s
2024-05-01 03:05:22,471 - payments.gateway - ERROR - To'lov rad etildi order=19716 kod=INSUFFICIENT_FUNDS
2024-05-01 03:05:29,346 - api.orders - ERROR - To'lov rad etildi order=26745 kod=INSUFFICIENT_FUNDS
2024-05-01 03:05:55,562 - cache.redis - INFO - Buyurtma yaratildi id=69064 summa=163509.33
2024-05-01 03:05:59,456 - worker.email - DEBUG - Cache hit key=user:127 ttl=377s
2024-05-01 03:06:44,672 - db.pool - INFO - So'rov bajarildi: POST /api/v1/users — 544ms
2024-05-01 03:06:53,038 - worker.email - INFO - Foydalanuvchi 128 tizimga kirdi, sessiya 4496cb2223c9
2024-05-01 03:06:59,642 - api.auth - WARN - Sekin so'rov: /api/v1/orders 1864ms chegaradan oshdi
2024-05-01 03:07:11,496 - cache.redis - INFO - Foydalanuvchi 178 tizimga kirdi, sessiya 2ea6e72f825a
2024-05-01 03:07:18,107 - scheduler - INFO - Buyurtma yaratildi id=41103 summa=878150.48
2024-05-01 03:07:27,590 - db.pool - INFO - Foydalanuvchi 779 tizimga kirdi, sessiya 91d0a0735792
2024-05-01 03:07:37,277 - api.orders - DEBUG - Cache hit key=user:630 ttl=2319s
2024-05-01 03:07:39,918 - payments.gateway - ERROR - To'lov rad etildi order=77693 kod=INSUFFICIENT_FUNDS
2024-05-01 03:07:55,458 - worker.email - WARN - Ulanishlar hovuzi 378% to'lgan
2024-05-01 03:08:08,922 - worker.email - DEBUG - Cache hit key=user:140 ttl=3385s
2024-05-01 03:08:12,732 - worker.email - INFO - Buyurtma yaratildi id=74563 summa=556764.68
2024-05-01 03:08:16,446 - db.pool - INFO - Buyurtma yaratildi id=33997 summa=289964.55
2024-05-01 03:08:22,234 - api.auth - INFO - So'rov bajarildi: POST /api/v1/orders — 3511ms
2024-05-01 03:08:38,527 - payments.gateway - INFO - Foydalanuvchi 596 tizimga kirdi, sessiya b12b66c2b765
2024-05-01 03:08:48,623 - api.auth - INFO - So'rov bajarildi: POST /api/v1/users — 3745ms
2024-05-01 03:08:53,526 - cache.redis - INFO - Buyurtma yaratildi id=32106 summa=2479048.29
2024-05-01 03:08:57,270 - cache.redis - INFO - So'rov bajarildi: GET /login — 848ms
2024-05-01 03:09:03,303 - cache.redis - ERROR - DB ulanishi uzildi: timeout after 1490ms host=db-497
2024-05-01 03:09:18,861 - db.pool - INFO - Foydalanuvchi 411 tizimga kirdi, sessiya 302f1180c760
2024-05-01 03:09:45,880 - api.auth - WARN - Ulanishlar hovuzi 883% to'lgan
2024-05-01 03:09:55,458 - api.orders - INFO - So'rov bajarildi: POST /api/v1/orders — 2664ms
2024-05-01 03:09:58,734 - worker.email - INFO - Foydalanuvchi 376 tizimga kirdi, sessiya 2a7774fd8d64
2024-05-01 03:10:08,159 - api.auth - INFO - So'rov bajarildi: GET /api/v1/users — 1124ms
2024-05-01 03:10:22,800 - cache.redis - DEBUG - Cache hit key=user:582 ttl=433s
2024-05-01 03:10:35,543 - worker.email - DEBUG - Cache hit key=user:219 ttl=609s
2024-05-01 03:10:37,199 - scheduler - DEBUG - Cache hit key=user:579 ttl=2098s
2024-05-01 03:10:47,161 - db.pool - INFO - So'rov bajarildi: GET /api/v1/orders — 275ms
2024-05-01 03:10:51,419 - db.pool - INFO - So'rov bajarildi: POST /login — 59ms
2024-05-01 03:11:14,625 - db.pool - DEBUG - Cache hit key=user:883 ttl=406s
2024-05-01 03:11:23,984 - scheduler - DEBUG - Cache hit key=user:329 ttl=83s
2024-05-01 03:11:30,574 - api.auth - INFO - Buyurtma yaratildi id=43845 summa=1028548.19
2024-05-01 03:11:39,451 - payments.gateway - WARN - Sekin so'rov: /login 209ms chegaradan oshdi
2024-05-01 03:11:55,647 - payments.gateway - INFO - So'rov bajarildi: POST /api/v1/orders — 534ms
2024-05-01 03:12:18,570 - scheduler - INFO - Buyurtma yaratildi id=20098 summa=3543650.04
2024-05-01 03:12:18,910 - payments.gateway - INFO - So'rov bajarildi: GET /login — 2471ms
2024-05-01 03:12:30,739 - worker.email - INFO - Foydalanuvchi 397 tizimga kirdi, sessiya dc9ed2e96f20
2024-05-01 03:12:43,566 - db.pool - INFO - So'rov bajarildi: POST /api/v1/users — 3686ms
2024-05-01 03:13:02,366 - payments.gateway - INFO - So'rov bajarildi: POST /api/v1/orders — 1333ms
2024-05-01 03:13:08,838 - payments.gateway - INFO - Foydalanuvchi 198 tizimga kirdi, sessiya a5650901cf5f
2024-05-01 03:13:13,729 - cache.redis - INFO - Buyurtma yaratildi id=87799 summa=2457001.4
2024-05-01 03:13:29,367 - api.auth - INFO - So'rov bajarildi: GET /api/v1/users — 2810ms
2024-05-01 03:13:36,511 - cache.redis - INFO - Buyurtma yaratildi id=68320 summa=2540709.61
2024-05-01 03:13:42,373 - db.pool - INFO - So'rov bajarildi: GET /api/v1/orders — 1248ms
2024-05-01 03:13:42,597 - scheduler - INFO - Foydalanuvchi 879 tizimga kirdi, sessiya 191b682757e3
2024-05-01 03:13:50,000 - db.pool - INFO - So'rov bajarildi: POST /api/v1/orders — 2564ms
2024-05-01 03:13:55,500 - db.pool - INFO - Foydalanuvchi 856 tizimga kirdi, sessiya 7563189f65aa
2024-05-01 03:14:05,079 - api.orders - INFO - Foydalanuvchi 686 tizimga kirdi, sessiya 2dabe43b2376
2024-05-01 03:14:09,858 - cache.redis - DEBUG - Cache hit key=user:195 ttl=1335s
2024-05-01 03:14:12,306 - cache.redis - INFO - Buyurtma yaratildi id=20251 summa=2640786.92
2024-05-01 03:14:23,294 - scheduler - DEBUG - Cache hit key=user:396 ttl=520s
2024-05-01 03:14:39,276 - worker.email - INFO - Foydalanuvchi 167 tizimga kirdi, sessiya 95e016f19ee9
2024-05-01 03:14:45,211 - payments.gateway - ERROR - DB ulanishi uzildi: timeout after 2234ms host=db-763
2024-05-01 03:14:46,657 - api.orders - INFO - So'rov bajarildi: POST /login — 1442ms
2024-05-01 03:15:04,018 - scheduler - ERROR - DB ulanishi uzildi: timeout after 1660ms host=db-635
2024-05-01 03:15:13,958 - cache.redis - INFO - Buyurtma yaratildi id=17309 summa=2282003.2
2024-05-01 03:15:25,609 - scheduler - INFO - So'rov bajarildi: POST /api/v1/users — 1411ms
2024-05-01 03:15:34,576 - cache.redis - DEBUG - Cache hit key=user:859 ttl=3031s
2024-05-01 03:15:36,847 - cache.redis - INFO - Foydalanuvchi 785 tizimga kirdi, sessiya 89da6e7967b9
2024-05-01 03:15:46,348 - api.orders - WARN - Sekin so'rov: /login 3799ms chegaradan oshdi
2024-05-01 03:15:46,579 - api.auth - ERROR - To'lov rad etildi order=63253 kod=INSUFFICIENT_FUNDS
2024-05-01 03:16:04,095 - cache.redis - INFO - So'rov bajarildi: POST /login — 1829ms
2024-05-01 03:16:06,663 - api.auth - ERROR - DB ulanishi uzildi: timeout after 1291ms host=db-125
2024-05-01 03:16:07,582 - scheduler - WARN - Sekin so'rov: /api/v1/orders 1758ms chegaradan oshdi
2024-05-01 03:16:28,425 - worker.email - DEBUG - Cache hit key=user:66 ttl=2418s
2024-05-01 03:16:30,424 - db.pool - DEBUG - Cache hit key=user:430 ttl=3945s
2024-05-01 03:16:37,242 - api.auth - INFO - So'rov bajarildi: POST /api/v1/users — 1007ms
2024-05-01 03:16:40,397 - cache.redis - DEBUG - Cache hit key=user:515 ttl=3748s
2024-05-01 03:16:45,819 - payments.gateway - INFO - Buyurtma yaratildi id=80710 summa=1074853.03
2024-05-01 03:16:45,845 - api.orders - WARN - Sekin so'rov: /api/v1/orders 4171ms chegaradan oshdi
2024-05-01 03:16:53,295 - scheduler - INFO - Foydalanuvchi 595 tizimga kirdi, sessiya a527a1bfa180
2024-05-01 03:16:53,467 - worker.email - INFO - So'rov bajarildi: GET /api/v1/orders — 2624ms
2024-05-01 03:16:59,345 - api.auth - INFO - So'rov bajarildi: POST /login — 2439ms
2024-05-01 03:17:04,615 - cache.redis - INFO - Foydalanuvchi 872 tizimga kirdi, sessiya 62682fca4261
2024-05-01 03:17:11,321 - api.orders - DEBUG - Cache hit key=user:321 ttl=3587s
2024-05-01 03:17:29,453 - api.auth - INFO - Buyurtma yaratildi id=85436 summa=28300.11
2024-05-01 03:17:32,419 - api.auth - WARN - Ulanishlar hovuzi 3075% to'lgan
2024-05-01 03:17:35,936 - cache.redis - ERROR - DB ulanishi uzildi: timeout after 2059ms host=db-630
2024-05-01 03:18:51,178 - payments.gateway - WARN - Ulanishlar hovuzi 3784% to'lgan
2024-05-01 03:19:16,997 - cache.redis - INFO - So'rov bajarildi: POST /api/v1/orders — 4172ms
2024-05-01 03:19:30,488 - cache.redis - INFO - So'rov bajarildi: POST /login — 1965ms
2024-05-01 03:19:51,162 - cache.redis - DEBUG - Cache hit key=user:779 ttl=3639s
2024-05-01 03:20:00,701 - db.pool - WARN - Ulanishlar hovuzi 1097% to'lgan
2024-05-01 03:20:20,922 - scheduler - INFO - Foydalanuvchi 513 tizimga kirdi, sessiya 4867a98af9dd
2024-05-01 03:20:29,830 - cache.redis - DEBUG - Cache hit key=user:382 ttl=895s
2024-05-01 03:20:49,698 - scheduler - DEBUG - Cache hit key=user:133 ttl=3382s
2024-05-01 03:20:50,685 - scheduler - INFO - Foydalanuvchi 838 tizimga kirdi, sessiya f7991df1d87e
2024-05-01 03:20:50,792 - cache.redis - INFO - So'rov bajarildi: GET /login — 2177ms
2024-05-01 03:20:53,879 - api.orders - INFO - Foydalanuvchi 349 tizimga kirdi, sessiya 0489d0b0dcbb
2024-05-01 03:21:04,410 - api.orders - INFO - Foydalanuvchi 217 tizimga kirdi, sessiya b524a05245ee
2024-05-01 03:21:06,568 - scheduler - DEBUG - Cache hit key=user:78 ttl=1084s
2024-05-01 03:21:10,261 - api.auth - INFO - Buyurtma yaratildi id=40369 summa=1629168.96
2024-05-01 03:21:28,240 - cache.redis - DEBUG - Cache hit key=user:440 ttl=2774s
2024-05-01 03:21:32,979 - payments.gateway - INFO - So'rov bajarildi: POST /api/v1/orders — 711ms
2024-05-01 03:21:50,292 - scheduler - ERROR - To'lov rad etildi order=98116 kod=INSUFFICIENT_FUNDS
2024-05-01 03:22:03,782 - api.auth - INFO - So'rov bajarildi: POST /api/v1/orders — 2042ms
2024-05-01 03:22:19,455 - payments.gateway - ERROR - To'lov rad etildi order=81588 kod=INSUFFICIENT_FUNDS
2024-05-01 03:22:20,486 - cache.redis - DEBUG - Cache hit key=user:461 ttl=3238s
2024-05-01 03:22:32,996 - db.pool - INFO - So'rov bajarildi: GET /api/v1/orders — 3418ms
2024-05-01 03:22:33,975 - db.pool - INFO - So'rov bajarildi: POST /api/v1/users — 3806ms
2024-05-01 03:22:42,018 - api.auth - DEBUG - Cache hit key=user:292 ttl=3575s
2024-05-01 03:22:44,244 - worker.email - WARN - Sekin so'rov: /login 1479ms chegaradan oshdi
2024-05-01 03:22:48,167 - payments.gateway - INFO - Foydalanuvchi 553 tizimga kirdi, sessiya 0301d7bbe4ed
2024-05-01 03:22:54,599 - payments.gateway - INFO - So'rov bajarildi: POST /api/v1/users — 2908ms
2024-05-01 03:22:56,590 - cache.redis - INFO - Buyurtma yaratildi id=83812 summa=1457796.93
2024-05-01 03:22:57,965 - db.pool - INFO - Buyurtma yaratildi id=84751 summa=2457641.88
2024-05-01 03:23:04,726 - db.pool - INFO - So'rov bajarildi: GET /login — 3083ms
2024-05-01 03:23:06,642 - api.orders - ERROR - To'lov rad etildi order=69854 kod=INSUFFICIENT_FUNDS
2024-05-01 03:23:39,792 - api.orders - INFO - Foydalanuvchi 700 tizimga kirdi, sessiya b8dfff95ac96
2024-05-01 03:23:43,735 - payments.gateway - INFO - Foydalanuvchi 561 tizimga kirdi, sessiya da867703c8dd
2024-05-01 03:23:49,127 - api.auth - DEBUG - Cache hit key=user:518 ttl=382s
2024-05-01 03:23:56,715 - db.pool - INFO - So'rov bajarildi: GET /api/v1/users — 2952ms
2024-05-01 03:24:44,768 - cache.redis - INFO - Foydalanuvchi 539 tizimga kirdi, sessiya 02d6abd77221
2024-05-01 03:24:48,843 - db.pool - INFO - Buyurtma yaratildi id=88502 summa=3883642.83
2024-05-01 03:24:50,035 - api.orders - INFO - So'rov bajarildi: POST /login — 3287ms
2024-05-01 03:24:52,585 - db.pool - DEBUG - Cache hit key=user:771 ttl=990s
2024-05-01 03:24:57,116 - scheduler - INFO - So'rov bajarildi: POST /api/v1/users — 3282ms
2024-05-01 03:24:57,913 - api.orders - DEBUG - Cache hit key=user:461 ttl=4158s
2024-05-01 03:25:21,910 - worker.email - ERROR - To'lov rad etildi order=58024 kod=INSUFFICIENT_FUNDS
2024-05-01 03:25:22,666 - api.auth - INFO - Buyurtma yaratildi id=49012 summa=3882760.98
2024-05-01 03:25:24,785 - scheduler - INFO - So'rov bajarildi: GET /api/v1/orders — 2592ms
2024-05-01 03:25:27,700 - api.auth - INFO - Buyurtma yaratildi id=79179 summa=673676.66
2024-05-01 03:25:38,168 - scheduler - WARN - Sekin so'rov: /login 2265ms chegaradan oshdi
2024-05-01 03:25:43,995 - api.orders - INFO - So'rov bajarildi: GET /api/v1/users — 1548ms
2024-05-01 03:25:45,352 - cache.redis - INFO - So'rov bajarildi: GET /api/v1/orders — 1022ms
2024-05-01 03:25:51,190 - worker.email - INFO - So'rov bajarildi: POST /login — 1762ms
2024-05-01 03:25:54,908 - payments.gateway - INFO - Foydalanuvchi 492 tizimga kirdi, sessiya 641932168358
2024-05-01 03:26:25,409 - scheduler - INFO - So'rov bajarildi: GET /login — 1694ms
2024-05-01 03:26:30,275 - worker.email - INFO - Foydalanuvchi 782 tizimga kirdi, sessiya eb53e9eb1c65
2024-05-01 03:26:40,994 - api.orders - WARN - Sekin so'rov: /api/v1/users 2358ms chegaradan oshdi
2024-05-01 03:26:54,195 - api.orders - INFO - Foydalanuvchi 374 tizimga kirdi, sessiya c77aeb744801
2024-05-01 03:26:59,582 - scheduler - INFO - Foydalanuvchi 423 tizimga kirdi, sessiya ee5830f5b0ab
2024-05-01 03:27:06,341 - api.orders - INFO - So'rov bajarildi: POST /login — 3743ms
2024-05-01 03:27:08,551 - db.pool - INFO - Buyurtma yaratildi id=38001 summa=70478.21
2024-05-01 03:27:32,723 - scheduler - INFO - Buyurtma yaratildi id=42045 summa=560524.82
2024-05-01 03:27:39,361 - api.auth - INFO - Foydalanuvchi 143 tizimga kirdi, sessiya c71defe9aa57
2024-05-01 03:27:45,049 - cache.redis - DEBUG - Cache hit key=user:44 ttl=1361s
2024-05-01 03:27:47,217 - scheduler - INFO - So'rov bajarildi: GET /api/v1/users — 1725ms
2024-05-01 03:28:13,895 - scheduler - INFO - So'rov bajarildi: POST /api/v1/users — 1053ms
2024-05-01 03:28:30,385 - scheduler - WARN - Sekin so'rov: /api/v1/users 2184ms chegaradan oshdi
2024-05-01 03:28:36,151 - api.orders - WARN - Ulanishlar hovuzi 669% to'lgan
2024-05-01 03:28:37,434 - worker.email - INFO - So'rov bajarildi: GET /api/v1/orders — 3966ms
2024-05-01 03:28:57,766 - api.orders - INFO - So'rov bajarildi: GET /api/v1/users — 2632ms
2024-05-01 03:28:58,178 - payments.gateway - INFO - Foydalanuvchi 755 tizimga kirdi, sessiya 58dbfe474473
2024-05-01 03:28:59,967 - api.orders - DEBUG - Cache hit key=user:63 ttl=523s
2024-05-01 03:29:17,368 - worker.email - DEBUG - Cache hit key=user:285 ttl=2726s
2024-05-01 03:29:29,648 - api.auth - ERROR - DB ulanishi uzildi: timeout after 3459ms host=db-469
2024-05-01 03:29:33,376 - cache.redis - INFO - So'rov bajarildi: GET /api/v1/orders — 3923ms
2024-05-01 03:29:33,508 - api.orders - INFO - Foydalanuvchi 333 tizimga kirdi, sessiya 62d93080e8e9
2024-05-01 03:29:36,219 - api.auth - DEBUG - Cache hit key=user:55 ttl=1238s
2024-05-01 03:30:00,727 - api.auth - DEBUG - Cache hit key=user:626 ttl=2195s
2024-05-01 03:30:20,522 - payments.gateway - INFO - Foydalanuvchi 464 tizimga kirdi, sessiya dd9f7515ae20
2024-05-01 03:30:31,431 - api.orders - INFO - Buyurtma yaratildi id=25038 summa=3460882.15
2024-05-01 03:30:37,981 - worker.email - ERROR - To'lov rad etildi order=65640 kod=INSUFFICIENT_FUNDS
2024-05-01 03:31:10,194 - api.orders - INFO - Foydalanuvchi 760 tizimga kirdi, sessiya 0e0895e6f7b6
2024-05-01 03:31:14,211 - cache.redis - INFO - So'rov bajarildi: GET /login — 1050ms
2024-05-01 03:31:14,660 - db.pool - INFO - Buyurtma yaratildi id=20701 summa=3160791.65
2024-05-01 03:31:15,551 - scheduler - WARN - Ulanishlar hovuzi 1175% to'lgan
2024-05-01 03:31:29,099 - payments.gateway - INFO - So'rov bajarildi: POST /api/v1/users — 519ms
2024-05-01 03:31:48,425 - api.auth - WARN - Sekin so'rov: /login 1421ms chegaradan oshdi
2024-05-01 03:31:56,498 - payments.gateway - INFO - So'rov bajarildi: POST /api/v1/orders — 2405ms
2024-05-01 03:32:01,652 - worker.email - INFO - So'rov bajarildi: GET /api/v1/orders — 3239ms
2024-05-01 03:32:03,319 - scheduler - INFO - Foydalanuvchi 312 tizimga kirdi, sessiya fb29c59e5054
2024-05-01 03:32:29,751 - api.orders - INFO - Foydalanuvchi 171 tizimga kirdi, sessiya b660f9dcde65
2024-05-01 03:32:32,284 - db.pool - INFO - So'rov bajarildi: GET /login — 338ms
2024-05-01 03:32:52,737 - cache.redis - DEBUG - Cache hit key=user:103 ttl=2984s
2024-05-01 03:33:04,204 - cache.redis - ERROR - DB ulanishi uzildi: timeout after 3699ms host=db-627
2024-05-01 03:33:07,790 - db.pool - INFO - Buyurtma yaratildi id=93149 summa=73648.65
2024-05-01 03:33:09,532 - db.pool - INFO - So'rov bajarildi: POST /api/v1/users — 1452ms
2024-05-01 03:33:09,834 - api.orders - DEBUG - Cache hit key=user:131 ttl=126s
2024-05-01 03:33:15,821 - api.auth - INFO - So'rov bajarildi: POST /api/v1/orders — 3790ms
2024-05-01 03:33:18,015 - db.pool - DEBUG - Cache hit key=user:590 ttl=4014s
2024-05-01 03:33:18,994 - scheduler - INFO - Foydalanuvchi 483 tizimga kirdi, sessiya b2c89693062c
2024-05-01 03:33:20,843 - api.auth - INFO - Buyurtma yaratildi id=33868 summa=548196.52
2024-05-01 03:33:32,745 - db.pool - ERROR - DB ulanishi uzildi: timeout after 4196ms host=db-4
2024-05-01 03:33:44,644 - db.pool - INFO - Buyurtma yaratildi id=67297 summa=2157671.65
2024-05-01 03:33:50,718 - cache.redis - WARN - Sekin so'rov: /api/v1/orders 1435ms chegaradan oshdi
2024-05-01 03:33:52,519 - api.auth - ERROR - DB ulanishi uzildi: timeout after 3763ms host=db-293
2024-05-01 03:33:56,702 - api.auth - INFO - So'rov bajarildi: GET /login — 460ms
2024-05-01 03:34:10,029 - scheduler - INFO - Buyurtma yaratildi id=16190 summa=3679416.85
2024-05-01 03:34:42,715 - db.pool - INFO - Foydalanuvchi 479 tizimga kirdi, sessiya fab014cfdf40
2024-05-01 03:34:52,306 - cache.redis - INFO - Buyurtma yaratildi id=52467 summa=511159.91
2024-05-01 03:35:01,146 - api.auth - ERROR - DB ulanishi uzildi: timeout after 2254ms host=db-15
2024-05-01 03:35:10,635 - worker.email - CRITICAL - Xizmat javob bermayapti: worker-23 qayta ishga tushirilmoqda
2024-05-01 03:35:16,755 - api.orders - DEBUG - Cache hit key=user:702 ttl=3526s
2024-05-01 03:35:24,259 - cache.redis - INFO - Buyurtma yaratildi id=43941 summa=2263352.63
2024-05-01 03:35:24,792 - api.auth - DEBUG - Cache hit key=user:217 ttl=1585s
2024-05-01 03:35:46,438 - db.pool - INFO - So'rov bajarildi: GET /api/v1/orders — 692ms
2024-05-01 03:35:49,176 - api.orders - INFO - So'rov bajarildi: POST /login — 408ms
2024-05-01 03:35:59,355 - payments.gateway - INFO - Foydalanuvchi 849 tizimga kirdi, sessiya 1d674491fcd5
2024-05-01 03:36:02,555 - cache.redis - DEBUG - Cache hit key=user:105 ttl=2072s
2024-05-01 03:36:09,746 - api.orders - INFO - Foydalanuvchi 142 tizimga kirdi, sessiya 2d46c5c3133a
2024-05-01 03:36:10,849 - api.auth - ERROR - DB ulanishi uzildi: timeout after 1371ms host=db-797
2024-05-01 03:36:15,825 - worker.email - INFO - Foydalanuvchi 750 tizimga kirdi, sessiya e737c1ca6962
2024-05-01 03:36:16,934 - db.pool - ERROR - DB ulanishi uzildi: timeout after 1552ms host=db-499
2024-05-01 03:36:36,827 - payments.gateway - DEBUG - Cache hit key=user:205 ttl=414s
2024-05-01 03:36:38,093 - api.auth - INFO - Foydalanuvchi 383 tizimga kirdi, sessiya c7458bfa572e
2024-05-01 03:36:55,233 - cache.redis - ERROR - DB ulanishi uzildi: timeout after 2673ms host=db-33
2024-05-01 03:37:02,160 - scheduler - ERROR - To'lov rad etildi order=91439 kod=INSUFFICIENT_FUNDS
2024-05-01 03:37:31,228 - db.pool - INFO - So'rov bajarildi: GET /api/v1/users — 1469ms
2024-05-01 03:37:32,565 - api.orders - INFO - So'rov bajarildi: GET /login — 28ms
2024-05-01 03:37:38,959 - payments.gateway - INFO - Foydalanuvchi 602 tizimga kirdi, sessiya e282440a58dc
2024-05-01 03:37:40,794 - worker.email - ERROR - DB ulanishi uzildi: timeout after 213ms host=db-122
2024-05-01 03:37:49,937 - db.pool - INFO - Foydalanuvchi 670 tizimga kirdi, sessiya 417fc3b44d4d
2024-05-01 03:37:52,415 - payments.gateway - DEBUG - Cache hit key=user:557 ttl=1948s
2024-05-01 03:37:54,412 - worker.email - ERROR - To'lov rad etildi order=23081 kod=INSUFFICIENT_FUNDS
2024-05-01 03:37:56,043 - cache.redis - INFO - So'rov bajarildi: POST /api/v1/users — 780ms
2024-05-01 03:38:13,663 - api.auth - INFO - Foydalanuvchi 77 tizimga kirdi, sessiya 85f8677e14e0
2024-05-01 03:38:28,486 - scheduler - INFO - So'rov bajarildi: GET /api/v1/users — 3279ms
2024-05-01 03:38:34,930 - api.auth - WARN - Ulanishlar hovuzi 1482% to'lgan
2024-05-01 03:38:36,077 - payments.gateway - INFO - So'rov bajarildi: POST /api/v1/users — 1457ms
2024-05-01 03:38:42,849 - worker.email - INFO - Foydalanuvchi 782 tizimga kirdi, sessiya 4b5e3ca5d27c
2024-05-01 03:38:45,127 - scheduler - WARN - Ulanishlar hovuzi 1511% to'lgan
2024-05-01 03:39:05,528 - api.auth - WARN - Sekin so'rov: /api/v1/users 286ms chegaradan oshdi
2024-05-01 03:39:09,573 - payments.gateway - INFO - So'rov bajarildi: GET /login — 1756ms
2024-05-01 03:39:15,767 - worker.email - INFO - Buyurtma yaratildi id=64179 summa=557964.43
2024-05-01 03:39:23,356 - api.auth - INFO - Buyurtma yaratildi id=18226 summa=3436355.01
2024-05-01 03:39:29,630 - db.pool - INFO - Foydalanuvchi 137 tizimga kirdi, sessiya 29e1007b47c8
2024-05-01 03:39:49,182 - api.auth - INFO - Foydalanuvchi 717 tizimga kirdi, sessiya a783e45b38f1
2024-05-01 03:39:51,018 - scheduler - INFO - Foydalanuvchi 619 tizimga kirdi, sessiya 8ea7e2b963e9
2024-05-01 03:39:53,939 - worker.email - INFO - Foydalanuvchi 149 tizimga kirdi, sessiya 2c2430f6df52
2024-05-01 03:40:04,467 - worker.email - INFO - So'rov bajarildi: POST /api/v1/users — 1620ms
2024-05-01 03:40:10,865 - cache.redis - INFO - So'rov bajarildi: GET /api/v1/users — 3316ms
2024-05-01 03:40:15,218 - payments.gateway - WARN - Sekin so'rov: /api/v1/orders 3109ms chegaradan oshdi
2024-05-01 03:40:15,719 - scheduler - INFO - So'rov bajarildi: GET /api/v1/orders — 3194ms
2024-05-01 03:40:33,571 - cache.redis - WARN - Ulanishlar hovuzi 1933% to'lgan
2024-05-01 03:40:38,612 - api.auth - INFO - Buyurtma yaratildi id=50043 summa=99657.96
2024-05-01 03:40:50,963 - api.auth - INFO - So'rov bajarildi: GET /api/v1/orders — 2072ms
2024-05-01 03:40:55,416 - cache.redis - WARN - Ulanishlar hovuzi 1342% to'lgan
2024-05-01 03:41:01,288 - scheduler - INFO - So'rov bajarildi: POST /api/v1/users — 1683ms
2024-05-01 03:41:07,453 - worker.email - DEBUG - Cache hit key=user:646 ttl=3848s
2024-05-01 03:41:10,794 - worker.email - WARN - Sekin so'rov: /login 453ms chegaradan oshdi
2024-05-01 03:41:14,094 - scheduler - DEBUG - Cache hit key=user:598 ttl=418s
2024-05-01 03:41:30,997 - worker.email - DEBUG - Cache hit key=user:607 ttl=3357s
2024-05-01 03:41:33,105 - payments.gateway - DEBUG - Cache hit key=user:720 ttl=3951s
2024-05-01 03:41:36,329 - scheduler - INFO - So'rov bajarildi: POST /api/v1/users — 2005ms
2024-05-01 03:41:39,883 - scheduler - DEBUG - Cache hit key=user:766 ttl=200s
2024-05-01 03:41:46,350 - db.pool - CRITICAL - Xizmat javob bermayapti: worker-273 qayta ishga tushirilmoqda
2024-05-01 03:42:05,151 - cache.redis - WARN - Sekin so'rov: /api/v1/orders 3043ms chegaradan oshdi
2024-05-01 03:42:12,223 - api.auth - WARN - Sekin so'rov: /api/v1/users 1749ms chegaradan oshdi
2024-05-01 03:42:26,522 - payments.gateway - INFO - Foydalanuvchi 292 tizimga kirdi, sessiya 1720b50806d3
2024-05-01 03:42:26,604 - worker.email - DEBUG - Cache hit key=user:455 ttl=2936s
2024-05-01 03:42:32,885 - cache.redis - INFO - Foydalanuvchi 246 tizimga kirdi, sessiya ae87fb43bc68
2024-05-01 03:42:35,621 - api.orders - ERROR - To'lov rad etildi order=67437 kod=INSUFFICIENT_FUNDS
2024-05-01 03:42:36,659 - scheduler - INFO - So'rov bajarildi: POST /api/v1/orders — 1974ms
2024-05-01 03:42:36,767 - db.pool - WARN - Ulanishlar hovuzi 1161% to'lgan
2024-05-01 03:42:41,017 - cache.redis - WARN - Sekin so'rov: /login 305ms chegaradan oshdi
2024-05-01 03:42:48,848 - cache.redis - INFO - Foydalanuvchi 688 tizimga kirdi, sessiya 9ef007680e12
2024-05-01 03:42:55,559 - worker.email - INFO - Buyurtma yaratildi id=64298 summa=3975847.3
2024-05-01 03:43:00,976 - worker.email - INFO - Foydalanuvchi 658 tizimga kirdi, sessiya a942253065d4
2024-05-01 03:43:39,368 - api.orders - ERROR - DB ulanishi uzildi: timeout after 2109ms host=db-281
2024-05-01 03:43:48,531 - api.auth - INFO - So'rov bajarildi: GET /api/v1/users — 3670ms
2024-05-01 03:43:49,115 - payments.gateway - INFO - So'rov bajarildi: GET /api/v1/users — 2415ms
2024-05-01 03:43:51,974 - scheduler - WARN - Ulanishlar hovuzi 1402% to'lgan
2024-05-01 03:43:52,944 - db.pool - INFO - Buyurtma yaratildi id=93626 summa=3298385.09
2024-05-01 03:43:53,304 - api.orders - INFO - Buyurtma yaratildi id=55284 summa=887177.18
2024-05-01 03:43:55,273 - worker.email - WARN - Ulanishlar hovuzi 1038% to'lgan
2024-05-01 03:43:57,273 - scheduler - DEBUG - Cache hit key=user:662 ttl=1383s
2024-05-01 03:44:02,148 - cache.redis - DEBUG - Cache hit key=user:777 ttl=3349s
2024-05-01 03:44:02,460 - cache.redis - DEBUG - Cache hit key=user:188 ttl=3102s
2024-05-01 03:44:04,339 - api.auth - INFO - So'rov bajarildi: GET /api/v1/orders — 3542ms
2024-05-01 03:44:06,000 - cache.redis - INFO - So'rov bajarildi: GET /api/v1/users — 17ms
2024-05-01 03:44:16,859 - api.auth - INFO - So'rov bajarildi: GET /api/v1/users — 3912ms
2024-05-01 03:44:16,923 - scheduler - INFO - So'rov bajarildi: POST /api/v1/users — 3195ms
2024-05-01 03:44:18,820 - api.auth - DEBUG - Cache hit key=user:498 ttl=1993s
2024-05-01 03:44:20,525 - payments.gateway - DEBUG - Cache hit key=user:256 ttl=2058s
2024-05-01 03:44:32,472 - payments.gateway - ERROR - DB ulanishi uzildi: timeout after 1039ms host=db-237
2024-05-01 03:44:32,484 - api.auth - INFO - So'rov bajarildi: POST /api/v1/users — 768ms
2024-05-01 03:44:37,607 - scheduler - INFO - So'rov bajarildi: POST /login — 4153ms
2024-05-01 03:45:01,503 - api.orders - WARN - Ulanishlar hovuzi 456% to'lgan
2024-05-01 03:45:33,218 - cache.redis - INFO - Foydalanuvchi 618 tizimga kirdi, sessiya 83d62aacef37
2024-05-01 03:45:34,123 - cache.redis - WARN - Sekin so'rov: /api/v1/orders 2990ms chegaradan oshdi
2024-05-01 03:45:43,748 - api.orders - WARN - Ulanishlar hovuzi 424% to'lgan
2024-05-01 03:45:45,347 - worker.email - DEBUG - Cache hit key=user:669 ttl=1737s
2024-05-01 03:45:46,285 - cache.redis - WARN - Ulanishlar hovuzi 4043% to'lgan
2024-05-01 03:45:55,909 - api.orders - ERROR - DB ulanishi uzildi: timeout after 2857ms host=db-50
2024-05-01 03:46:01,055 - payments.gateway - INFO - Foydalanuvchi 66 tizimga kirdi, sessiya 32f1733f9cc7
2024-05-01 03:46:19,168 - api.auth - INFO - So'rov bajarildi: POST /login — 3502ms
2024-05-01 03:46:20,459 - payments.gateway - INFO - Foydalanuvchi 127 tizimga kirdi, sessiya e9c1d7f276db
2024-05-01 03:46:27,740 - worker.email - INFO - Foydalanuvchi 341 tizimga kirdi, sessiya ebed84ce493f
2024-05-01 03:46:28,685 - api.orders - DEBUG - Cache hit key=user:345 ttl=755s
2024-05-01 03:46:29,573 - cache.redis - INFO - Foydalanuvchi 798 tizimga kirdi, sessiya 93317ae5309f
2024-05-01 03:46:36,232 - payments.gateway - WARN - Ulanishlar hovuzi 2759% to'lgan
2024-05-01 03:47:01,254 - worker.email - DEBUG - Cache hit key=user:874 ttl=1841s
2024-05-01 03:47:07,905 - api.auth - INFO - Foydalanuvchi 218 tizimga kirdi, sessiya 6d90322309c3
2024-05-01 03:47:16,900 - cache.redis - ERROR - To'lov rad etildi order=20701 kod=INSUFFICIENT_FUNDS
2024-05-01 03:47:21,510 - scheduler - ERROR - DB ulanishi uzildi: timeout after 1971ms host=db-586
2024-05-01 03:47:22,697 - api.auth - INFO - Foydalanuvchi 606 tizimga kirdi, sessiya e2de8d16bdf9
2024-05-01 03:47:27,016 - db.pool - INFO - So'rov bajarildi: POST /api/v1/orders — 1384ms
2024-05-01 03:47:28,947 - payments.gateway - DEBUG - Cache hit key=user:250 ttl=440s
2024-05-01 03:47:28,996 - api.auth - INFO - Foydalanuvchi 358 tizimga kirdi, sessiya 40945d6e2398
2024-05-01 03:47:43,355 - scheduler - INFO - So'rov bajarildi: POST /api/v1/users — 596ms
2024-05-01 03:48:02,653 - payments.gateway - DEBUG - Cache hit key=user:474 ttl=3723s
2024-05-01 03:48:08,656 - cache.redis - INFO - Foydalanuvchi 786 tizimga kirdi, sessiya a725ef8bd31d
2024-05-01 03:48:09,014 - worker.email - INFO - So'rov bajarildi: POST /login — 212ms
2024-05-01 03:48:13,071 - api.orders - INFO - Foydalanuvchi 24 tizimga kirdi, sessiya 5980fb48caf5
2024-05-01 03:48:19,874 - payments.gateway - INFO - Foydalanuvchi 572 tizimga kirdi, sessiya e8d56dfab1c8
2024-05-01 03:48:52,664 - scheduler - INFO - Foydalanuvchi 610 tizimga kirdi, sessiya 7f382073324c
2024-05-01 03:48:58,870 - cache.redis - ERROR - DB ulanishi uzildi: timeout after 3457ms host=db-496
2024-05-01 03:49:04,106 - worker.email - INFO - Buyurtma yaratildi id=62774 summa=2971981.36
2024-05-01 03:49:21,994 - api.orders - INFO - So'rov bajarildi: GET /api/v1/orders — 3046ms
2024-05-01 03:49:39,259 - payments.gateway - ERROR - DB ulanishi uzildi: timeout after 900ms host=db-29
2024-05-01 03:50:03,746 - api.orders - INFO - So'rov bajarildi: POST /login — 2535ms
2024-05-01 03:50:03,912 - db.pool - INFO - So'rov bajarildi: POST /api/v1/users — 3177ms
2024-05-01 03:50:24,997 - db.pool - INFO - Foydalanuvchi 103 tizimga kirdi, sessiya 7f8202a1fc4d
2024-05-01 03:50:28,723 - api.auth - INFO - Buyurtma yaratildi id=29473 summa=3312402.52
2024-05-01 03:50:34,049 - payments.gateway - DEBUG - Cache hit key=user:90 ttl=208s
2024-05-01 03:50:45,952 - cache.redis - CRITICAL - Xizmat javob bermayapti: worker-376 qayta ishga tushirilmoqda
2024-05-01 03:51:22,470 - cache.redis - WARN - Ulanishlar hovuzi 2813% to'lgan
2024-05-01 03:51:37,706 - api.orders - DEBUG - Cache hit key=user:479 ttl=1840s
2024-05-01 03:52:07,618 - worker.email - INFO - Foydalanuvchi 287 tizimga kirdi, sessiya 7d28df9ea43c
2024-05-01 03:52:10,572 - api.auth - DEBUG - Cache hit key=user:290 ttl=3860s
2024-05-01 03:52:16,859 - db.pool - INFO - So'rov bajarildi: GET /api/v1/orders — 2798ms
2024-05-01 03:52:32,077 - api.orders - INFO - Foydalanuvchi 727 tizimga kirdi, sessiya 1eba2a0708ec
2024-05-01 03:52:33,424 - api.auth - INFO - So'rov bajarildi: GET /api/v1/users — 4120ms
2024-05-01 03:52:33,875 - cache.redis - INFO - Foydalanuvchi 69 tizimga kirdi, sessiya 393709ca6fe5
2024-05-01 03:52:47,129 - db.pool - WARN - Sekin so'rov: /api/v1/users 544ms chegaradan oshdi
2024-05-01 03:53:09,865 - scheduler - INFO - So'rov bajarildi: POST /api/v1/users — 4096ms
2024-05-01 03:53:41,703 - cache.redis - INFO - Foydalanuvchi 336 tizimga kirdi, sessiya 80e1dfd1653f
2024-05-01 03:53:46,698 - db.pool - WARN - Sekin so'rov: /login 3024ms chegaradan oshdi
2024-05-01 03:53:59,816 - api.auth - DEBUG - Cache hit key=user:794 ttl=1497s
2024-05-01 03:54:09,881 - worker.email - ERROR - To'lov rad etildi order=13288 kod=INSUFFICIENT_FUNDS
2024-05-01 03:54:11,197 - db.pool - INFO - So'rov bajarildi: POST /api/v1/orders — 2478ms
2024-05-01 03:54:51,089 - api.auth - INFO - Foydalanuvchi 508 tizimga kirdi, sessiya c9b6481f48ad
2024-05-01 03:54:57,924 - worker.email - ERROR - DB ulanishi uzildi: timeout after 3908ms host=db-630
2024-05-01 03:55:06,154 - cache.redis - WARN - Ulanishlar hovuzi 1662% to'lgan
2024-05-01 03:55:06,777 - api.orders - INFO - Foydalanuvchi 309 tizimga kirdi, sessiya 64944633d2a8
2024-05-01 03:55:10,170 - api.auth - INFO - Foydalanuvchi 542 tizimga kirdi, sessiya 327b67cd5964
2024-05-01 03:55:15,986 - payments.gateway - INFO - Foydalanuvchi 185 tizimga kirdi, sessiya 7b0e67e22967
2024-05-01 03:55:34,350 - scheduler - DEBUG - Cache hit key=user:745 ttl=3539s
2024-05-01 03:55:40,489 - worker.email - INFO - Buyurtma yaratildi id=39845 summa=859870.27
2024-05-01 03:55:50,168 - cache.redis - INFO - Buyurtma yaratildi id=51892 summa=3425482.52
2024-05-01 03:56:02,513 - api.auth - INFO - Foydalanuvchi 85 tizimga kirdi, sessiya fbfb06922009
2024-05-01 03:56:15,165 - api.orders - INFO - So'rov bajarildi: GET /api/v1/users — 3864ms
2024-05-01 03:56:18,075 - api.auth - INFO - So'rov bajarildi: POST /api/v1/orders — 767ms
2024-05-01 03:56:28,295 - payments.gateway - INFO - Foydalanuvchi 93 tizimga kirdi, sessiya 1fb5d8f837a1
2024-05-01 03:56:29,443 - db.pool - INFO - So'rov bajarildi: GET /login — 3258ms
2024-05-01 03:56:34,072 - payments.gateway - ERROR - DB ulanishi uzildi: timeout after 3977ms host=db-473
2024-05-01 03:56:42,950 - worker.email - INFO - So'rov bajarildi: GET /login — 229ms
2024-05-01 03:57:03,412 - scheduler - DEBUG - Cache hit key=user:216 ttl=1845s
2024-05-01 03:57:13,307 - payments.gateway - INFO - So'rov bajarildi: POST /api/v1/users — 170ms
2024-05-01 03:57:30,528 - cache.redis - INFO - So'rov bajarildi: GET /api/v1/orders — 1446ms
2024-05-01 03:57:36,338 - scheduler - INFO - Buyurtma yaratildi id=62061 summa=3399444.01
2024-05-01 03:57:55,370 - api.orders - INFO - So'rov bajarildi: GET /login — 3473ms
2024-05-01 03:57:58,786 - api.auth - DEBUG - Cache hit key=user:574 ttl=681s
2024-05-01 03:58:02,106 - worker.email - WARN - Sekin so'rov: /api/v1/users 562ms chegaradan oshdi
2024-05-01 03:58:15,085 - cache.redis - DEBUG - Cache hit key=user:659 ttl=47s
2024-05-01 03:58:15,683 - api.orders - INFO - Buyurtma yaratildi id=48809 summa=2747545.56
2024-05-01 03:58:26,019 - payments.gateway - INFO - Buyurtma yaratildi id=90496 summa=2967488.24
2024-05-01 03:59:05,042 - cache.redis - INFO - Buyurtma yaratildi id=63854 summa=886753.93
2024-05-01 03:59:10,891 - payments.gateway - INFO - So'rov bajarildi: POST /api/v1/orders — 374ms
2024-05-01 03:59:13,973 - worker.email - INFO - Foydalanuvchi 184 tizimga kirdi, sessiya 932549ef92e6
2024-05-01 03:59:16,853 - api.auth - INFO - So'rov bajarildi: GET /api/v1/orders — 816ms
2024-05-01 03:59:17,993 - api.auth - INFO - So'rov bajarildi: POST /login — 2668ms
2024-05-01 03:59:25,523 - db.pool - INFO - So'rov bajarildi: GET /api/v1/orders — 1937ms
2024-05-01 03:59:27,361 - db.pool - INFO - So'rov bajarildi: POST /api/v1/users — 1884ms
2024-05-01 03:59:42,458 - db.pool - INFO - Buyurtma yaratildi id=26999 summa=889759.52
2024-05-01 03:59:47,435 - api.orders - INFO - Foydalanuvchi 309 tizimga kirdi, sessiya 645152aa2e98
2024-05-01 03:59:47,613 - api.auth - WARN - Sekin so'rov: /api/v1/orders 3074ms chegaradan oshdi
2024-05-01 03:59:55,859 - cache.redis - DEBUG - Cache hit key=user:717 ttl=2386s
2024-05-01 04:00:38,244 - api.orders - DEBUG - Cache hit key=user:776 ttl=1143s
2024-05-01 04:00:46,527 - db.pool - INFO - So'rov bajarildi: GET /api/v1/users — 1865ms
2024-05-01 04:00:50,388 - scheduler - ERROR - DB ulanishi uzildi: timeout after 687ms host=db-229
2024-05-01 04:01:11,295 - api.auth - WARN - Ulanishlar hovuzi 2279% to'lgan
2024-05-01 04:01:12,485 - worker.email - INFO - So'rov bajarildi: GET /login — 2865ms
2024-05-01 04:01:20,977 - api.auth - DEBUG - Cache hit key=user:703 ttl=3041s
2024-05-01 04:01:24,027 - payments.gateway - INFO - So'rov bajarildi: POST /login — 657ms
2024-05-01 04:01:34,158 - cache.redis - ERROR - To'lov rad etildi order=48182 kod=INSUFFICIENT_FUNDS
2024-05-01 04:01:38,995 - scheduler - DEBUG - Cache hit key=user:709 ttl=1842s
2024-05-01 04:01:39,952 - api.orders - INFO - Buyurtma yaratildi id=49431 summa=1899679.63
2024-05-01 04:01:51,094 - api.auth - INFO - Buyurtma yaratildi id=18181 summa=1085769.61
2024-05-01 04:02:04,477 - api.auth - INFO - Buyurtma yaratildi id=66763 summa=1263773.68
2024-05-01 04:02:08,110 - db.pool - INFO - Foydalanuvchi 77 tizimga kirdi, sessiya 35fa9fd6f617
2024-05-01 04:02:09,645 - api.auth - INFO - Foydalanuvchi 103 tizimga kirdi, sessiya 6941e7ad20b2
2024-05-01 04:02:12,709 - db.pool - DEBUG - Cache hit key=user:84 ttl=3818s
2024-05-01 04:02:24,940 - cache.redis - INFO - Foydalanuvchi 860 tizimga kirdi, sessiya ce4a3f21397e
2024-05-01 04:02:36,522 - db.pool - INFO - So'rov bajarildi: GET /api/v1/users — 2181ms
2024-05-01 04:02:40,000 - db.pool - INFO - Foydalanuvchi 705 tizimga kirdi, sessiya 7d98cafe5e9e
2024-05-01 04:02:49,567 - scheduler - WARN - Ulanishlar hovuzi 2193% to'lgan
2024-05-01 04:03:17,114 - api.orders - ERROR - To'lov rad etildi order=36630 kod=INSUFFICIENT_FUNDS
2024-05-01 04:03:24,958 - api.orders - WARN - Ulanishlar hovuzi 3279% to'lgan
2024-05-01 04:03:25,365 - scheduler - INFO - So'rov bajarildi: GET /api/v1/users — 2807ms
2024-05-01 04:03:31,154 - api.orders - INFO - Foydalanuvchi 27 tizimga kirdi, sessiya c995de68e515
2024-05-01 04:03:47,292 - db.pool - INFO - Buyurtma yaratildi id=71349 summa=710341.55
2024-05-01 04:03:51,848 - worker.email - INFO - Foydalanuvchi 8 tizimga kirdi, sessiya b1f2ddb3c4e8
2024-05-01 04:04:13,929 - scheduler - INFO - Foydalanuvchi 66 tizimga kirdi, sessiya 8a22c8aa34d7
2024-05-01 04:04:32,479 - cache.redis - INFO - So'rov bajarildi: POST /login — 1037ms
2024-05-01 04:04:33,333 - payments.gateway - ERROR - To'lov rad etildi order=77469 kod=INSUFFICIENT_FUNDS
2024-05-01 04:04:59,203 - worker.email - ERROR - DB ulanishi uzildi: timeout after 2713ms host=db-626
2024-05-01 04:05:22,890 - api.auth - DEBUG - Cache hit key=user:388 ttl=2034s
2024-05-01 04:05:31,947 - worker.email - ERROR - DB ulanishi uzildi: timeout after 3527ms host=db-217
2024-05-01 04:05:34,731 - scheduler - INFO - Buyurtma yaratildi id=41804 summa=2522023.46
2024-05-01 04:05:37,368 - api.orders - CRITICAL - Xizmat javob bermayapti: worker-742 qayta ishga tushirilmoqda
2024-05-01 04:05:37,748 - cache.redis - WARN - Sekin so'rov: /login 720ms chegaradan oshdi
2024-05-01 04:06:02,227 - scheduler - INFO - Foydalanuvchi 85 tizimga kirdi, sessiya ca012af7fbb1
2024-05-01 04:06:06,359 - scheduler - INFO - Buyurtma yaratildi id=58955 summa=1279489.36
2024-05-01 04:06:06,917 - cache.redis - INFO - So'rov bajarildi: GET /login — 2564ms
2024-05-01 04:06:07,215 - payments.gateway - INFO - So'rov bajarildi: GET /login — 3894ms
2024-05-01 04:06:10,215 - worker.email - INFO - So'rov bajarildi: GET /api/v1/orders — 1239ms
2024-05-01 04:06:11,914 - api.auth - INFO - Foydalanuvchi 84 tizimga kirdi, sessiya 60f3be629923
2024-05-01 04:06:12,203 - api.auth - INFO - Buyurtma yaratildi id=17033 summa=1762514.72
2024-05-01 04:06:13,132 - db.pool - WARN - Sekin so'rov: /api/v1/users 2321ms chegaradan oshdi
2024-05-01 04:06:26,983 - db.pool - WARN - Sekin so'rov: /api/v1/orders 3477ms chegaradan oshdi
2024-05-01 04:06:50,830 - scheduler - DEBUG - Cache hit key=user:850 ttl=1375s
2024-05-01 04:06:54,483 - worker.email - INFO - So'rov bajarildi: POST /api/v1/users — 572ms
2024-05-01 04:07:46,231 - cache.redis - INFO - Foydalanuvchi 239 tizimga kirdi, sessiya 1cf6e177de87
2024-05-01 04:07:51,498 - api.auth - INFO - So'rov bajarildi: POST /api/v1/users — 3320ms
2024-05-01 04:08:15,492 - payments.gateway - DEBUG - Cache hit key=user:669 ttl=3322s
2024-05-01 04:08:26,009 - payments.gateway - INFO - Buyurtma yaratildi id=66107 summa=2746772.06
2024-05-01 04:08:47,583 - cache.redis - ERROR - DB ulanishi uzildi: timeout after 3110ms host=db-577
2024-05-01 04:09:08,635 - scheduler - WARN - Sekin so'rov: /api/v1/orders 2443ms chegaradan oshdi
2024-05-01 04:09:29,982 - cache.redis - INFO - So'rov bajarildi: POST /api/v1/users — 689ms
2024-05-01 04:09:46,058 - payments.gateway - DEBUG - Cache hit key=user:754 ttl=1723s
2024-05-01 04:09:54,016 - cache.redis - INFO - So'rov bajarildi: POST /api/v1/orders — 3881ms
2024-05-01 04:09:58,538 - scheduler - DEBUG - Cache hit key=user:528 ttl=2814s
2024-05-01 04:10:02,859 - db.pool - DEBUG - Cache hit key=user:899 ttl=3201s
2024-05-01 04:10:31,566 - api.orders - INFO - So'rov bajarildi: GET /login — 3249ms
2024-05-01 04:10:43,132 - db.pool - DEBUG - Cache hit key=user:395 ttl=2329s
2024-05-01 04:10:44,299 - scheduler - WARN - Sekin so'rov: /api/v1/orders 386ms chegaradan oshdi
2024-05-01 04:10:51,717 - cache.redis - INFO - Foydalanuvchi 626 tizimga kirdi, sessiya 26aaa44e8e63
2024-05-01 04:10:58,305 - payments.gateway - INFO - Foydalanuvchi 602 tizimga kirdi, sessiya 360f8a61a40a
2024-05-01 04:11:04,971 - api.auth - INFO - Foydalanuvchi 114 tizimga kirdi, sessiya 9328fea263b9
2024-05-01 04:11:15,635 - api.auth - DEBUG - Cache hit key=user:201 ttl=3797s
2024-05-01 04:11:16,549 - payments.gateway - INFO - Foydalanuvchi 705 tizimga kirdi, sessiya 0cac4040e905
2024-05-01 04:11:18,701 - scheduler - DEBUG - Cache hit key=user:744 ttl=2572s
2024-05-01 04:11:26,522 - db.pool - DEBUG - Cache hit key=user:364 ttl=2133s
2024-05-01 04:11:30,011 - payments.gateway - ERROR - To'lov rad etildi order=71687 kod=INSUFFICIENT_FUNDS
2024-05-01 04:11:35,988 - payments.gateway - DEBUG - Cache hit key=user:565 ttl=3457s
2024-05-01 04:11:36,521 - scheduler - INFO - So'rov bajarildi: GET /login — 1134ms
2024-05-01 04:11:59,420 - cache.redis - INFO - Foydalanuvchi 165 tizimga kirdi, sessiya ef4af602322b
2024-05-01 04:12:05,924 - api.auth - ERROR - DB ulanishi uzildi: timeout after 2811ms host=db-643
2024-05-01 04:12:32,812 - payments.gateway - DEBUG - Cache hit key=user:324 ttl=2822s
2024-05-01 04:12:36,863 - worker.email - INFO - So'rov bajarildi: POST /login — 135ms
2024-05-01 04:12:47,721 - worker.email - WARN - Sekin so'rov: /api/v1/users 698ms chegaradan oshdi
2024-05-01 04:13:00,098 - db.pool - INFO - Buyurtma yaratildi id=73396 summa=1812793.18
2024-05-01 04:13:00,681 - api.auth - INFO - Buyurtma yaratildi id=41894 summa=402810.87
2024-05-01 04:13:03,363 - cache.redis - INFO - Foydalanuvchi 140 tizimga kirdi, sessiya ed1660ffac0f
2024-05-01 04:13:10,792 - api.orders - ERROR - To'lov rad etildi order=98559 kod=INSUFFICIENT_FUNDS
2024-05-01 04:13:13,710 - db.pool - DEBUG - Cache hit key=user:1 ttl=171s
2024-05-01 04:13:18,691 - db.pool - INFO - So'rov bajarildi: GET /api/v1/orders — 2824ms
2024-05-01 04:13:39,668 - api.orders - INFO - So'rov bajarildi: GET /api/v1/users — 3284ms
2024-05-01 04:13:53,367 - scheduler - INFO - Buyurtma yaratildi id=35766 summa=1747087.07
2024-05-01 04:14:01,303 - db.pool - INFO - Foydalanuvchi 263 tizimga kirdi, sessiya 5f98efa90ea9
2024-05-01 04:14:17,012 - db.pool - WARN - Sekin so'rov: /api/v1/users 904ms chegaradan oshdi
2024-05-01 04:15:03,086 - payments.gateway - INFO - Foydalanuvchi 312 tizimga kirdi, sessiya 5bcf99c03074
2024-05-01 04:15:18,181 - api.auth - DEBUG - Cache hit key=user:34 ttl=1766s
2024-05-01 04:15:22,199 - db.pool - INFO - Buyurtma yaratildi id=30767 summa=1879844.57
2024-05-01 04:15:36,852 - payments.gateway - INFO - So'rov bajarildi: POST /api/v1/users — 1493ms
2024-05-01 04:15:45,125 - payments.gateway - WARN - Sekin so'rov: /api/v1/users 66ms chegaradan oshdi
2024-05-01 04:15:53,152 - api.orders - DEBUG - Cache hit key=user:11 ttl=1413s
2024-05-01 04:15:58,442 - worker.email - DEBUG - Cache hit key=user:591 ttl=768s
2024-05-01 04:16:10,817 - cache.redis - DEBUG - Cache hit key=user:687 ttl=1378s
2024-05-01 04:16:13,131 - api.auth - INFO - So'rov bajarildi: POST /login — 4030ms
2024-05-01 04:16:23,242 - worker.email - INFO - Foydalanuvchi 506 tizimga kirdi, sessiya 7aa690c4f157
2024-05-01 04:16:40,015 - payments.gateway - INFO - Buyurtma yaratildi id=21083 summa=2947214.41
2024-05-01 04:17:19,217 - db.pool - INFO - Foydalanuvchi 518 tizimga kirdi, sessiya 087ba0a40a6f
2024-05-01 04:17:24,909 - worker.email - CRITICAL - Xizmat javob bermayapti: worker-727 qayta ishga tushirilmoqda
2024-05-01 04:17:38,229 - cache.redis - ERROR - To'lov rad etildi order=40217 kod=INSUFFICIENT_FUNDS
2024-05-01 04:18:01,320 - db.pool - INFO - So'rov bajarildi: POST /login — 2303ms
2024-05-01 04:18:04,441 - api.auth - INFO - Foydalanuvchi 229 tizimga kirdi, sessiya ac91afe529a9
2024-05-01 04:18:05,146 - db.pool - INFO - Foydalanuvchi 862 tizimga kirdi, sessiya 10649132d8bb
2024-05-01 04:18:16,265 - cache.redis - DEBUG - Cache hit key=user:317 ttl=1847s
2024-05-01 04:18:18,305 - payments.gateway - INFO - So'rov bajarildi: POST /api/v1/orders — 495ms
2024-05-01 04:18:24,072 - db.pool - INFO - Buyurtma yaratildi id=14119 summa=224126.28
2024-05-01 04:19:06,209 - api.auth - WARN - Ulanishlar hovuzi 3349% to'lgan
2024-05-01 04:19:06,559 - payments.gateway - DEBUG - Cache hit key=user:503 ttl=3685s
2024-05-01 04:19:07,617 - api.auth - ERROR - DB ulanishi uzildi: timeout after 3829ms host=db-254
2024-05-01 04:19:18,854 - cache.redis - INFO - Buyurtma yaratildi id=17513 summa=3404862.85
2024-05-01 04:19:23,576 - payments.gateway - ERROR - DB ulanishi uzildi: timeout after 4111ms host=db-661
2024-05-01 04:19:45,581 - cache.redis - INFO - Foydalanuvchi 622 tizimga kirdi, sessiya 8341e99d3b87
2024-05-01 04:19:50,683 - payments.gateway - INFO - So'rov bajarildi: POST /api/v1/orders — 3751ms
2024-05-01 04:19:54,503 - scheduler - INFO - So'rov bajarildi: GET /login — 2575ms
2024-05-01 04:19:59,518 - api.orders - WARN - Ulanishlar hovuzi 2413% to'lgan
2024-05-01 04:20:02,091 - cache.redis - WARN - Ulanishlar hovuzi 874% to'lgan
2024-05-01 04:20:21,865 - api.auth - INFO - So'rov bajarildi: POST /api/v1/users — 31ms
2024-05-01 04:20:23,610 - worker.email - INFO - Buyurtma yaratildi id=38940 summa=1203385.85
2024-05-01 04:20:41,996 - payments.gateway - ERROR - DB ulanishi uzildi: timeout after 1706ms host=db-829
2024-05-01 04:20:55,744 - payments.gateway - INFO - Foydalanuvchi 867 tizimga kirdi, sessiya e8c43dc9c352
2024-05-01 04:21:00,722 - api.auth - INFO - Foydalanuvchi 657 tizimga kirdi, sessiya cda8748b4aa4
2024-05-01 04:21:08,965 - scheduler - INFO - So'rov bajarildi: GET /login — 1167ms
2024-05-01 04:21:19,841 - db.pool - WARN - Ulanishlar hovuzi 3634% to'lgan
2024-05-01 04:21:27,015 - scheduler - INFO - Foydalanuvchi 442 tizimga kirdi, sessiya 52a1069e1028
2024-05-01 04:21:38,138 - api.orders - INFO - Foydalanuvchi 406 tizimga kirdi, sessiya 1c89a7f14764
2024-05-01 04:21:53,722 - api.orders - INFO - Foydalanuvchi 76 tizimga kirdi, sessiya 997f6f07a620
2024-05-01 04:22:00,806 - payments.gateway - INFO - So'rov bajarildi: POST /api/v1/users — 587ms
2024-05-01 04:22:25,805 - api.orders - ERROR - DB ulanishi uzildi: timeout after 3309ms host=db-433
2024-05-01 04:22:29,636 - api.auth - INFO - So'rov bajarildi: POST /api/v1/users — 527ms
2024-05-01 04:22:39,182 - db.pool - INFO - Foydalanuvchi 259 tizimga kirdi, sessiya f7b3b6424bc1
2024-05-01 04:22:50,908 - scheduler - INFO - Buyurtma yaratildi id=59070 summa=1782886.0
2024-05-01 04:22:52,419 - api.auth - INFO - Buyurtma yaratildi id=44918 summa=1601489.66
2024-05-01 04:23:16,194 - payments.gateway - ERROR - To'lov rad etildi order=48537 kod=INSUFFICIENT_FUNDS
2024-05-01 04:23:16,226 - db.pool - INFO - Foydalanuvchi 526 tizimga kirdi, sessiya 595d695dec2c
2024-05-01 04:23:20,377 - payments.gateway - INFO - So'rov bajarildi: POST /login — 1674ms
2024-05-01 04:23:46,129 - payments.gateway - INFO - Buyurtma yaratildi id=31320 summa=2783898.4
2024-05-01 04:23:55,494 - api.auth - INFO - Buyurtma yaratildi id=22152 summa=420499.54
2024-05-01 04:23:55,963 - api.auth - DEBUG - Cache hit key=user:763 ttl=3050s
2024-05-01 04:23:57,830 - worker.email - WARN - Ulanishlar hovuzi 3350% to'lgan
2024-05-01 04:24:13,077 - api.orders - INFO - So'rov bajarildi: GET /api/v1/orders — 1035ms
2024-05-01 04:24:16,176 - api.orders - WARN - Sekin so'rov: /api/v1/orders 816ms chegaradan oshdi
2024-05-01 04:24:18,440 - db.pool - INFO - So'rov bajarildi: GET /login — 1647ms
2024-05-01 04:24:41,803 - cache.redis - INFO - Foydalanuvchi 274 tizimga kirdi, sessiya 8f0b000cb2bd
2024-05-01 04:24:45,475 - payments.gateway - INFO - So'rov bajarildi: POST /login — 3745ms
2024-05-01 04:25:04,346 - cache.redis - DEBUG - Cache hit key=user:542 ttl=3998s
2024-05-01 04:25:06,528 - payments.gateway - INFO - So'rov bajarildi: GET /login — 426ms
2024-05-01 04:25:16,670 - api.auth - INFO - Foydalanuvchi 383 tizimga kirdi, sessiya ae0e978ce46a
2024-05-01 04:25:18,363 - scheduler - DEBUG - Cache hit key=user:136 ttl=3894s
2024-05-01 04:25:26,511 - worker.email - DEBUG - Cache hit key=user:650 ttl=142s
2024-05-01 04:25:27,589 - scheduler - INFO - So'rov bajarildi: GET /api/v1/users — 677ms
2024-05-01 04:26:04,760 - worker.email - INFO - Foydalanuvchi 890 tizimga kirdi, sessiya 7893142700cd
2024-05-01 04:26:07,736 - cache.redis - DEBUG - Cache hit key=user:826 ttl=2906s
2024-05-01 04:26:20,521 - worker.email - INFO - So'rov bajarildi: POST /login — 2190ms
2024-05-01 04:26:34,402 - payments.gateway - ERROR - DB ulanishi uzildi: timeout after 1300ms host=db-139
2024-05-01 04:26:42,695 - worker.email - INFO - Foydalanuvchi 271 tizimga kirdi, sessiya 1cffdfa42981
2024-05-01 04:26:50,690 - api.orders - INFO - So'rov bajarildi: GET /login — 2183ms
2024-05-01 04:26:53,970 - db.pool - INFO - So'rov bajarildi: POST /login — 3188ms
2024-05-01 04:27:01,606 - cache.redis - DEBUG - Cache hit key=user:299 ttl=2727s
2024-05-01 04:27:04,874 - db.pool - INFO - So'rov bajarildi: GET /login — 2328ms
2024-05-01 04:27:08,000 - cache.redis - WARN - Sekin so'rov: /api/v1/orders 3400ms chegaradan oshdi
2024-05-01 04:27:15,036 - api.orders - INFO - Foydalanuvchi 194 tizimga kirdi, sessiya 00c4c2166fa6
2024-05-01 04:27:25,048 - worker.email - WARN - Ulanishlar hovuzi 250% to'lgan
2024-05-01 04:27:53,103 - payments.gateway - INFO - So'rov bajarildi: POST /api/v1/orders — 1464ms
2024-05-01 04:27:53,665 - worker.email - ERROR - DB ulanishi uzildi: timeout after 2768ms host=db-41
2024-05-01 04:28:07,175 - payments.gateway - INFO - Foydalanuvchi 785 tizimga kirdi, sessiya 079d2281a4e7
2024-05-01 04:28:34,923 - scheduler - ERROR - To'lov rad etildi order=96577 kod=INSUFFICIENT_FUNDS
2024-05-01 04:28:36,142 - api.orders - INFO - So'rov bajarildi: POST /api/v1/orders — 3152ms
2024-05-01 04:28:55,755 - db.pool - INFO - Foydalanuvchi 123 tizimga kirdi, sessiya 683a8146a4e5
2024-05-01 04:29:01,071 - scheduler - INFO - So'rov bajarildi: GET /api/v1/orders — 374ms
2024-05-01 04:29:39,749 - worker.email - ERROR - DB ulanishi uzildi: timeout after 4181ms host=db-634
2024-05-01 04:29:40,170 - db.pool - INFO - Foydalanuvchi 268 tizimga kirdi, sessiya d21123234ee1
2024-05-01 04:29:41,272 - payments.gateway - INFO - So'rov bajarildi: POST /login — 1915ms
2024-05-01 04:29:56,212 - worker.email - WARN - Sekin so'rov: /login 1113ms chegaradan oshdi
2024-05-01 04:30:03,195 - db.pool - DEBUG - Cache hit key=user:727 ttl=158s
2024-05-01 04:30:17,513 - api.orders - INFO - Buyurtma yaratildi id=59046 summa=128907.32
2024-05-01 04:30:24,799 - api.auth - INFO - So'rov bajarildi: GET /api/v1/users — 2036ms
2024-05-01 04:30:29,379 - payments.gateway - INFO - Buyurtma yaratildi id=78956 summa=2874772.89
2024-05-01 04:30:31,054 - scheduler - WARN - Ulanishlar hovuzi 2413% to'lgan
2024-05-01 04:30:36,916 - worker.email - INFO - So'rov bajarildi: GET /login — 1143ms
2024-05-01 04:30:42,554 - payments.gateway - INFO - Buyurtma yaratildi id=47171 summa=747309.62
2024-05-01 04:30:46,792 - payments.gateway - INFO - So'rov bajarildi: POST /api/v1/orders — 580ms
2024-05-01 04:30:56,613 - scheduler - DEBUG - Cache hit key=user:519 ttl=335s
2024-05-01 04:31:05,921 - cache.redis - INFO - So'rov bajarildi: GET /api/v1/users — 87ms
2024-05-01 04:31:42,499 - api.orders - INFO - So'rov bajarildi: POST /api/v1/orders — 579ms
2024-05-01 04:31:43,613 - api.orders - INFO - Foydalanuvchi 19 tizimga kirdi, sessiya 9d0b0f937c31
2024-05-01 04:31:47,238 - api.auth - DEBUG - Cache hit key=user:803 ttl=2918s
2024-05-01 04:31:51,439 - cache.redis - INFO - So'rov bajarildi: GET /api/v1/users — 3374ms
2024-05-01 04:31:55,155 - worker.email - INFO - So'rov bajarildi: GET /api/v1/users — 1697ms
2024-05-01 04:32:17,538 - db.pool - INFO - Foydalanuvchi 111 tizimga kirdi, sessiya 5d9f91ed2d8a
2024-05-01 04:32:27,315 - payments.gateway - INFO - So'rov bajarildi: GET /login — 2931ms
2024-05-01 04:33:02,268 - api.orders - INFO - Foydalanuvchi 868 tizimga kirdi, sessiya e33f0358a119
2024-05-01 04:33:33,379 - payments.gateway - INFO - So'rov bajarildi: GET /api/v1/orders — 3705ms
2024-05-01 04:33:34,393 - api.orders - INFO - So'rov bajarildi: GET /login — 3760ms
2024-05-01 04:33:36,906 - payments.gateway - INFO - So'rov bajarildi: POST /api/v1/orders — 3556ms
2024-05-01 04:33:53,764 - api.orders - INFO - Foydalanuvchi 645 tizimga kirdi, sessiya 0e7e0edf6c7d
2024-05-01 04:34:14,477 - cache.redis - WARN - Sekin so'rov: /api/v1/users 2574ms chegaradan oshdi
2024-05-01 04:34:16,359 - api.orders - INFO - Foydalanuvchi 687 tizimga kirdi, sessiya 20058f26e1af
2024-05-01 04:34:19,682 - api.auth - INFO - Buyurtma yaratildi id=57667 summa=3207904.72
2024-05-01 04:34:22,213 - cache.redis - INFO - Foydalanuvchi 123 tizimga kirdi, sessiya bdef820cecb7
2024-05-01 04:34:31,629 - scheduler - ERROR - DB ulanishi uzildi: timeout after 2712ms host=db-373
2024-05-01 04:34:39,550 - payments.gateway - INFO - So'rov bajarildi: GET /api/v1/users — 991ms
2024-05-01 04:34:41,706 - db.pool - WARN - Sekin so'rov: /api/v1/orders 2939ms chegaradan oshdi
2024-05-01 04:34:49,014 - db.pool - INFO - Foydalanuvchi 327 tizimga kirdi, sessiya b74571d7701a
2024-05-01 04:35:21,695 - scheduler - WARN - Sekin so'rov: /api/v1/orders 2857ms chegaradan oshdi
2024-05-01 04:35:22,983 - scheduler - DEBUG - Cache hit key=user:606 ttl=3670s
2024-05-01 04:35:27,602 - worker.email - INFO - Foydalanuvchi 86 tizimga kirdi, sessiya cdbc04de8fba
2024-05-01 04:35:33,935 - db.pool - INFO - Foydalanuvchi 372 tizimga kirdi, sessiya 1cc81666eec5
2024-05-01 04:35:37,077 - payments.gateway - CRITICAL - Xizmat javob bermayapti: worker-406 qayta ishga tushirilmoqda
2024-05-01 04:36:09,653 - worker.email - WARN - Ulanishlar hovuzi 982% to'lgan
2024-05-01 04:36:09,833 - cache.redis - INFO - Foydalanuvchi 362 tizimga kirdi, sessiya f75b3374939c
2024-05-01 04:36:12,645 - api.orders - ERROR - To'lov rad etildi order=33991 kod=INSUFFICIENT_FUNDS
2024-05-01 04:36:24,526 - worker.email - INFO - Foydalanuvchi 539 tizimga kirdi, sessiya b216d7653b60
2024-05-01 04:36:27,289 - api.auth - INFO - Foydalanuvchi 774 tizimga kirdi, sessiya 2e7c46027c23
2024-05-01 04:36:37,830 - worker.email - INFO - So'rov bajarildi: POST /login — 3824ms
2024-05-01 04:36:57,955 - api.auth - DEBUG - Cache hit key=user:136 ttl=904s
2024-05-01 04:36:58,763 - payments.gateway - INFO - So'rov bajarildi: GET /login — 4045ms
2024-05-01 04:37:15,041 - worker.email - INFO - So'rov bajarildi: GET /api/v1/users — 3476ms
2024-05-01 04:37:25,669 - worker.email - INFO - So'rov bajarildi: POST /login — 1442ms
2024-05-01 04:37:27,556 - payments.gateway - INFO - Buyurtma yaratildi id=84829 summa=2118210.37
2024-05-01 04:37:28,654 - api.auth - DEBUG - Cache hit key=user:518 ttl=3788s
2024-05-01 04:37:40,077 - db.pool - INFO - Foydalanuvchi 315 tizimga kirdi, sessiya 1383d92f83e1
2024-05-01 04:37:57,011 - api.auth - DEBUG - Cache hit key=user:207 ttl=3612s
2024-05-01 04:38:08,300 - scheduler - DEBUG - Cache hit key=user:158 ttl=359s
2024-05-01 04:38:09,082 - db.pool - INFO - So'rov bajarildi: GET /login — 203ms
2024-05-01 04:38:09,171 - api.orders - INFO - Foydalanuvchi 131 tizimga kirdi, sessiya 90f09ed7ef97
2024-05-01 04:38:28,198 - db.pool - INFO - So'rov bajarildi: GET /api/v1/users — 2222ms
2024-05-01 04:38:38,027 - db.pool - DEBUG - Cache hit key=user:607 ttl=3149s
2024-05-01 04:39:00,524 - payments.gateway - INFO - Foydalanuvchi 228 tizimga kirdi, sessiya 699f0c025d6d
2024-05-01 04:39:09,610 - payments.gateway - DEBUG - Cache hit key=user:161 ttl=3085s
2024-05-01 04:39:11,630 - worker.email - INFO - Buyurtma yaratildi id=15653 summa=3804872.64
2024-05-01 04:39:17,460 - api.auth - INFO - So'rov bajarildi: GET /api/v1/users — 3875ms
2024-05-01 04:39:26,210 - db.pool - INFO - So'rov bajarildi: GET /api/v1/users — 3506ms
2024-05-01 04:39:32,635 - api.orders - DEBUG - Cache hit key=user:711 ttl=4186s
2024-05-01 04:39:37,954 - db.pool - INFO - So'rov bajarildi: POST /api/v1/users — 461ms
2024-05-01 04:40:59,706 - api.orders - INFO - So'rov bajarildi: GET /api/v1/users — 334ms
2024-05-01 04:41:01,008 - payments.gateway - ERROR - DB ulanishi uzildi: timeout after 3594ms host=db-807
2024-05-01 04:41:01,307 - api.auth - WARN - Ulanishlar hovuzi 3553% to'lgan
2024-05-01 04:41:06,052 - worker.email - ERROR - DB ulanishi uzildi: timeout after 3257ms host=db-516
2024-05-01 04:41:07,565 - scheduler - INFO - Buyurtma yaratildi id=71466 summa=1371408.98
2024-05-01 04:41:31,049 - worker.email - DEBUG - Cache hit key=user:311 ttl=2420s
2024-05-01 04:41:33,730 - worker.email - DEBUG - Cache hit key=user:10 ttl=3987s
2024-05-01 04:41:34,763 - scheduler - ERROR - DB ulanishi uzildi: timeout after 3338ms host=db-496
2024-05-01 04:41:41,389 - cache.redis - WARN - Sekin so'rov: /api/v1/orders 3539ms chegaradan oshdi
2024-05-01 04:41:45,080 - scheduler - DEBUG - Cache hit key=user:358 ttl=3725s
2024-05-01 04:41:47,519 - worker.email - DEBUG - Cache hit key=user:352 ttl=2571s
2024-05-01 04:41:49,443 - api.auth - INFO - Foydalanuvchi 106 tizimga kirdi, sessiya c1be83131312
2024-05-01 04:41:57,186 - worker.email - INFO - Buyurtma yaratildi id=36557 summa=503883.08
2024-05-01 04:41:57,279 - api.orders - INFO - Buyurtma yaratildi id=84151 summa=543712.86
2024-05-01 04:42:02,264 - worker.email - INFO - Foydalanuvchi 99 tizimga kirdi, sessiya 60f608fc75f4
2024-05-01 04:42:12,590 - payments.gateway - INFO - Foydalanuvchi 145 tizimga kirdi, sessiya 95bf1566434b
2024-05-01 04:42:22,760 - cache.redis - ERROR - To'lov rad etildi order=25537 kod=INSUFFICIENT_FUNDS
2024-05-01 04:42:36,813 - worker.email - INFO - So'rov bajarildi: POST /login — 2766ms
2024-05-01 04:42:47,802 - api.orders - INFO - Foydalanuvchi 547 tizimga kirdi, sessiya a03dbc0a0fd9
2024-05-01 04:42:58,234 - payments.gateway - INFO - So'rov bajarildi: POST /api/v1/users — 2630ms
2024-05-01 04:43:05,079 - api.auth - INFO - Buyurtma yaratildi id=51310 summa=3422101.32
2024-05-01 04:43:10,628 - db.pool - INFO - Foydalanuvchi 372 tizimga kirdi, sessiya c1052363fa4d
2024-05-01 04:43:12,364 - db.pool - WARN - Sekin so'rov: /api/v1/orders 160ms chegaradan oshdi
2024-05-01 04:43:14,295 - api.orders - INFO - So'rov bajarildi: GET /api/v1/users — 1136ms
2024-05-01 04:43:36,878 - worker.email - INFO - Foydalanuvchi 59 tizimga kirdi, sessiya a9658690a3a5
2024-05-01 04:43:41,163 - cache.redis - INFO - Buyurtma yaratildi id=96784 summa=447227.92
2024-05-01 04:43:43,593 - api.orders - WARN - Sekin so'rov: /api/v1/users 4027ms chegaradan oshdi
2024-05-01 04:43:56,778 - db.pool - INFO - So'rov bajarildi: GET /api/v1/orders — 2730ms
2024-05-01 04:44:05,861 - payments.gateway - DEBUG - Cache hit key=user:873 ttl=2241s
2024-05-01 04:44:10,248 - api.orders - DEBUG - Cache hit key=user:325 ttl=2553s
2024-05-01 04:44:32,112 - cache.redis - INFO - Foydalanuvchi 311 tizimga kirdi, sessiya 9a2dd6384c56
2024-05-01 04:44:37,426 - api.auth - INFO - So'rov bajarildi: GET /api/v1/orders — 2449ms
2024-05-01 04:44:49,196 - worker.email - DEBUG - Cache hit key=user:249 ttl=1284s
2024-05-01 04:44:55,581 - db.pool - INFO - Foydalanuvchi 313 tizimga kirdi, sessiya 02c6b82d34e9
2024-05-01 04:44:59,449 - scheduler - INFO - So'rov bajarildi: POST /api/v1/orders — 350ms
2024-05-01 04:45:05,588 - api.auth - DEBUG - Cache hit key=user:811 ttl=93s
2024-05-01 04:45:06,852 - api.auth - INFO - So'rov bajarildi: GET /login — 355ms
2024-05-01 04:45:07,003 - api.auth - INFO - Buyurtma yaratildi id=69637 summa=3492623.53
2024-05-01 04:45:18,682 - payments.gateway - WARN - Sekin so'rov: /api/v1/orders 3004ms chegaradan oshdi
2024-05-01 04:45:24,088 - db.pool - INFO - So'rov bajarildi: GET /login — 3163ms
2024-05-01 04:45:48,929 - scheduler - INFO - So'rov bajarildi: GET /api/v1/orders — 2330ms
2024-05-01 04:46:11,135 - api.auth - INFO - So'rov bajarildi: POST /api/v1/users — 633ms
2024-05-01 04:46:13,280 - api.orders - DEBUG - Cache hit key=user:372 ttl=3165s
2024-05-01 04:46:32,728 - api.auth - INFO - So'rov bajarildi: GET /login — 3042ms
2024-05-01 04:46:41,002 - api.auth - INFO - So'rov bajarildi: POST /login — 2741ms
2024-05-01 04:46:50,345 - scheduler - WARN - Sekin so'rov: /login 1418ms chegaradan oshdi
2024-05-01 04:46:53,671 - scheduler - INFO - Foydalanuvchi 854 tizimga kirdi, sessiya 6071482d43ec
2024-05-01 04:46:53,698 - worker.email - INFO - So'rov bajarildi: POST /login — 1167ms
2024-05-01 04:47:02,246 - scheduler - WARN - Ulanishlar hovuzi 2077% to'lgan
2024-05-01 04:47:03,464 - api.auth - DEBUG - Cache hit key=user:578 ttl=1717s
2024-05-01 04:47:07,330 - api.auth - DEBUG - Cache hit key=user:704 ttl=2649s
2024-05-01 04:47:12,701 - api.auth - INFO - So'rov bajarildi: GET /login — 1658ms
2024-05-01 04:47:20,149 - scheduler - INFO - Foydalanuvchi 335 tizimga kirdi, sessiya 416910c58057
2024-05-01 04:47:25,419 - scheduler - ERROR - DB ulanishi uzildi: timeout after 1517ms host=db-862
2024-05-01 04:47:25,581 - worker.email - DEBUG - Cache hit key=user:728 ttl=935s
2024-05-01 04:47:25,706 - scheduler - INFO - Buyurtma yaratildi id=66809 summa=2955340.9
2024-05-01 04:47:42,838 - scheduler - INFO - Buyurtma yaratildi id=27186 summa=3930325.86
2024-05-01 04:47:49,120 - scheduler - INFO - So'rov bajarildi: POST /login — 1951ms
2024-05-01 04:47:50,742 - payments.gateway - WARN - Sekin so'rov: /login 2826ms chegaradan oshdi
2024-05-01 04:47:51,130 - payments.gateway - INFO - So'rov bajarildi: POST /api/v1/orders — 1053ms
2024-05-01 04:48:03,119 - scheduler - INFO - Foydalanuvchi 297 tizimga kirdi, sessiya 45e361add447
2024-05-01 04:48:16,479 - payments.gateway - WARN - Ulanishlar hovuzi 3713% to'lgan
2024-05-01 04:48:22,007 - scheduler - ERROR - DB ulanishi uzildi: timeout after 1790ms host=db-125
2024-05-01 04:48:22,195 - api.auth - INFO - Foydalanuvchi 735 tizimga kirdi, sessiya 7ea581bcc958
2024-05-01 04:48:25,340 - worker.email - ERROR - To'lov rad etildi order=20613 kod=INSUFFICIENT_FUNDS
2024-05-01 04:48:33,757 - api.auth - INFO - So'rov bajarildi: POST /api/v1/users — 224ms
2024-05-01 04:48:45,918 - db.pool - INFO - Foydalanuvchi 869 tizimga kirdi, sessiya 62cd817a6913
2024-05-01 04:48:46,413 - api.auth - INFO - So'rov bajarildi: POST /login — 2067ms
2024-05-01 04:49:05,273 - cache.redis - CRITICAL - Xizmat javob bermayapti: worker-116 qayta ishga tushirilmoqda
2024-05-01 04:49:08,515 - cache.redis - INFO - So'rov bajarildi: POST /api/v1/users — 1452ms
2024-05-01 04:49:12,157 - cache.redis - WARN - Sekin so'rov: /api/v1/users 910ms chegaradan oshdi
2024-05-01 04:49:18,917 - db.pool - ERROR - DB ulanishi uzildi: timeout after 824ms host=db-834
2024-05-01 04:49:19,123 - worker.email - INFO - Foydalanuvchi 893 tizimga kirdi, sessiya b6ab9dda8c32
2024-05-01 04:49:20,265 - worker.email - INFO - So'rov bajarildi: GET /login — 2076ms
2024-05-01 04:49:35,683 - scheduler - INFO - So'rov bajarildi: POST /api/v1/users — 2037ms
2024-05-01 04:49:53,298 - api.auth - WARN - Ulanishlar hovuzi 2695% to'lgan
2024-05-01 04:49:55,161 - db.pool - INFO - Foydalanuvchi 793 tizimga kirdi, sessiya 005be8ad7152
2024-05-01 04:50:19,100 - cache.redis - INFO - Buyurtma yaratildi id=49063 summa=986792.73
2024-05-01 04:50:24,667 - cache.redis - INFO - So'rov bajarildi: POST /api/v1/orders — 2834ms
2024-05-01 04:50:38,088 - payments.gateway - INFO - Foydalanuvchi 817 tizimga kirdi, sessiya d0073bd88b3a
2024-05-01 04:50:42,604 - db.pool - INFO - So'rov bajarildi: POST /api/v1/users — 1138ms
2024-05-01 04:50:46,143 - db.pool - INFO - Foydalanuvchi 882 tizimga kirdi, sessiya 596b62a5dc49
2024-05-01 04:50:55,854 - scheduler - DEBUG - Cache hit key=user:580 ttl=3017s
2024-05-01 04:51:04,728 - payments.gateway - INFO - So'rov bajarildi: GET /api/v1/users — 3362ms
2024-05-01 04:51:08,778 - api.auth - WARN - Sekin so'rov: /api/v1/orders 3892ms chegaradan oshdi
2024-05-01 04:51:12,090 - api.orders - INFO - Foydalanuvchi 612 tizimga kirdi, sessiya c00dd8a26cd5
2024-05-01 04:51:12,610 - worker.email - INFO - Buyurtma yaratildi id=95682 summa=2463219.39
2024-05-01 04:51:17,162 - api.auth - INFO - So'rov bajarildi: GET /api/v1/orders — 3122ms
2024-05-01 04:51:21,488 - worker.email - INFO - Buyurtma yaratildi id=30000 summa=287680.85
2024-05-01 04:51:25,787 - worker.email - INFO - Buyurtma yaratildi id=39384 summa=1200893.04
2024-05-01 04:51:36,712 - scheduler - INFO - Foydalanuvchi 859 tizimga kirdi, sessiya a5c9d4a9d70e
2024-05-01 04:51:44,428 - cache.redis - INFO - Foydalanuvchi 662 tizimga kirdi, sessiya d6bdbecff413
2024-05-01 04:51:47,163 - api.auth - WARN - Sekin so'rov: /login 886ms chegaradan oshdi
2024-05-01 04:51:52,560 - payments.gateway - ERROR - To'lov rad etildi order=58788 kod=INSUFFICIENT_FUNDS
2024-05-01 04:51:55,647 - api.orders - WARN - Sekin so'rov: /api/v1/orders 2043ms chegaradan oshdi
2024-05-01 04:52:06,692 - scheduler - INFO - So'rov bajarildi: POST /api/v1/users — 2818ms
2024-05-01 04:52:07,139 - scheduler - INFO - Foydalanuvchi 562 tizimga kirdi, sessiya 900dc019dec9
2024-05-01 04:52:20,850 - cache.redis - INFO - Foydalanuvchi 52 tizimga kirdi, sessiya 82039561abcb
2024-05-01 04:52:32,748 - payments.gateway - INFO - Buyurtma yaratildi id=55922 summa=3115812.38
2024-05-01 04:52:40,199 - cache.redis - INFO - So'rov bajarildi: POST /login — 957ms
2024-05-01 04:53:03,146 - scheduler - INFO - Buyurtma yaratildi id=74694 summa=2066476.11
2024-05-01 04:53:13,757 - api.orders - ERROR - DB ulanishi uzildi: timeout after 398ms host=db-362
2024-05-01 04:53:28,017 - db.pool - ERROR - To'lov rad etildi order=39034 kod=INSUFFICIENT_FUNDS
2024-05-01 04:53:28,449 - payments.gateway - INFO - So'rov bajarildi: GET /api/v1/orders — 4001ms
2024-05-01 04:53:31,964 - api.auth - INFO - Buyurtma yaratildi id=83462 summa=2454374.8
2024-05-01 04:53:33,042 - payments.gateway - INFO - Buyurtma yaratildi id=72379 summa=1653527.21
2024-05-01 04:53:34,297 - api.orders - INFO - Foydalanuvchi 580 tizimga kirdi, sessiya 4cd132c419d5
2024-05-01 04:53:55,323 - cache.redis - INFO - Buyurtma yaratildi id=79979 summa=89586.41
2024-05-01 04:53:56,617 - api.orders - INFO - Foydalanuvchi 566 tizimga kirdi, sessiya 097a4478c1d1
2024-05-01 04:54:01,161 - api.orders - DEBUG - Cache hit key=user:618 ttl=1551s
2024-05-01 04:54:05,141 - api.orders - DEBUG - Cache hit key=user:731 ttl=2441s
2024-05-01 04:54:06,872 - worker.email - INFO - Foydalanuvchi 881 tizimga kirdi, sessiya 13461436dfb2
2024-05-01 04:54:10,514 - cache.redis - INFO - Buyurtma yaratildi id=48341 summa=2831954.98
2024-05-01 04:54:13,621 - scheduler - ERROR - DB ulanishi uzildi: timeout after 1964ms host=db-876
2024-05-01 04:54:16,185 - scheduler - INFO - So'rov bajarildi: POST /api/v1/orders — 3693ms
2024-05-01 04:54:22,746 - cache.redis - INFO - Buyurtma yaratildi id=65410 summa=116672.17
2024-05-01 04:54:30,726 - worker.email - WARN - Ulanishlar hovuzi 1360% to'lgan
2024-05-01 04:54:38,318 - worker.email - INFO - Buyurtma yaratildi id=14358 summa=3458492.57
2024-05-01 04:54:50,912 - api.auth - INFO - Buyurtma yaratildi id=91020 summa=2263898.32
2024-05-01 04:55:00,730 - db.pool - INFO - Foydalanuvchi 35 tizimga kirdi, sessiya cca91e362477
2024-05-01 04:55:16,011 - worker.email - INFO - Buyurtma yaratildi id=27278 summa=98859.05
2024-05-01 04:55:20,474 - db.pool - INFO - So'rov bajarildi: GET /login — 1778ms
2024-05-01 04:55:23,494 - worker.email - ERROR - To'lov rad etildi order=45277 kod=INSUFFICIENT_FUNDS
2024-05-01 04:55:36,713 - worker.email - INFO - Buyurtma yaratildi id=81258 summa=2580831.41
2024-05-01 04:55:53,312 - api.orders - INFO - Foydalanuvchi 733 tizimga kirdi, sessiya e241233f03fd
2024-05-01 04:55:53,319 - payments.gateway - DEBUG - Cache hit key=user:797 ttl=2930s
2024-05-01 04:56:04,035 - worker.email - WARN - Sekin so'rov: /api/v1/users 2412ms chegaradan oshdi
2024-05-01 04:57:03,270 - cache.redis - DEBUG - Cache hit key=user:576 ttl=2717s
2024-05-01 04:57:06,896 - payments.gateway - ERROR - DB ulanishi uzildi: timeout after 3112ms host=db-416
2024-05-01 04:57:30,429 - scheduler - INFO - Buyurtma yaratildi id=25983 summa=1309403.87
2024-05-01 04:57:31,791 - cache.redis - ERROR - To'lov rad etildi order=34380 kod=INSUFFICIENT_FUNDS
2024-05-01 04:57:36,412 - api.orders - INFO - Foydalanuvchi 55 tizimga kirdi, sessiya 66126e088e37
2024-05-01 04:57:40,766 - db.pool - ERROR - DB ulanishi uzildi: timeout after 3525ms host=db-780
2024-05-01 04:57:46,680 - cache.redis - INFO - So'rov bajarildi: POST /api/v1/users — 3836ms
2024-05-01 04:57:56,398 - worker.email - ERROR - DB ulanishi uzildi: timeout after 239ms host=db-623
2024-05-01 04:57:57,153 - payments.gateway - INFO - Buyurtma yaratildi id=86035 summa=2515621.11
2024-05-01 04:58:03,171 - api.orders - WARN - Sekin so'rov: /login 3092ms chegaradan oshdi
2024-05-01 04:58:07,254 - payments.gateway - DEBUG - Cache hit key=user:321 ttl=3805s
2024-05-01 04:58:33,049 - api.orders - WARN - Ulanishlar hovuzi 4125% to'lgan
2024-05-01 04:58:42,602 - scheduler - ERROR - To'lov rad etildi order=23432 kod=INSUFFICIENT_FUNDS
2024-05-01 04:59:19,760 - api.auth - INFO - So'rov bajarildi: GET /login — 3479ms
2024-05-01 04:59:20,751 - payments.gateway - INFO - So'rov bajarildi: POST /login — 4028ms
2024-05-01 04:59:22,256 - api.auth - INFO - So'rov bajarildi: POST /api/v1/orders — 384ms
2024-05-01 04:59:32,256 - db.pool - ERROR - To'lov rad etildi order=60960 kod=INSUFFICIENT_FUNDS
2024-05-01 04:59:42,621 - scheduler - INFO - So'rov bajarildi: POST /api/v1/users — 2139ms
2024-05-01 04:59:54,274 - payments.gateway - INFO - So'rov bajarildi: GET /api/v1/users — 3430ms
2024-05-01 05:00:12,915 - worker.email - WARN - Ulanishlar hovuzi 981% to'lgan
2024-05-01 05:00:23,757 - scheduler - DEBUG - Cache hit key=user:334 ttl=656s
2024-05-01 05:00:26,773 - db.pool - DEBUG - Cache hit key=user:233 ttl=1434s
2024-05-01 05:00:37,013 - cache.redis - INFO - So'rov bajarildi: GET /api/v1/orders — 1261ms
2024-05-01 05:00:51,095 - scheduler - ERROR - DB ulanishi uzildi: timeout after 4127ms host=db-42
2024-05-01 05:00:51,279 - api.orders - INFO - Buyurtma yaratildi id=59086 summa=798200.24
2024-05-01 05:00:55,804 - api.orders - INFO - Buyurtma yaratildi id=96142 summa=3865680.59
2024-05-01 05:00:59,294 - api.orders - INFO - Foydalanuvchi 496 tizimga kirdi, sessiya 1b4a7b4974a3
2024-05-01 05:01:00,792 - db.pool - INFO - Buyurtma yaratildi id=88232 summa=489750.86
2024-05-01 05:01:08,735 - api.auth - DEBUG - Cache hit key=user:464 ttl=1516s
2024-05-01 05:01:25,263 - api.auth - WARN - Ulanishlar hovuzi 3242% to'lgan
2024-05-01 05:01:29,460 - db.pool - WARN - Sekin so'rov: /api/v1/orders 747ms chegaradan oshdi
2024-05-01 05:01:47,529 - db.pool - WARN - Sekin so'rov: /api/v1/users 2587ms chegaradan oshdi
2024-05-01 05:01:56,770 - payments.gateway - ERROR - To'lov rad etildi order=61195 kod=INSUFFICIENT_FUNDS
2024-05-01 05:02:02,203 - worker.email - INFO - So'rov bajarildi: POST /api/v1/users — 3217ms
2024-05-01 05:02:11,440 - scheduler - WARN - Sekin so'rov: /api/v1/orders 2663ms chegaradan oshdi
2024-05-01 05:02:13,927 - api.orders - WARN - Ulanishlar hovuzi 1910% to'lgan
2024-05-01 05:02:17,165 - cache.redis - INFO - Buyurtma yaratildi id=25611 summa=919539.78
2024-05-01 05:02:19,225 - worker.email - INFO - So'rov bajarildi: POST /api/v1/orders — 3683ms
2024-05-01 05:02:23,668 - api.auth - INFO - Foydalanuvchi 698 tizimga kirdi, sessiya 59eb02949153
2024-05-01 05:02:30,955 - scheduler - INFO - So'rov bajarildi: GET /api/v1/orders — 1375ms
2024-05-01 05:02:36,472 - worker.email - INFO - Foydalanuvchi 568 tizimga kirdi, sessiya 51fe0b635d8f
2024-05-01 05:02:37,027 - api.auth - DEBUG - Cache hit key=user:139 ttl=3444s
2024-05-01 05:02:43,971 - worker.email - INFO - Buyurtma yaratildi id=11262 summa=3803941.99
2024-05-01 05:02:49,289 - api.auth - INFO - Buyurtma yaratildi id=51861 summa=3892783.42
2024-05-01 05:02:51,416 - payments.gateway - INFO - So'rov bajarildi: GET /api/v1/orders — 1045ms
2024-05-01 05:02:58,587 - db.pool - INFO - Buyurtma yaratildi id=60913 summa=66958.02
2024-05-01 05:03:14,445 - api.auth - INFO - So'rov bajarildi: GET /api/v1/orders — 2511ms
2024-05-01 05:03:26,214 - db.pool - INFO - So'rov bajarildi: GET /api/v1/orders — 2793ms
2024-05-01 05:03:40,461 - api.auth - INFO - So'rov bajarildi: GET /api/v1/users — 1430ms
2024-05-01 05:03:47,620 - api.auth - INFO - Foydalanuvchi 486 tizimga kirdi, sessiya 51ba70e6bfc5
2024-05-01 05:03:58,582 - worker.email - DEBUG - Cache hit key=user:635 ttl=842s
2024-05-01 05:04:05,911 - worker.email - INFO - So'rov bajarildi: POST /login — 2837ms
2024-05-01 05:04:17,109 - db.pool - ERROR - DB ulanishi uzildi: timeout after 2099ms host=db-776
2024-05-01 05:04:35,935 - scheduler - CRITICAL - Xizmat javob bermayapti: worker-381 qayta ishga tushirilmoqda
2024-05-01 05:04:44,349 - api.auth - WARN - Ulanishlar hovuzi 1300% to'lgan
2024-05-01 05:04:54,872 - worker.email - CRITICAL - Xizmat javob bermayapti: worker-296 qayta ishga tushirilmoqda
2024-05-01 05:04:59,152 - api.auth - INFO - So'rov bajarildi: GET /api/v1/orders — 958ms
2024-05-01 05:05:02,866 - worker.email - ERROR - To'lov rad etildi order=43149 kod=INSUFFICIENT_FUNDS
2024-05-01 05:05:26,776 - payments.gateway - INFO - Buyurtma yaratildi id=23177 summa=1314184.36
2024-05-01 05:05:30,872 - worker.email - INFO - Foydalanuvchi 155 tizimga kirdi, sessiya 64601b6acfb3
2024-05-01 05:05:32,612 - cache.redis - WARN - Ulanishlar hovuzi 754% to'lgan
2024-05-01 05:05:40,961 - payments.gateway - DEBUG - Cache hit key=user:479 ttl=2718s
2024-05-01 05:05:41,118 - worker.email - INFO - So'rov bajarildi: GET /api/v1/users — 2744ms
2024-05-01 05:05:49,432 - db.pool - INFO - So'rov bajarildi: POST /api/v1/orders — 4163ms
2024-05-01 05:05:57,567 - worker.email - CRITICAL - Xizmat javob bermayapti: worker-661 qayta ishga tushirilmoqda
2024-05-01 05:06:05,747 - worker.email - WARN - Sekin so'rov: /login 1780ms chegaradan oshdi
2024-05-01 05:06:17,457 - api.auth - INFO - So'rov bajarildi: GET /api/v1/orders — 180ms
2024-05-01 05:06:22,713 - api.orders - DEBUG - Cache hit key=user:852 ttl=1403s
2024-05-01 05:06:25,044 - scheduler - DEBUG - Cache hit key=user:697 ttl=2201s
2024-05-01 05:06:26,161 - scheduler - INFO - Foydalanuvchi 13 tizimga kirdi, sessiya 9bcd8e6aca69
2024-05-01 05:06:28,796 - cache.redis - INFO - Buyurtma yaratildi id=16867 summa=313624.85
2024-05-01 05:06:31,192 - cache.redis - DEBUG - Cache hit key=user:722 ttl=1253s
2024-05-01 05:06:39,971 - scheduler - INFO - Foydalanuvchi 437 tizimga kirdi, sessiya f27328ef6764
2024-05-01 05:06:44,552 - payments.gateway - INFO - Foydalanuvchi 248 tizimga kirdi, sessiya 8575ca148fd7
2024-05-01 05:06:47,931 - payments.gateway - WARN - Sekin so'rov: /login 1709ms chegaradan oshdi
2024-05-01 05:06:55,846 - cache.redis - CRITICAL - Xizmat javob bermayapti: worker-141 qayta ishga tushirilmoqda
2024-05-01 05:07:03,347 - scheduler - INFO - So'rov bajarildi: GET /login — 2511ms
2024-05-01 05:07:07,563 - worker.email - INFO - Foydalanuvchi 533 tizimga kirdi, sessiya dadde94a16a0
2024-05-01 05:07:11,433 - payments.gateway - INFO - Foydalanuvchi 419 tizimga kirdi, sessiya 109b12653b78
2024-05-01 05:07:32,213 - db.pool - INFO - So'rov bajarildi: GET /api/v1/users — 3242ms
2024-05-01 05:07:34,431 - api.orders - INFO - Foydalanuvchi 410 tizimga kirdi, sessiya 7935af9c5b14
2024-05-01 05:08:33,958 - db.pool - INFO - Buyurtma yaratildi id=96870 summa=1975561.13
2024-05-01 05:08:34,694 - db.pool - INFO - Foydalanuvchi 340 tizimga kirdi, sessiya 39939ec8c6da
2024-05-01 05:08:38,617 - scheduler - DEBUG - Cache hit key=user:783 ttl=2813s
2024-05-01 05:08:38,698 - scheduler - INFO - So'rov bajarildi: GET /api/v1/users — 510ms
2024-05-01 05:08:40,323 - worker.email - DEBUG - Cache hit key=user:321 ttl=3652s
2024-05-01 05:08:43,672 - worker.email - ERROR - DB ulanishi uzildi: timeout after 1106ms host=db-723
2024-05-01 05:08:43,814 - api.orders - ERROR - DB ulanishi uzildi: timeout after 1566ms host=db-690
2024-05-01 05:08:45,867 - worker.email - INFO - So'rov bajarildi: GET /login — 2331ms
2024-05-01 05:08:53,617 - payments.gateway - CRITICAL - Xizmat javob bermayapti: worker-610 qayta ishga tushirilmoqda
2024-05-01 05:09:05,367 - api.auth - INFO - Buyurtma yaratildi id=61218 summa=3928842.13
2024-05-01 05:09:09,393 - cache.redis - WARN - Sekin so'rov: /api/v1/orders 512ms chegaradan oshdi
2024-05-01 05:09:14,381 - cache.redis - WARN - Ulanishlar hovuzi 1635% to'lgan
2024-05-01 05:09:18,837 - scheduler - INFO - So'rov bajarildi: POST /login — 100ms
2024-05-01 05:09:26,191 - api.orders - INFO - Foydalanuvchi 758 tizimga kirdi, sessiya e84020e3aa8f
2024-05-01 05:09:38,630 - api.orders - INFO - Foydalanuvchi 176 tizimga kirdi, sessiya 5c655219dc19
2024-05-01 05:10:06,645 - api.auth - DEBUG - Cache hit key=user:667 ttl=1077s
2024-05-01 05:10:09,996 - cache.redis - INFO - So'rov bajarildi: GET /api/v1/orders — 51ms
2024-05-01 05:10:24,517 - db.pool - INFO - Foydalanuvchi 626 tizimga kirdi, sessiya 034d0f3fa899
2024-05-01 05:10:28,196 - payments.gateway - INFO - So'rov bajarildi: POST /login — 661ms
2024-05-01 05:10:59,579 - payments.gateway - INFO - Foydalanuvchi 628 tizimga kirdi, sessiya 98aab11be417
2024-05-01 05:11:19,203 - payments.gateway - INFO - Foydalanuvchi 191 tizimga kirdi, sessiya 09d74f34510c
2024-05-01 05:11:28,112 - db.pool - INFO - Foydalanuvchi 276 tizimga kirdi, sessiya 50fa870158d7
2024-05-01 05:11:35,458 - payments.gateway - INFO - So'rov bajarildi: POST /login — 2725ms
2024-05-01 05:11:45,557 - cache.redis - INFO - So'rov bajarildi: POST /api/v1/users — 3014ms
2024-05-01 05:11:46,145 - db.pool - DEBUG - Cache hit key=user:594 ttl=379s
2024-05-01 05:11:50,132 - db.pool - INFO - So'rov bajarildi: GET /api/v1/users — 2303ms
2024-05-01 05:11:57,244 - db.pool - INFO - Foydalanuvchi 160 tizimga kirdi, sessiya ffaed5f8e00d
2024-05-01 05:12:24,716 - scheduler - INFO - So'rov bajarildi: POST /api/v1/orders — 3916ms
2024-05-01 05:12:37,505 - api.auth - DEBUG - Cache hit key=user:432 ttl=3244s
2024-05-01 05:12:38,530 - api.auth - INFO - Foydalanuvchi 503 tizimga kirdi, sessiya b6cce6f41037
2024-05-01 05:12:45,550 - api.auth - CRITICAL - Xizmat javob bermayapti: worker-250 qayta ishga tushirilmoqda
2024-05-01 05:12:48,027 - worker.email - ERROR - DB ulanishi uzildi: timeout after 1723ms host=db-776
2024-05-01 05:12:56,147 - api.orders - INFO - Foydalanuvchi 735 tizimga kirdi, sessiya cd923d0bc069
2024-05-01 05:13:15,359 - payments.gateway - WARN - Sekin so'rov: /api/v1/orders 1137ms chegaradan oshdi
2024-05-01 05:13:20,302 - payments.gateway - DEBUG - Cache hit key=user:159 ttl=1701s
2024-05-01 05:13:34,243 - payments.gateway - CRITICAL - Xizmat javob bermayapti: worker-516 qayta ishga tushirilmoqda
2024-05-01 05:13:34,663 - db.pool - INFO - So'rov bajarildi: GET /login — 4106ms
2024-05-01 05:13:46,507 - payments.gateway - INFO - Foydalanuvchi 470 tizimga kirdi, sessiya db4a9eaef6d3
2024-05-01 05:13:56,906 - payments.gateway - INFO - So'rov bajarildi: POST /api/v1/users — 1919ms
2024-05-01 05:14:06,227 - worker.email - DEBUG - Cache hit key=user:507 ttl=2148s
2024-05-01 05:14:11,112 - scheduler - DEBUG - Cache hit key=user:808 ttl=2899s
2024-05-01 05:14:14,346 - api.orders - INFO - So'rov bajarildi: POST /api/v1/orders — 726ms
2024-05-01 05:14:15,249 - api.orders - INFO - So'rov bajarildi: GET /api/v1/orders — 2232ms
2024-05-01 05:14:22,139 - db.pool - INFO - So'rov bajarildi: GET /api/v1/orders — 2608ms
2024-05-01 05:14:31,730 - payments.gateway - INFO - So'rov bajarildi: GET /login — 428ms
2024-05-01 05:14:38,582 - cache.redis - INFO - Buyurtma yaratildi id=26533 summa=2276102.82
2024-05-01 05:14:45,344 - cache.redis - INFO - Foydalanuvchi 602 tizimga kirdi, sessiya a7112c718709
2024-05-01 05:14:46,042 - cache.redis - INFO - Buyurtma yaratildi id=56696 summa=2878194.85
2024-05-01 05:14:49,853 - cache.redis - INFO - So'rov bajarildi: GET /login — 2728ms
2024-05-01 05:14:52,374 - scheduler - INFO - Foydalanuvchi 461 tizimga kirdi, sessiya 555764217ad5
2024-05-01 05:14:58,555 - api.orders - WARN - Sekin so'rov: /login 3523ms chegaradan oshdi
2024-05-01 05:15:16,980 - api.orders - INFO - Foydalanuvchi 553 tizimga kirdi, sessiya 93960d9ae068
2024-05-01 05:15:22,383 - api.orders - INFO - Buyurtma yaratildi id=16609 summa=2392162.39
2024-05-01 05:15:25,436 - api.auth - DEBUG - Cache hit key=user:549 ttl=2313s
2024-05-01 05:15:40,147 - api.orders - INFO - Foydalanuvchi 788 tizimga kirdi, sessiya 92fe32c877c0
2024-05-01 05:15:46,113 - worker.email - INFO - Foydalanuvchi 428 tizimga kirdi, sessiya 7ecdfeb76498
2024-05-01 05:15:56,674 - api.auth - WARN - Sekin so'rov: /api/v1/orders 3794ms chegaradan oshdi
2024-05-01 05:15:58,715 - cache.redis - INFO - Buyurtma yaratildi id=17813 summa=1111959.9
2024-05-01 05:16:03,659 - scheduler - INFO - Foydalanuvchi 242 tizimga kirdi, sessiya 5d5e3335a4e0
2024-05-01 05:16:05,505 - payments.gateway - INFO - Buyurtma yaratildi id=48488 summa=3194917.14
2024-05-01 05:16:14,792 - worker.email - INFO - Buyurtma yaratildi id=22971 summa=1588899.53
2024-05-01 05:16:23,763 - scheduler - INFO - So'rov bajarildi: GET /login — 1409ms
2024-05-01 05:16:30,707 - api.orders - INFO - Buyurtma yaratildi id=65549 summa=346219.02
2024-05-01 05:16:46,999 - worker.email - ERROR - DB ulanishi uzildi: timeout after 1523ms host=db-642
2024-05-01 05:16:48,234 - payments.gateway - DEBUG - Cache hit key=user:25 ttl=3915s
2024-05-01 05:17:19,006 - payments.gateway - INFO - Foydalanuvchi 841 tizimga kirdi, sessiya bb6bdd4cbf21
2024-05-01 05:17:21,747 - api.auth - INFO - Buyurtma yaratildi id=39593 summa=3992880.71
2024-05-01 05:17:41,354 - db.pool - DEBUG - Cache hit key=user:166 ttl=1960s
2024-05-01 05:17:44,824 - api.auth - DEBUG - Cache hit key=user:75 ttl=3292s
2024-05-01 05:17:55,356 - cache.redis - DEBUG - Cache hit key=user:623 ttl=3281s
2024-05-01 05:18:29,955 - worker.email - WARN - Sekin so'rov: /login 3050ms chegaradan oshdi
2024-05-01 05:19:09,641 - api.orders - DEBUG - Cache hit key=user:352 ttl=4067s
2024-05-01 05:19:11,777 - api.orders - WARN - Sekin so'rov: /api/v1/users 4077ms chegaradan oshdi
2024-05-01 05:19:22,633 - scheduler - INFO - Foydalanuvchi 630 tizimga kirdi, sessiya 8ca74333f20a
2024-05-01 05:19:24,885 - scheduler - INFO - So'rov bajarildi: POST /api/v1/users — 1132ms
2024-05-01 05:19:29,394 - cache.redis - INFO - So'rov bajarildi: GET /api/v1/orders — 3791ms
2024-05-01 05:19:29,647 - scheduler - INFO - Buyurtma yaratildi id=67938 summa=3625782.93
2024-05-01 05:19:36,646 - api.auth - INFO - Foydalanuvchi 30 tizimga kirdi, sessiya 3df51d2cf0cc
2024-05-01 05:19:52,407 - scheduler - INFO - Foydalanuvchi 700 tizimga kirdi, sessiya fc2f77d71552
2024-05-01 05:20:04,599 - worker.email - DEBUG - Cache hit key=user:886 ttl=1420s
2024-05-01 05:20:07,325 - cache.redis - WARN - Sekin so'rov: /api/v1/orders 3939ms chegaradan oshdi
2024-05-01 05:20:25,194 - scheduler - ERROR - DB ulanishi uzildi: timeout after 3374ms host=db-478
2024-05-01 05:20:27,728 - api.auth - DEBUG - Cache hit key=user:104 ttl=3735s
2024-05-01 05:20:35,963 - payments.gateway - INFO - So'rov bajarildi: GET /api/v1/orders — 1698ms
2024-05-01 05:20:36,387 - payments.gateway - INFO - Buyurtma yaratildi id=91051 summa=2031242.47
2024-05-01 05:20:48,806 - api.orders - ERROR - To'lov rad etildi order=65205 kod=INSUFFICIENT_FUNDS
2024-05-01 05:20:57,437 - db.pool - INFO - So'rov bajarildi: GET /api/v1/users — 298ms
2024-05-01 05:21:02,900 - payments.gateway - DEBUG - Cache hit key=user:420 ttl=1513s
2024-05-01 05:21:17,747 - cache.redis - WARN - Sekin so'rov: /api/v1/users 3790ms chegaradan oshdi
2024-05-01 05:21:19,556 - cache.redis - WARN - Ulanishlar hovuzi 438% to'lgan
2024-05-01 05:21:39,759 - scheduler - WARN - Ulanishlar hovuzi 3934% to'lgan
2024-05-01 05:21:43,687 - worker.email - DEBUG - Cache hit key=user:810 ttl=2943s
2024-05-01 05:21:56,112 - api.auth - DEBUG - Cache hit key=user:229 ttl=688s
2024-05-01 05:21:58,303 - cache.redis - INFO - So'rov bajarildi: POST /api/v1/users — 1436ms
2024-05-01 05:22:15,654 - api.orders - INFO - So'rov bajarildi: POST /api/v1/orders — 2184ms
2024-05-01 05:22:25,334 - db.pool - INFO - So'rov bajarildi: GET /api/v1/orders — 2610ms
2024-05-01 05:22:36,298 - payments.gateway - INFO - So'rov bajarildi: POST /api/v1/orders — 2594ms
2024-05-01 05:22:53,883 - cache.redis - INFO - Foydalanuvchi 395 tizimga kirdi, sessiya 0b75c840ee26
2024-05-01 05:23:13,965 - worker.email - INFO - Buyurtma yaratildi id=30388 summa=3029840.87
2024-05-01 05:23:20,588 - api.auth - DEBUG - Cache hit key=user:515 ttl=2545s
2024-05-01 05:23:28,821 - payments.gateway - CRITICAL - Xizmat javob bermayapti: worker-773 qayta ishga tushirilmoqda
2024-05-01 05:23:33,340 - worker.email - INFO - Foydalanuvchi 27 tizimga kirdi, sessiya e75337788e51
2024-05-01 05:23:34,028 - payments.gateway - INFO - So'rov bajarildi: POST /api/v1/users — 2861ms
2024-05-01 05:23:35,258 - worker.email - WARN - Sekin so'rov: /login 395ms chegaradan oshdi
2024-05-01 05:23:36,748 - scheduler - INFO - So'rov bajarildi: GET /api/v1/orders — 2085ms
2024-05-01 05:23:41,117 - payments.gateway - WARN - Sekin so'rov: /api/v1/users 2354ms chegaradan oshdi
2024-05-01 05:23:57,781 - worker.email - INFO - Buyurtma yaratildi id=37747 summa=638100.32
2024-05-01 05:23:59,207 - api.orders - INFO - So'rov bajarildi: POST /login — 1912ms
2024-05-01 05:24:34,835 - payments.gateway - INFO - Buyurtma yaratildi id=39931 summa=723115.91
2024-05-01 05:24:37,907 - api.orders - INFO - So'rov bajarildi: POST /api/v1/orders — 41ms
2024-05-01 05:25:02,100 - payments.gateway - ERROR - DB ulanishi uzildi: timeout after 2990ms host=db-148
2024-05-01 05:25:14,926 - api.auth - INFO - Foydalanuvchi 430 tizimga kirdi, sessiya 264603e0f9d1
2024-05-01 05:25:17,264 - payments.gateway - WARN - Ulanishlar hovuzi 2366% to'lgan
2024-05-01 05:25:18,863 - cache.redis - WARN - Sekin so'rov: /login 1361ms chegaradan oshdi
2024-05-01 05:25:20,723 - worker.email - INFO - So'rov bajarildi: POST /login — 4087ms
2024-05-01 05:25:29,391 - worker.email - INFO - Foydalanuvchi 224 tizimga kirdi, sessiya 5c4ae18547f0
2024-05-01 05:25:41,006 - scheduler - DEBUG - Cache hit key=user:14 ttl=506s
2024-05-01 05:26:09,748 - db.pool - WARN - Ulanishlar hovuzi 2558% to'lgan
2024-05-01 05:26:18,214 - api.auth - INFO - Foydalanuvchi 484 tizimga kirdi, sessiya eed3c830f3ae
2024-05-01 05:26:27,313 - cache.redis - INFO - So'rov bajarildi: GET /api/v1/orders — 2293ms
2024-05-01 05:26:28,040 - db.pool - INFO - So'rov bajarildi: POST /api/v1/users — 1751ms
2024-05-01 05:26:40,465 - payments.gateway - INFO - So'rov bajarildi: GET /api/v1/orders — 3084ms
2024-05-01 05:26:45,581 - scheduler - INFO - Foydalanuvchi 624 tizimga kirdi, sessiya 75220c3c323f
2024-05-01 05:26:46,352 - db.pool - INFO - Buyurtma yaratildi id=93435 summa=3621438.16
2024-05-01 05:27:07,569 - api.auth - INFO - So'rov bajarildi: GET /login — 3624ms
2024-05-01 05:27:08,220 - db.pool - INFO - So'rov bajarildi: GET /api/v1/users — 1286ms
2024-05-01 05:27:08,612 - payments.gateway - INFO - So'rov bajarildi: GET /api/v1/orders — 3882ms
2024-05-01 05:27:19,450 - scheduler - INFO - Foydalanuvchi 473 tizimga kirdi, sessiya 6db526dbc931
2024-05-01 05:27:28,329 - cache.redis - WARN - Ulanishlar hovuzi 3089% to'lgan
2024-05-01 05:27:35,108 - payments.gateway - ERROR - To'lov rad etildi order=37479 kod=INSUFFICIENT_FUNDS
2024-05-01 05:27:42,395 - db.pool - DEBUG - Cache hit key=user:152 ttl=1942s
2024-05-01 05:27:43,842 - db.pool - DEBUG - Cache hit key=user:65 ttl=33s
2024-05-01 05:27:44,608 - db.pool - INFO - Foydalanuvchi 582 tizimga kirdi, sessiya b1c73b4b7d6a
2024-05-01 05:27:50,591 - worker.email - INFO - So'rov bajarildi: POST /api/v1/users — 2491ms
2024-05-01 05:27:51,095 - api.auth - INFO - Foydalanuvchi 657 tizimga kirdi, sessiya acf262346965
2024-05-01 05:27:56,224 - api.auth - INFO - So'rov bajarildi: GET /api/v1/users — 3950ms
2024-05-01 05:27:57,173 - worker.email - INFO - Foydalanuvchi 534 tizimga kirdi, sessiya a6c00ccf4424
2024-05-01 05:28:09,287 - payments.gateway - INFO - So'rov bajarildi: POST /login — 3375ms
2024-05-01 05:28:19,281 - cache.redis - ERROR - To'lov rad etildi order=37602 kod=INSUFFICIENT_FUNDS
2024-05-01 05:28:53,212 - worker.email - INFO - So'rov bajarildi: GET /api/v1/orders — 3572ms
2024-05-01 05:29:17,735 - payments.gateway - WARN - Sekin so'rov: /api/v1/orders 1326ms chegaradan oshdi
2024-05-01 05:29:22,993 - payments.gateway - WARN - Sekin so'rov: /api/v1/users 2152ms chegaradan oshdi
2024-05-01 05:29:33,564 - scheduler - DEBUG - Cache hit key=user:629 ttl=2784s
2024-05-01 05:29:37,243 - db.pool - INFO - Foydalanuvchi 521 tizimga kirdi, sessiya 5471f5d8c6b0
2024-05-01 05:29:39,192 - worker.email - INFO - So'rov bajarildi: GET /login — 3786ms
2024-05-01 05:29:48,499 - db.pool - WARN - Ulanishlar hovuzi 783% to'lgan
2024-05-01 05:29:57,671 - worker.email - INFO - So'rov bajarildi: POST /login — 3588ms
2024-05-01 05:30:03,561 - api.auth - DEBUG - Cache hit key=user:538 ttl=3787s
2024-05-01 05:30:07,938 - worker.email - ERROR - To'lov rad etildi order=67855 kod=INSUFFICIENT_FUNDS
2024-05-01 05:30:18,756 - db.pool - INFO - Foydalanuvchi 782 tizimga kirdi, sessiya b3589fd598cc
2024-05-01 05:31:12,605 - payments.gateway - ERROR - DB ulanishi uzildi: timeout after 2191ms host=db-759
2024-05-01 05:31:32,039 - worker.email - INFO - Foydalanuvchi 567 tizimga kirdi, sessiya 85a84ea3ce17
2024-05-01 05:31:34,933 - payments.gateway - INFO - So'rov bajarildi: GET /api/v1/orders — 2119ms
2024-05-01 05:31:35,937 - db.pool - INFO - So'rov bajarildi: GET /login — 1803ms
2024-05-01 05:31:46,375 - payments.gateway - WARN - Ulanishlar hovuzi 1437% to'lgan
2024-05-01 05:31:48,496 - api.orders - INFO - So'rov bajarildi: GET /api/v1/users — 1871ms
2024-05-01 05:31:50,928 - api.auth - DEBUG - Cache hit key=user:501 ttl=578s
2024-05-01 05:31:50,984 - cache.redis - INFO - Foydalanuvchi 25 tizimga kirdi, sessiya 6e1da83b7f41
2024-05-01 05:32:03,870 - worker.email - WARN - Sekin so'rov: /api/v1/users 87ms chegaradan oshdi
2024-05-01 05:32:20,799 - payments.gateway - INFO - Buyurtma yaratildi id=99325 summa=3895134.63
2024-05-01 05:32:21,159 - cache.redis - INFO - Buyurtma yaratildi id=49061 summa=389423.75
2024-05-01 05:32:44,180 - worker.email - INFO - Foydalanuvchi 97 tizimga kirdi, sessiya 6aa96dc20145
2024-05-01 05:32:51,764 - cache.redis - INFO - Buyurtma yaratildi id=86414 summa=3623471.01
2024-05-01 05:33:14,096 - scheduler - CRITICAL - Xizmat javob bermayapti: worker-166 qayta ishga tushirilmoqda
2024-05-01 05:33:24,258 - cache.redis - INFO - So'rov bajarildi: POST /api/v1/users — 3159ms
2024-05-01 05:33:31,062 - payments.gateway - INFO - So'rov bajarildi: GET /login — 3916ms
2024-05-01 05:33:42,751 - api.auth - WARN - Sekin so'rov: /login 1280ms chegaradan oshdi
2024-05-01 05:33:46,270 - db.pool - INFO - So'rov bajarildi: GET /api/v1/orders — 836ms
2024-05-01 05:33:46,419 - scheduler - DEBUG - Cache hit key=user:592 ttl=3986s
2024-05-01 05:33:51,005 - scheduler - INFO - Foydalanuvchi 710 tizimga kirdi, sessiya c5f5ef0dfdd9
2024-05-01 05:33:53,830 - db.pool - DEBUG - Cache hit key=user:448 ttl=1071s
2024-05-01 05:34:14,016 - worker.email - INFO - Foydalanuvchi 429 tizimga kirdi, sessiya b65ebd1053c5
2024-05-01 05:34:30,841 - scheduler - INFO - So'rov bajarildi: POST /api/v1/users — 1378ms
2024-05-01 05:34:37,654 - db.pool - INFO - Foydalanuvchi 536 tizimga kirdi, sessiya 31c5aed63f57
2024-05-01 05:35:06,281 - api.auth - INFO - So'rov bajarildi: GET /api/v1/users — 1799ms
2024-05-01 05:35:11,203 - cache.redis - INFO - So'rov bajarildi: GET /login — 109ms
2024-05-01 05:35:25,965 - payments.gateway - INFO - So'rov bajarildi: GET /login — 1703ms
2024-05-01 05:35:30,888 - scheduler - ERROR - To'lov rad etildi order=25210 kod=INSUFFICIENT_FUNDS
2024-05-01 05:36:08,458 - worker.email - WARN - Ulanishlar hovuzi 4143% to'lgan
2024-05-01 05:36:12,912 - worker.email - INFO - So'rov bajarildi: POST /api/v1/orders — 448ms
2024-05-01 05:36:19,647 - scheduler - WARN - Sekin so'rov: /login 1722ms chegaradan oshdi
2024-05-01 05:36:32,101 - scheduler - WARN - Ulanishlar hovuzi 3069% to'lgan
2024-05-01 05:36:54,875 - db.pool - INFO - Foydalanuvchi 709 tizimga kirdi, sessiya 2d1d080e2c28
2024-05-01 05:36:56,438 - cache.redis - INFO - Foydalanuvchi 570 tizimga kirdi, sessiya cf7580abfcde
2024-05-01 05:36:57,433 - api.orders - INFO - Foydalanuvchi 168 tizimga kirdi, sessiya 2d3b28b8268d
2024-05-01 05:37:51,451 - worker.email - INFO - Foydalanuvchi 583 tizimga kirdi, sessiya 2cfe714b2b7c
2024-05-01 05:37:54,344 - db.pool - INFO - Foydalanuvchi 278 tizimga kirdi, sessiya cff1200788e2
2024-05-01 05:38:04,217 - db.pool - INFO - So'rov bajarildi: POST /login — 4041ms
2024-05-01 05:38:26,832 - scheduler - WARN - Sekin so'rov: /api/v1/orders 3012ms chegaradan oshdi
2024-05-01 05:38:30,666 - cache.redis - INFO - Foydalanuvchi 504 tizimga kirdi, sessiya c2260d0410b8
2024-05-01 05:38:48,998 - payments.gateway - INFO - Foydalanuvchi 285 tizimga kirdi, sessiya d76a3ade770d
2024-05-01 05:38:49,677 - worker.email - INFO - So'rov bajarildi: POST /api/v1/users — 2015ms
2024-05-01 05:39:02,602 - worker.email - INFO - Buyurtma yaratildi id=47261 summa=3906794.25
2024-05-01 05:39:10,043 - db.pool - INFO - Foydalanuvchi 720 tizimga kirdi, sessiya bbe7bbe2182e
2024-05-01 05:39:12,566 - db.pool - INFO - So'rov bajarildi: GET /login — 2528ms
2024-05-01 05:39:26,420 - worker.email - INFO - So'rov bajarildi: GET /login — 2292ms
2024-05-01 05:39:39,198 - scheduler - DEBUG - Cache hit key=user:620 ttl=1891s
2024-05-01 05:39:48,471 - api.orders - INFO - So'rov bajarildi: POST /api/v1/orders — 2017ms
2024-05-01 05:39:58,747 - worker.email - WARN - Ulanishlar hovuzi 3883% to'lgan
2024-05-01 05:40:05,943 - api.orders - INFO - Foydalanuvchi 822 tizimga kirdi, sessiya c3bd08cba0b6
2024-05-01 05:40:27,376 - api.auth - INFO - Buyurtma yaratildi id=47199 summa=3899734.51
2024-05-01 05:40:29,539 - api.auth - INFO - So'rov bajarildi: POST /api/v1/orders — 2352ms
2024-05-01 05:40:40,215 - scheduler - INFO - Foydalanuvchi 429 tizimga kirdi, sessiya 6ceeec55a81f
2024-05-01 05:40:40,988 - api.auth - INFO - Foydalanuvchi 475 tizimga kirdi, sessiya 036f4bacbcb9
2024-05-01 05:40:47,810 - db.pool - INFO - So'rov bajarildi: GET /api/v1/users — 1567ms
2024-05-01 05:40:57,196 - worker.email - INFO - Foydalanuvchi 715 tizimga kirdi, sessiya 0193d01e3c04
2024-05-01 05:41:09,223 - scheduler - INFO - So'rov bajarildi: GET /login — 610ms
2024-05-01 05:41:36,754 - scheduler - DEBUG - Cache hit key=user:642 ttl=2585s
2024-05-01 05:41:51,427 - worker.email - DEBUG - Cache hit key=user:508 ttl=1132s
2024-05-01 05:41:53,375 - payments.gateway - WARN - Ulanishlar hovuzi 1836% to'lgan
2024-05-01 05:41:56,598 - db.pool - INFO - So'rov bajarildi: POST /api/v1/orders — 1595ms
2024-05-01 05:42:02,391 - api.orders - INFO - Foydalanuvchi 147 tizimga kirdi, sessiya 39a455d68d79
2024-05-01 05:42:08,035 - api.auth - WARN - Sekin so'rov: /api/v1/users 3965ms chegaradan oshdi
2024-05-01 05:42:13,074 - api.auth - INFO - So'rov bajarildi: GET /api/v1/orders — 2112ms
2024-05-01 05:42:17,667 - scheduler - DEBUG - Cache hit key=user:191 ttl=1361s
2024-05-01 05:42:20,999 - worker.email - WARN - Ulanishlar hovuzi 3459% to'lgan
2024-05-01 05:42:54,115 - api.auth - INFO - So'rov bajarildi: POST /api/v1/users — 1456ms
2024-05-01 05:42:55,560 - scheduler - INFO - Foydalanuvchi 602 tizimga kirdi, sessiya 9f8e486de8ef
2024-05-01 05:43:01,487 - api.orders - WARN - Sekin so'rov: /api/v1/orders 970ms chegaradan oshdi
2024-05-01 05:43:14,866 - worker.email - INFO - Foydalanuvchi 753 tizimga kirdi, sessiya 227a6584e7c1
2024-05-01 05:43:15,201 - db.pool - INFO - So'rov bajarildi: POST /api/v1/users — 2008ms
2024-05-01 05:43:33,119 - payments.gateway - INFO - Buyurtma yaratildi id=47954 summa=537468.91
2024-05-01 05:43:41,118 - cache.redis - INFO - So'rov bajarildi: GET /api/v1/users — 37ms
2024-05-01 05:43:44,046 - payments.gateway - INFO - Buyurtma yaratildi id=36117 summa=1097829.61
2024-05-01 05:43:57,831 - api.orders - INFO - Foydalanuvchi 482 tizimga kirdi, sessiya ec240d37e43d
2024-05-01 05:44:09,202 - db.pool - DEBUG - Cache hit key=user:730 ttl=296s
2024-05-01 05:44:26,804 - payments.gateway - ERROR - DB ulanishi uzildi: timeout after 4140ms host=db-70
2024-05-01 05:44:27,228 - cache.redis - DEBUG - Cache hit key=user:830 ttl=2808s
2024-05-01 05:44:38,574 - worker.email - INFO - Foydalanuvchi 477 tizimga kirdi, sessiya eac4d51e7dff
2024-05-01 05:44:58,851 - db.pool - INFO - Foydalanuvchi 487 tizimga kirdi, sessiya 4b7fbe492236
2024-05-01 05:45:36,721 - worker.email - INFO - Buyurtma yaratildi id=97210 summa=1015104.07
2024-05-01 05:45:58,150 - payments.gateway - INFO - Buyurtma yaratildi id=45715 summa=2004201.77
2024-05-01 05:46:01,869 - api.orders - INFO - So'rov bajarildi: GET /api/v1/users — 1573ms
2024-05-01 05:46:12,134 - scheduler - INFO - Foydalanuvchi 670 tizimga kirdi, sessiya 56a1f338b59b
2024-05-01 05:46:20,721 - cache.redis - INFO - Foydalanuvchi 166 tizimga kirdi, sessiya 6e2c0492092e
2024-05-01 05:46:23,313 - payments.gateway - DEBUG - Cache hit key=user:753 ttl=4143s
2024-05-01 05:46:23,996 - cache.redis - ERROR - To'lov rad etildi order=25705 kod=INSUFFICIENT_FUNDS
2024-05-01 05:46:33,053 - payments.gateway - INFO - So'rov bajarildi: POST /api/v1/orders — 539ms
2024-05-01 05:46:45,041 - payments.gateway - WARN - Sekin so'rov: /login 2423ms chegaradan oshdi
2024-05-01 05:47:05,776 - api.auth - WARN - Sekin so'rov: /api/v1/orders 3568ms chegaradan oshdi
2024-05-01 05:47:13,514 - payments.gateway - INFO - Foydalanuvchi 791 tizimga kirdi, sessiya cbf8ff7ebeb0
2024-05-01 05:47:35,430 - scheduler - INFO - Buyurtma yaratildi id=89645 summa=2988030.0
2024-05-01 05:48:08,941 - cache.redis - INFO - So'rov bajarildi: POST /api/v1/orders — 3544ms
2024-05-01 05:48:37,660 - api.auth - INFO - Buyurtma yaratildi id=40709 summa=3724628.94
2024-05-01 05:48:44,283 - worker.email - INFO - Foydalanuvchi 772 tizimga kirdi, sessiya 73b7fc7897ac
2024-05-01 05:48:45,812 - cache.redis - INFO - Foydalanuvchi 216 tizimga kirdi, sessiya 8951083062f9
2024-05-01 05:49:00,553 - cache.redis - INFO - Foydalanuvchi 345 tizimga kirdi, sessiya 964fc0918e32
2024-05-01 05:49:04,377 - payments.gateway - INFO - Foydalanuvchi 87 tizimga kirdi, sessiya 62f5c942be8b
2024-05-01 05:49:15,830 - db.pool - DEBUG - Cache hit key=user:500 ttl=3347s
2024-05-01 05:49:23,812 - api.auth - INFO - Buyurtma yaratildi id=86747 summa=890677.22
2024-05-01 05:49:29,536 - db.pool - WARN - Sekin so'rov: /api/v1/users 3598ms chegaradan oshdi
2024-05-01 05:49:31,806 - api.auth - INFO - So'rov bajarildi: POST /api/v1/users — 350ms
2024-05-01 05:49:50,126 - worker.email - DEBUG - Cache hit key=user:392 ttl=3131s
2024-05-01 05:50:00,004 - api.auth - DEBUG - Cache hit key=user:669 ttl=1412s
2024-05-01 05:50:01,275 - scheduler - INFO - So'rov bajarildi: GET /login — 232ms
2024-05-01 05:50:20,907 - api.orders - ERROR - DB ulanishi uzildi: timeout after 1350ms host=db-254
2024-05-01 05:50:28,825 - worker.email - INFO - Foydalanuvchi 671 tizimga kirdi, sessiya 5dd9bed9858d
2024-05-01 05:50:34,181 - worker.email - DEBUG - Cache hit key=user:755 ttl=1049s
2024-05-01 05:50:34,402 - api.auth - WARN - Ulanishlar hovuzi 690% to'lgan
2024-05-01 05:50:51,207 - db.pool - INFO - Foydalanuvchi 232 tizimga kirdi, sessiya 5af77e76c4fb
2024-05-01 05:50:56,623 - worker.email - INFO - Foydalanuvchi 230 tizimga kirdi, sessiya a045ffb85ef8
2024-05-01 05:51:05,532 - api.orders - DEBUG - Cache hit key=user:508 ttl=1819s
2024-05-01 05:51:09,547 - scheduler - INFO - So'rov bajarildi: POST /login — 452ms
2024-05-01 05:51:11,412 - db.pool - WARN - Ulanishlar hovuzi 2933% to'lgan
2024-05-01 05:51:14,564 - scheduler - INFO - So'rov bajarildi: GET /api/v1/orders — 2462ms
2024-05-01 05:51:35,585 - payments.gateway - INFO - Foydalanuvchi 317 tizimga kirdi, sessiya dbdb1289e901
2024-05-01 05:51:37,693 - cache.redis - INFO - So'rov bajarildi: GET /login — 2214ms
2024-05-01 05:51:46,896 - scheduler - WARN - Ulanishlar hovuzi 2864% to'lgan
2024-05-01 05:51:49,156 - db.pool - INFO - So'rov bajarildi: GET /api/v1/users — 1986ms
2024-05-01 05:51:52,460 - scheduler - ERROR - DB ulanishi uzildi: timeout after 2063ms host=db-17
2024-05-01 05:51:54,566 - cache.redis - INFO - Buyurtma yaratildi id=94583 summa=2991373.95
2024-05-01 05:52:24,111 - worker.email - ERROR - DB ulanishi uzildi: timeout after 3032ms host=db-788
2024-05-01 05:53:10,139 - api.auth - CRITICAL - Xizmat javob bermayapti: worker-420 qayta ishga tushirilmoqda
2024-05-01 05:53:19,453 - scheduler - INFO - Foydalanuvchi 693 tizimga kirdi, sessiya 8a3bd82fac09
2024-05-01 05:53:27,955 - cache.redis - INFO - So'rov bajarildi: POST /api/v1/users — 3116ms
2024-05-01 05:53:33,107 - worker.email - WARN - Ulanishlar hovuzi 3634% to'lgan
2024-05-01 05:53:37,447 - cache.redis - INFO - Buyurtma yaratildi id=91125 summa=1743424.52
2024-05-01 05:53:39,929 - db.pool - DEBUG - Cache hit key=user:494 ttl=3864s
2024-05-01 05:53:43,923 - cache.redis - INFO - So'rov bajarildi: POST /api/v1/users — 2934ms
2024-05-01 05:53:45,430 - payments.gateway - ERROR - To'lov rad etildi order=75989 kod=INSUFFICIENT_FUNDS
2024-05-01 05:53:53,345 - payments.gateway - DEBUG - Cache hit key=user:840 ttl=947s
2024-05-01 05:53:54,917 - worker.email - INFO - Foydalanuvchi 119 tizimga kirdi, sessiya 6201e33a8fcc
2024-05-01 05:53:59,915 - worker.email - INFO - So'rov bajarildi: POST /api/v1/orders — 3604ms
2024-05-01 05:54:18,557 - cache.redis - DEBUG - Cache hit key=user:286 ttl=2115s
2024-05-01 05:54:22,390 - db.pool - WARN - Ulanishlar hovuzi 356% to'lgan
2024-05-01 05:54:40,684 - worker.email - INFO - So'rov bajarildi: POST /login — 722ms
2024-05-01 05:54:59,087 - scheduler - INFO - So'rov bajarildi: POST /login — 1790ms
2024-05-01 05:55:01,400 - cache.redis - INFO - So'rov bajarildi: GET /api/v1/users — 3823ms
2024-05-01 05:55:10,788 - api.orders - WARN - Sekin so'rov: /api/v1/orders 742ms chegaradan oshdi
2024-05-01 05:55:13,024 - api.orders - INFO - So'rov bajarildi: POST /login — 2113ms
2024-05-01 05:55:34,601 - cache.redis - INFO - So'rov bajarildi: POST /api/v1/orders — 533ms
2024-05-01 05:55:56,042 - db.pool - ERROR - To'lov rad etildi order=22992 kod=INSUFFICIENT_FUNDS
2024-05-01 05:56:03,536 - cache.redis - WARN - Sekin so'rov: /login 2671ms chegaradan oshdi
2024-05-01 05:56:04,997 - worker.email - INFO - Foydalanuvchi 860 tizimga kirdi, sessiya a3eeb8ea7657
2024-05-01 05:56:09,117 - db.pool - INFO - So'rov bajarildi: GET /api/v1/users — 938ms
2024-05-01 05:56:09,373 - api.auth - INFO - So'rov bajarildi: POST /api/v1/orders — 2264ms
2024-05-01 05:56:10,777 - cache.redis - WARN - Sekin so'rov: /api/v1/users 3609ms chegaradan oshdi
2024-05-01 05:56:10,780 - cache.redis - INFO - Buyurtma yaratildi id=38997 summa=2286240.65
2024-05-01 05:56:12,735 - db.pool - CRITICAL - Xizmat javob bermayapti: worker-694 qayta ishga tushirilmoqda
2024-05-01 05:56:13,773 - payments.gateway - INFO - So'rov bajarildi: GET /login — 2678ms
2024-05-01 05:56:38,048 - payments.gateway - INFO - Foydalanuvchi 791 tizimga kirdi, sessiya ba265893b873
2024-05-01 05:57:03,459 - payments.gateway - INFO - So'rov bajarildi: GET /api/v1/users — 1761ms
2024-05-01 05:58:31,044 - scheduler - INFO - So'rov bajarildi: POST /api/v1/orders — 1853ms
2024-05-01 05:58:41,211 - scheduler - INFO - So'rov bajarildi: GET /login — 2630ms
2024-05-01 05:58:49,791 - api.orders - INFO - Foydalanuvchi 272 tizimga kirdi, sessiya bf10366edc1c
2024-05-01 05:58:55,297 - payments.gateway - INFO - Foydalanuvchi 136 tizimga kirdi, sessiya 929aaf3d9ac2
2024-05-01 05:59:08,444 - db.pool - DEBUG - Cache hit key=user:730 ttl=3775s
2024-05-01 05:59:08,990 - payments.gateway - INFO - So'rov bajarildi: POST /api/v1/orders — 93ms
2024-05-01 05:59:24,447 - scheduler - INFO - Buyurtma yaratildi id=49338 summa=2670626.66
2024-05-01 05:59:27,707 - db.pool - INFO - Foydalanuvchi 207 tizimga kirdi, sessiya 47814c2c58a0
2024-05-01 05:59:46,309 - api.orders - WARN - Ulanishlar hovuzi 1767% to'lgan
2024-05-01 05:59:47,984 - api.auth - INFO - Foydalanuvchi 127 tizimga kirdi, sessiya 18a58727b7a9
2024-05-01 05:59:50,748 - cache.redis - INFO - So'rov bajarildi: POST /login — 4135ms
2024-05-01 06:00:13,399 - worker.email - ERROR - DB ulanishi uzildi: timeout after 2598ms host=db-758
2024-05-01 06:00:34,446 - api.auth - WARN - Ulanishlar hovuzi 196% to'lgan
2024-05-01 06:00:41,547 - worker.email - ERROR - DB ulanishi uzildi: timeout after 240ms host=db-19
2024-05-01 06:00:48,317 - api.auth - INFO - So'rov bajarildi: GET /login — 3053ms
2024-05-01 06:00:49,585 - scheduler - INFO - Foydalanuvchi 171 tizimga kirdi, sessiya 4f6ea6b941d8
2024-05-01 06:00:49,710 - scheduler - INFO - Foydalanuvchi 87 tizimga kirdi, sessiya 86ee3e045fc3
2024-05-01 06:00:53,822 - api.auth - INFO - So'rov bajarildi: GET /api/v1/users — 303ms
2024-05-01 06:00:58,354 - payments.gateway - INFO - Buyurtma yaratildi id=26817 summa=2002277.68
2024-05-01 06:00:59,487 - cache.redis - INFO - Foydalanuvchi 8 tizimga kirdi, sessiya c0be3f875cad
2024-05-01 06:01:03,056 - cache.redis - INFO - So'rov bajarildi: GET /api/v1/orders — 346ms
2024-05-01 06:01:06,628 - worker.email - DEBUG - Cache hit key=user:796 ttl=457s
2024-05-01 06:01:12,036 - payments.gateway - INFO - Buyurtma yaratildi id=85105 summa=1009598.94
2024-05-01 06:01:38,466 - scheduler - DEBUG - Cache hit key=user:323 ttl=4169s
2024-05-01 06:01:43,808 - db.pool - DEBUG - Cache hit key=user:428 ttl=756s
2024-05-01 06:01:44,950 - api.auth - ERROR - To'lov rad etildi order=46585 kod=INSUFFICIENT_FUNDS
2024-05-01 06:01:48,105 - payments.gateway - WARN - Sekin so'rov: /api/v1/users 3271ms chegaradan oshdi
2024-05-01 06:02:04,294 - worker.email - CRITICAL - Xizmat javob bermayapti: worker-101 qayta ishga tushirilmoqda
2024-05-01 06:02:06,735 - payments.gateway - ERROR - DB ulanishi uzildi: timeout after 2490ms host=db-380
2024-05-01 06:02:12,131 - scheduler - INFO - Foydalanuvchi 306 tizimga kirdi, sessiya 40469ad2ae17
2024-05-01 06:02:33,973 - api.auth - INFO - So'rov bajarildi: GET /login — 2120ms
2024-05-01 06:02:54,256 - scheduler - INFO - Foydalanuvchi 846 tizimga kirdi, sessiya 622aa328416f
2024-05-01 06:02:54,697 - payments.gateway - INFO - So'rov bajarildi: POST /api/v1/orders — 3708ms
2024-05-01 06:03:15,778 - api.orders - INFO - Foydalanuvchi 453 tizimga kirdi, sessiya 6ebdf7e4ddea
2024-05-01 06:03:21,340 - cache.redis - INFO - Buyurtma yaratildi id=19961 summa=386685.09
2024-05-01 06:03:51,207 - payments.gateway - INFO - Buyurtma yaratildi id=42762 summa=1688849.26
2024-05-01 06:03:53,894 - scheduler - INFO - Buyurtma yaratildi id=21032 summa=206371.63
2024-05-01 06:03:54,629 - worker.email - ERROR - DB ulanishi uzildi: timeout after 864ms host=db-347
2024-05-01 06:03:59,582 - payments.gateway - INFO - So'rov bajarildi: POST /api/v1/orders — 1590ms
2024-05-01 06:04:01,465 - cache.redis - INFO - So'rov bajarildi: POST /api/v1/orders — 1848ms
2024-05-01 06:04:24,620 - api.auth - WARN - Sekin so'rov: /api/v1/users 1900ms chegaradan oshdi
2024-05-01 06:04:25,159 - cache.redis - INFO - So'rov bajarildi: GET /api/v1/users — 820ms
2024-05-01 06:04:46,418 - worker.email - INFO - So'rov bajarildi: POST /api/v1/users — 3954ms
2024-05-01 06:04:51,199 - api.auth - WARN - Sekin so'rov: /api/v1/users 447ms chegaradan oshdi
2024-05-01 06:04:57,330 - api.auth - INFO - So'rov bajarildi: GET /login — 700ms
2024-05-01 06:04:58,690 - payments.gateway - DEBUG - Cache hit key=user:155 ttl=3918s
2024-05-01 06:05:03,965 - scheduler - INFO - Foydalanuvchi 439 tizimga kirdi, sessiya 4bb0f4a3988a
2024-05-01 06:05:08,405 - worker.email - ERROR - DB ulanishi uzildi: timeout after 3791ms host=db-393
2024-05-01 06:05:09,602 - payments.gateway - WARN - Ulanishlar hovuzi 386% to'lgan
2024-05-01 06:05:13,527 - scheduler - INFO - So'rov bajarildi: POST /api/v1/orders — 2369ms
2024-05-01 06:05:14,000 - worker.email - ERROR - To'lov rad etildi order=95668 kod=INSUFFICIENT_FUNDS
2024-05-01 06:05:24,963 - api.auth - INFO - Foydalanuvchi 349 tizimga kirdi, sessiya 65292738861c
2024-05-01 06:05:31,999 - api.orders - INFO - So'rov bajarildi: GET /api/v1/orders — 300ms
2024-05-01 06:05:47,584 - payments.gateway - INFO - So'rov bajarildi: GET /api/v1/orders — 2674ms
2024-05-01 06:05:51,717 - cache.redis - INFO - So'rov bajarildi: POST /login — 760ms
2024-05-01 06:05:56,383 - payments.gateway - DEBUG - Cache hit key=user:594 ttl=3427s
2024-05-01 06:06:02,791 - db.pool - DEBUG - Cache hit key=user:323 ttl=308s
2024-05-01 06:06:09,261 - cache.redis - INFO - Foydalanuvchi 724 tizimga kirdi, sessiya d3b655bb7bf5
2024-05-01 06:06:10,024 - payments.gateway - ERROR - DB ulanishi uzildi: timeout after 1822ms host=db-1
2024-05-01 06:06:12,370 - db.pool - DEBUG - Cache hit key=user:484 ttl=1088s
2024-05-01 06:06:21,392 - api.orders - INFO - Buyurtma yaratildi id=42945 summa=3115179.35
2024-05-01 06:06:23,025 - payments.gateway - INFO - Foydalanuvchi 482 tizimga kirdi, sessiya 2e3157975b66
2024-05-01 06:06:34,268 - cache.redis - INFO - Buyurtma yaratildi id=74369 summa=1324579.56
2024-05-01 06:07:00,076 - api.auth - WARN - Ulanishlar hovuzi 1017% to'lgan
2024-05-01 06:07:12,256 - api.auth - ERROR - DB ulanishi uzildi: timeout after 3485ms host=db-794
2024-05-01 06:07:14,271 - api.auth - INFO - Buyurtma yaratildi id=65428 summa=1737081.75
2024-05-01 06:07:20,283 - cache.redis - WARN - Ulanishlar hovuzi 2851% to'lgan
2024-05-01 06:07:41,151 - db.pool - INFO - Foydalanuvchi 225 tizimga kirdi, sessiya 9bdaed58d594
2024-05-01 06:08:07,623 - worker.email - INFO - So'rov bajarildi: GET /api/v1/orders — 3317ms
2024-05-01 06:08:14,151 - api.orders - WARN - Ulanishlar hovuzi 4053% to'lgan
2024-05-01 06:08:25,837 - worker.email - INFO - So'rov bajarildi: POST /api/v1/users — 1426ms
2024-05-01 06:08:26,727 - scheduler - WARN - Sekin so'rov: /api/v1/orders 3777ms chegaradan oshdi
2024-05-01 06:08:29,377 - scheduler - INFO - Foydalanuvchi 154 tizimga kirdi, sessiya 39d996f9df28
2024-05-01 06:08:29,766 - payments.gateway - INFO - So'rov bajarildi: POST /api/v1/orders — 1557ms
2024-05-01 06:08:42,079 - api.auth - WARN - Ulanishlar hovuzi 3029% to'lgan
2024-05-01 06:08:42,698 - worker.email - INFO - Foydalanuvchi 500 tizimga kirdi, sessiya c71ee52ae571
2024-05-01 06:08:50,304 - payments.gateway - INFO - So'rov bajarildi: POST /login — 1386ms
2024-05-01 06:08:54,990 - db.pool - INFO - So'rov bajarildi: POST /login — 2587ms
2024-05-01 06:08:58,260 - api.orders - ERROR - DB ulanishi uzildi: timeout after 2496ms host=db-323
2024-05-01 06:08:58,283 - payments.gateway - INFO - Buyurtma yaratildi id=90248 summa=39889.99
2024-05-01 06:09:19,630 - api.auth - WARN - Sekin so'rov: /api/v1/users 3938ms chegaradan oshdi
2024-05-01 06:09:45,087 - api.orders - INFO - Buyurtma yaratildi id=29208 summa=185858.36
2024-05-01 06:09:53,234 - api.auth - ERROR - DB ulanishi uzildi: timeout after 1877ms host=db-119
2024-05-01 06:09:54,135 - db.pool - INFO - Foydalanuvchi 73 tizimga kirdi, sessiya 254a7b96baf1
2024-05-01 06:10:22,841 - scheduler - DEBUG - Cache hit key=user:723 ttl=2799s
2024-05-01 06:10:34,913 - scheduler - ERROR - To'lov rad etildi order=60088 kod=INSUFFICIENT_FUNDS
2024-05-01 06:10:47,922 - api.orders - INFO - So'rov bajarildi: POST /api/v1/orders — 667ms
2024-05-01 06:10:58,554 - db.pool - DEBUG - Cache hit key=user:495 ttl=3695s
2024-05-01 06:11:07,908 - scheduler - INFO - Foydalanuvchi 248 tizimga kirdi, sessiya 5e76810c2ef0
2024-05-01 06:11:10,073 - worker.email - DEBUG - Cache hit key=user:852 ttl=3466s
2024-05-01 06:11:12,615 - worker.email - ERROR - DB ulanishi uzildi: timeout after 2016ms host=db-788
2024-05-01 06:11:30,287 - api.auth - DEBUG - Cache hit key=user:316 ttl=3057s
2024-05-01 06:11:33,188 - worker.email - WARN - Sekin so'rov: /login 2516ms chegaradan oshdi
2024-05-01 06:11:35,286 - db.pool - DEBUG - Cache hit key=user:661 ttl=4054s
2024-05-01 06:11:46,569 - scheduler - INFO - Foydalanuvchi 107 tizimga kirdi, sessiya 0ca2d568555c
2024-05-01 06:11:47,074 - payments.gateway - INFO - So'rov bajarildi: POST /login — 2645ms
2024-05-01 06:11:49,636 - cache.redis - ERROR - DB ulanishi uzildi: timeout after 3207ms host=db-433
2024-05-01 06:12:08,934 - worker.email - ERROR - DB ulanishi uzildi: timeout after 2815ms host=db-29
2024-05-01 06:12:13,479 - worker.email - INFO - Buyurtma yaratildi id=81280 summa=3495931.82
2024-05-01 06:12:34,998 - cache.redis - ERROR - To'lov rad etildi order=77192 kod=INSUFFICIENT_FUNDS
2024-05-01 06:12:55,233 - cache.redis - INFO - Buyurtma yaratildi id=93376 summa=3194272.84
2024-05-01 06:13:03,000 - scheduler - DEBUG - Cache hit key=user:507 ttl=2856s
2024-05-01 06:13:06,336 - db.pool - INFO - So'rov bajarildi: GET /api/v1/users — 1983ms
2024-05-01 06:13:12,679 - scheduler - CRITICAL - Xizmat javob bermayapti: worker-294 qayta ishga tushirilmoqda
2024-05-01 06:13:32,544 - db.pool - INFO - Foydalanuvchi 453 tizimga kirdi, sessiya 7156c9c6452e
2024-05-01 06:13:41,658 - api.auth - INFO - Buyurtma yaratildi id=20704 summa=3471005.09
2024-05-01 06:13:42,121 - api.auth - INFO - So'rov bajarildi: GET /api/v1/orders — 1382ms
2024-05-01 06:14:34,098 - worker.email - INFO - Buyurtma yaratildi id=79065 summa=1277475.49
2024-05-01 06:14:35,457 - api.orders - DEBUG - Cache hit key=user:701 ttl=1032s
2024-05-01 06:14:52,474 - scheduler - DEBUG - Cache hit key=user:646 ttl=1951s
2024-05-01 06:14:53,804 - worker.email - DEBUG - Cache hit key=user:696 ttl=3564s
2024-05-01 06:15:03,901 - db.pool - INFO - Foydalanuvchi 24 tizimga kirdi, sessiya 670e0a4fbdcc
2024-05-01 06:15:07,797 - api.orders - DEBUG - Cache hit key=user:587 ttl=3918s
2024-05-01 06:15:09,621 - api.orders - WARN - Ulanishlar hovuzi 2071% to'lgan
2024-05-01 06:15:16,229 - payments.gateway - CRITICAL - Xizmat javob bermayapti: worker-632 qayta ishga tushirilmoqda
2024-05-01 06:15:17,699 - payments.gateway - ERROR - DB ulanishi uzildi: timeout after 2615ms host=db-500
2024-05-01 06:15:29,554 - payments.gateway - ERROR - DB ulanishi uzildi: timeout after 2825ms host=db-683
2024-05-01 06:15:38,457 - cache.redis - ERROR - DB ulanishi uzildi: timeout after 2398ms host=db-133
2024-05-01 06:16:00,541 - payments.gateway - INFO - Foydalanuvchi 95 tizimga kirdi, sessiya 49cc0faae860
2024-05-01 06:16:04,526 - payments.gateway - DEBUG - Cache hit key=user:568 ttl=2437s
2024-05-01 06:16:05,194 - api.orders - INFO - Foydalanuvchi 648 tizimga kirdi, sessiya ba9bb321a47a
2024-05-01 06:16:11,083 - cache.redis - INFO - So'rov bajarildi: POST /api/v1/users — 2550ms
2024-05-01 06:16:33,425 - payments.gateway - INFO - So'rov bajarildi: GET /api/v1/orders — 1693ms
2024-05-01 06:16:38,852 - api.orders - INFO - Buyurtma yaratildi id=61328 summa=1621053.61
2024-05-01 06:16:49,381 - payments.gateway - INFO - So'rov bajarildi: POST /login — 1640ms
2024-05-01 06:16:55,258 - scheduler - INFO - Buyurtma yaratildi id=38003 summa=422807.83
2024-05-01 06:17:08,906 - payments.gateway - ERROR - To'lov rad etildi order=98993 kod=INSUFFICIENT_FUNDS
2024-05-01 06:17:27,646 - api.orders - INFO - Foydalanuvchi 474 tizimga kirdi, sessiya c5ed63711e31
2024-05-01 06:17:41,004 - cache.redis - INFO - Foydalanuvchi 876 tizimga kirdi, sessiya bdb5f5dc2a04
2024-05-01 06:17:48,928 - api.orders - INFO - So'rov bajarildi: GET /api/v1/users — 577ms
2024-05-01 06:18:02,796 - worker.email - DEBUG - Cache hit key=user:659 ttl=3526s
2024-05-01 06:18:03,049 - cache.redis - WARN - Ulanishlar hovuzi 1619% to'lgan
2024-05-01 06:18:15,613 - worker.email - ERROR - To'lov rad etildi order=25094 kod=INSUFFICIENT_FUNDS
2024-05-01 06:18:21,786 - cache.redis - INFO - So'rov bajarildi: GET /api/v1/users — 3705ms
2024-05-01 06:18:21,929 - cache.redis - INFO - Buyurtma yaratildi id=26574 summa=2520534.05
2024-05-01 06:18:47,205 - payments.gateway - DEBUG - Cache hit key=user:452 ttl=598s
2024-05-01 06:18:54,966 - worker.email - ERROR - DB ulanishi uzildi: timeout after 3522ms host=db-729
2024-05-01 06:18:56,845 - api.auth - DEBUG - Cache hit key=user:563 ttl=1095s
2024-05-01 06:18:58,020 - worker.email - CRITICAL - Xizmat javob bermayapti: worker-159 qayta ishga tushirilmoqda
2024-05-01 06:19:07,654 - payments.gateway - INFO - Foydalanuvchi 111 tizimga kirdi, sessiya bf7c8ed818c2
2024-05-01 06:19:12,615 - payments.gateway - WARN - Ulanishlar hovuzi 2298% to'lgan
2024-05-01 06:19:32,483 - worker.email - DEBUG - Cache hit key=user:526 ttl=3773s
2024-05-01 06:20:07,016 - scheduler - INFO - Buyurtma yaratildi id=92341 summa=3983391.83
2024-05-01 06:20:07,664 - payments.gateway - WARN - Ulanishlar hovuzi 2538% to'lgan
2024-05-01 06:20:08,675 - scheduler - INFO - Buyurtma yaratildi id=89165 summa=2259357.46
2024-05-01 06:20:12,108 - api.orders - INFO - Foydalanuvchi 591 tizimga kirdi, sessiya ca9099645994
2024-05-01 06:20:25,146 - scheduler - INFO - So'rov bajarildi: GET /login — 1627ms
2024-05-01 06:20:34,981 - scheduler - WARN - Ulanishlar hovuzi 625% to'lgan
2024-05-01 06:20:39,322 - cache.redis - INFO - So'rov bajarildi: GET /api/v1/orders — 751ms
2024-05-01 06:20:41,262 - worker.email - ERROR - To'lov rad etildi order=92971 kod=INSUFFICIENT_FUNDS
2024-05-01 06:20:48,167 - scheduler - INFO - Foydalanuvchi 27 tizimga kirdi, sessiya b327b78ee131
2024-05-01 06:20:58,443 - api.orders - WARN - Ulanishlar hovuzi 659% to'lgan
2024-05-01 06:21:09,334 - db.pool - INFO - Buyurtma yaratildi id=58259 summa=805729.62
2024-05-01 06:21:11,465 - scheduler - INFO - So'rov bajarildi: GET /api/v1/orders — 4061ms
2024-05-01 06:21:35,240 - db.pool - INFO - So'rov bajarildi: POST /api/v1/orders — 3519ms
2024-05-01 06:21:42,978 - worker.email - INFO - Buyurtma yaratildi id=73647 summa=3374669.06
2024-05-01 06:22:05,462 - worker.email - ERROR - DB ulanishi uzildi: timeout after 3225ms host=db-372
2024-05-01 06:22:07,601 - api.auth - ERROR - DB ulanishi uzildi: timeout after 1275ms host=db-797
2024-05-01 06:22:07,839 - worker.email - INFO - So'rov bajarildi: GET /api/v1/users — 1289ms
2024-05-01 06:22:40,511 - worker.email - INFO - So'rov bajarildi: POST /api/v1/users — 1194ms
2024-05-01 06:23:08,413 - worker.email - INFO - So'rov bajarildi: POST /api/v1/orders — 2149ms
2024-05-01 06:23:09,062 - payments.gateway - INFO - So'rov bajarildi: GET /login — 352ms
2024-05-01 06:23:13,467 - worker.email - INFO - So'rov bajarildi: GET /api/v1/orders — 3871ms
2024-05-01 06:23:23,227 - api.auth - INFO - So'rov bajarildi: POST /api/v1/orders — 1517ms
2024-05-01 06:23:23,459 - api.orders - INFO - So'rov bajarildi: POST /api/v1/users — 1285ms
2024-05-01 06:23:23,996 - api.orders - INFO - So'rov bajarildi: POST /api/v1/users — 1843ms
2024-05-01 06:23:39,001 - scheduler - INFO - Foydalanuvchi 398 tizimga kirdi, sessiya 6f01150b4d36
2024-05-01 06:23:44,427 - scheduler - INFO - So'rov bajarildi: POST /login — 2038ms
2024-05-01 06:23:55,399 - db.pool - INFO - So'rov bajarildi: GET /api/v1/orders — 812ms
2024-05-01 06:24:04,435 - worker.email - INFO - Foydalanuvchi 361 tizimga kirdi, sessiya aea29f597c40
2024-05-01 06:24:10,198 - worker.email - INFO - Foydalanuvchi 70 tizimga kirdi, sessiya fc7061bae53b
2024-05-01 06:24:15,463 - cache.redis - ERROR - DB ulanishi uzildi: timeout after 943ms host=db-93
2024-05-01 06:24:30,069 - worker.email - INFO - Foydalanuvchi 111 tizimga kirdi, sessiya c0c8c339d3c7
2024-05-01 06:24:30,598 - scheduler - INFO - Buyurtma yaratildi id=66723 summa=543571.18
2024-05-01 06:25:06,689 - scheduler - ERROR - DB ulanishi uzildi: timeout after 1407ms host=db-479
2024-05-01 06:25:10,964 - scheduler - INFO - Buyurtma yaratildi id=36213 summa=1656057.11
2024-05-01 06:25:12,015 - db.pool - DEBUG - Cache hit key=user:265 ttl=1068s
2024-05-01 06:25:29,006 - api.auth - INFO - Foydalanuvchi 600 tizimga kirdi, sessiya 044e1a672634
2024-05-01 06:25:29,380 - db.pool - INFO - Foydalanuvchi 880 tizimga kirdi, sessiya c50b94bd9d17
2024-05-01 06:25:29,877 - api.auth - INFO - So'rov bajarildi: POST /api/v1/orders — 3147ms
2024-05-01 06:25:42,262 - worker.email - WARN - Sekin so'rov: /api/v1/orders 3502ms chegaradan oshdi
2024-05-01 06:25:53,555 - scheduler - ERROR - To'lov rad etildi order=13274 kod=INSUFFICIENT_FUNDS
2024-05-01 06:26:01,622 - api.auth - INFO - So'rov bajarildi: POST /api/v1/users — 4146ms
2024-05-01 06:26:17,587 - api.auth - INFO - Buyurtma yaratildi id=54898 summa=2458293.83
2024-05-01 06:26:38,232 - worker.email - DEBUG - Cache hit key=user:362 ttl=367s
2024-05-01 06:26:39,922 - worker.email - DEBUG - Cache hit key=user:222 ttl=798s
2024-05-01 06:26:47,347 - scheduler - INFO - Buyurtma yaratildi id=28206 summa=1630074.16
2024-05-01 06:26:50,963 - worker.email - INFO - Foydalanuvchi 736 tizimga kirdi, sessiya 2dd661ee8e81
2024-05-01 06:27:01,366 - payments.gateway - DEBUG - Cache hit key=user:801 ttl=3352s
2024-05-01 06:27:13,316 - api.orders - ERROR - DB ulanishi uzildi: timeout after 2166ms host=db-20
2024-05-01 06:27:14,733 - scheduler - DEBUG - Cache hit key=user:366 ttl=299s
2024-05-01 06:27:16,698 - scheduler - INFO - So'rov bajarildi: GET /login — 1322ms
2024-05-01 06:27:48,505 - payments.gateway - WARN - Ulanishlar hovuzi 2966% to'lgan
2024-05-01 06:27:50,946 - api.orders - DEBUG - Cache hit key=user:286 ttl=27s
2024-05-01 06:27:51,157 - scheduler - WARN - Ulanishlar hovuzi 221% to'lgan
2024-05-01 06:27:57,754 - api.orders - WARN - Ulanishlar hovuzi 2368% to'lgan
2024-05-01 06:28:01,652 - api.auth - INFO - Foydalanuvchi 740 tizimga kirdi, sessiya f714c795dcfc
2024-05-01 06:28:04,417 - cache.redis - INFO - Foydalanuvchi 23 tizimga kirdi, sessiya 0318424998e8
2024-05-01 06:28:07,627 - worker.email - INFO - Buyurtma yaratildi id=59598 summa=670526.16
2024-05-01 06:28:15,087 - worker.email - INFO - Foydalanuvchi 641 tizimga kirdi, sessiya 225125c609e9
2024-05-01 06:28:16,484 - scheduler - INFO - Foydalanuvchi 481 tizimga kirdi, sessiya 90e8e39af3ac
2024-05-01 06:28:26,274 - scheduler - WARN - Ulanishlar hovuzi 3849% to'lgan
2024-05-01 06:28:27,881 - api.auth - INFO - So'rov bajarildi: GET /login — 3578ms
2024-05-01 06:28:32,737 - api.orders - INFO - So'rov bajarildi: GET /api/v1/users — 2838ms
2024-05-01 06:28:46,014 - db.pool - INFO - Foydalanuvchi 711 tizimga kirdi, sessiya ae534807420f
2024-05-01 06:28:47,491 - db.pool - INFO - Foydalanuvchi 11 tizimga kirdi, sessiya c688f4bae9b3
2024-05-01 06:29:22,323 - scheduler - INFO - Foydalanuvchi 500 tizimga kirdi, sessiya 5bfb541e0b4a
2024-05-01 06:29:28,723 - scheduler - INFO - Foydalanuvchi 884 tizimga kirdi, sessiya 1c9109164f97
2024-05-01 06:29:39,610 - payments.gateway - INFO - Buyurtma yaratildi id=87508 summa=1665850.18
2024-05-01 06:30:00,520 - cache.redis - INFO - So'rov bajarildi: GET /api/v1/users — 1218ms
2024-05-01 06:30:04,245 - scheduler - INFO - Foydalanuvchi 729 tizimga kirdi, sessiya 37b655eb7a53
2024-05-01 06:30:04,874 - cache.redis - INFO - So'rov bajarildi: POST /api/v1/orders — 2578ms
2024-05-01 06:30:06,608 - worker.email - INFO - So'rov bajarildi: POST /api/v1/users — 4184ms
2024-05-01 06:30:09,337 - scheduler - INFO - Foydalanuvchi 274 tizimga kirdi, sessiya 15f20b1d76e5
2024-05-01 06:30:10,732 - cache.redis - INFO - So'rov bajarildi: POST /login — 2393ms
2024-05-01 06:30:20,049 - payments.gateway - ERROR - DB ulanishi uzildi: timeout after 3128ms host=db-798
2024-05-01 06:30:20,723 - api.auth - INFO - So'rov bajarildi: POST /api/v1/users — 812ms
2024-05-01 06:30:23,546 - db.pool - DEBUG - Cache hit key=user:814 ttl=3363s
2024-05-01 06:31:00,247 - cache.redis - INFO - So'rov bajarildi: GET /api/v1/users — 3421ms
2024-05-01 06:31:12,286 - api.auth - INFO - So'rov bajarildi: POST /login — 3464ms
2024-05-01 06:31:15,207 - api.auth - WARN - Sekin so'rov: /api/v1/orders 3318ms chegaradan oshdi
2024-05-01 06:31:19,752 - payments.gateway - INFO - Foydalanuvchi 382 tizimga kirdi, sessiya 07eee21636a9
2024-05-01 06:31:20,509 - db.pool - ERROR - To'lov rad etildi order=38870 kod=INSUFFICIENT_FUNDS
2024-05-01 06:31:22,532 - db.pool - DEBUG - Cache hit key=user:345 ttl=4112s
2024-05-01 06:31:24,384 - worker.email - INFO - So'rov bajarildi: POST /api/v1/users — 2704ms
2024-05-01 06:31:41,975 - api.auth - INFO - Foydalanuvchi 167 tizimga kirdi, sessiya baf02f8bf4ba
2024-05-01 06:31:45,875 - cache.redis - ERROR - DB ulanishi uzildi: timeout after 1998ms host=db-238
2024-05-01 06:31:52,984 - cache.redis - INFO - Foydalanuvchi 640 tizimga kirdi, sessiya 3ed907fa426b
2024-05-01 06:32:15,741 - worker.email - INFO - Foydalanuvchi 23 tizimga kirdi, sessiya 99209c64c893
2024-05-01 06:32:28,091 - db.pool - CRITICAL - Xizmat javob bermayapti: worker-19 qayta ishga tushirilmoqda
2024-05-01 06:32:36,149 - api.orders - INFO - So'rov bajarildi: POST /api/v1/orders — 3995ms
2024-05-01 06:32:38,541 - worker.email - WARN - Ulanishlar hovuzi 2196% to'lgan
2024-05-01 06:32:38,876 - api.orders - DEBUG - Cache hit key=user:381 ttl=162s
2024-05-01 06:32:40,204 - db.pool - DEBUG - Cache hit key=user:484 ttl=942s
2024-05-01 06:33:00,464 - payments.gateway - INFO - Foydalanuvchi 661 tizimga kirdi, sessiya 9a5904e1532f
2024-05-01 06:33:01,090 - cache.redis - DEBUG - Cache hit key=user:227 ttl=3242s
2024-05-01 06:33:01,208 - db.pool - INFO - So'rov bajarildi: POST /api/v1/users — 1947ms
2024-05-01 06:33:03,373 - payments.gateway - INFO - Foydalanuvchi 280 tizimga kirdi, sessiya e01993c5f726
2024-05-01 06:33:17,100 - payments.gateway - INFO - So'rov bajarildi: POST /login — 1772ms
2024-05-01 06:33:22,938 - payments.gateway - INFO - So'rov bajarildi: GET /api/v1/orders — 1458ms
2024-05-01 06:33:26,836 - api.auth - INFO - So'rov bajarildi: GET /api/v1/orders — 394ms
2024-05-01 06:33:26,935 - payments.gateway - INFO - So'rov bajarildi: GET /login — 2871ms
2024-05-01 06:33:27,774 - worker.email - INFO - So'rov bajarildi: GET /api/v1/users — 2285ms
2024-05-01 06:33:33,682 - api.orders - DEBUG - Cache hit key=user:682 ttl=330s
2024-05-01 06:33:37,625 - worker.email - INFO - Buyurtma yaratildi id=65228 summa=3418865.07
2024-05-01 06:33:50,074 - worker.email - INFO - Foydalanuvchi 630 tizimga kirdi, sessiya 84158374705f
2024-05-01 06:34:00,202 - api.auth - INFO - Foydalanuvchi 846 tizimga kirdi, sessiya 953b27e465f7
2024-05-01 06:34:07,913 - api.auth - INFO - So'rov bajarildi: GET /api/v1/users — 2079ms
2024-05-01 06:34:12,451 - worker.email - INFO - So'rov bajarildi: GET /login — 1682ms
2024-05-01 06:34:22,135 - api.auth - INFO - Foydalanuvchi 826 tizimga kirdi, sessiya 54430be752cf
2024-05-01 06:34:24,219 - api.orders - INFO - So'rov bajarildi: POST /login — 938ms
2024-05-01 06:34:27,418 - api.orders - WARN - Sekin so'rov: /api/v1/orders 498ms chegaradan oshdi
2024-05-01 06:34:29,026 - api.auth - WARN - Sekin so'rov: /api/v1/orders 3103ms chegaradan oshdi
2024-05-01 06:34:45,058 - api.orders - INFO - So'rov bajarildi: GET /login — 91ms
2024-05-01 06:34:46,324 - cache.redis - INFO - So'rov bajarildi: POST /api/v1/orders — 542ms
2024-05-01 06:34:49,341 - worker.email - DEBUG - Cache hit key=user:771 ttl=2029s
2024-05-01 06:34:59,698 - worker.email - INFO - Foydalanuvchi 641 tizimga kirdi, sessiya 8071d4c850a9
2024-05-01 06:35:06,228 - db.pool - DEBUG - Cache hit key=user:100 ttl=595s
2024-05-01 06:35:07,698 - worker.email - INFO - So'rov bajarildi: POST /api/v1/orders — 788ms
2024-05-01 06:35:13,785 - payments.gateway - INFO - Foydalanuvchi 762 tizimga kirdi, sessiya a8b71a5bbe98
2024-05-01 06:35:16,892 - api.auth - INFO - So'rov bajarildi: POST /login — 2487ms
2024-05-01 06:35:19,206 - worker.email - DEBUG - Cache hit key=user:699 ttl=1973s
2024-05-01 06:35:30,396 - api.auth - DEBUG - Cache hit key=user:636 ttl=4096s
2024-05-01 06:35:34,291 - scheduler - DEBUG - Cache hit key=user:847 ttl=97s
2024-05-01 06:35:44,059 - payments.gateway - DEBUG - Cache hit key=user:768 ttl=2566s
2024-05-01 06:35:50,437 - cache.redis - INFO - So'rov bajarildi: GET /login — 3198ms
2024-05-01 06:35:50,475 - scheduler - INFO - So'rov bajarildi: GET /api/v1/users — 3027ms
2024-05-01 06:35:55,562 - db.pool - INFO - So'rov bajarildi: POST /login — 3566ms
2024-05-01 06:36:05,447 - payments.gateway - INFO - Buyurtma yaratildi id=43547 summa=407495.47
2024-05-01 06:36:19,457 - scheduler - ERROR - To'lov rad etildi order=53666 kod=INSUFFICIENT_FUNDS
2024-05-01 06:36:26,403 - cache.redis - INFO - So'rov bajarildi: GET /api/v1/users — 3535ms
2024-05-01 06:36:33,274 - worker.email - INFO - So'rov bajarildi: GET /login — 583ms
2024-05-01 06:36:55,101 - api.orders - WARN - Sekin so'rov: /login 3415ms chegaradan oshdi
2024-05-01 06:37:03,183 - api.orders - INFO - So'rov bajarildi: GET /api/v1/orders — 3839ms
2024-05-01 06:37:03,758 - scheduler - INFO - Buyurtma yaratildi id=22158 summa=828414.88
2024-05-01 06:37:34,503 - scheduler - INFO - Buyurtma yaratildi id=79632 summa=277706.33
2024-05-01 06:37:38,805 - payments.gateway - ERROR - DB ulanishi uzildi: timeout after 4059ms host=db-257
2024-05-01 06:37:42,932 - worker.email - CRITICAL - Xizmat javob bermayapti: worker-546 qayta ishga tushirilmoqda
2024-05-01 06:37:43,469 - cache.redis - WARN - Sekin so'rov: /api/v1/users 1032ms chegaradan oshdi
2024-05-01 06:37:44,844 - db.pool - WARN - Sekin so'rov: /login 3164ms chegaradan oshdi
2024-05-01 06:37:46,131 - worker.email - INFO - Foydalanuvchi 41 tizimga kirdi, sessiya 26481b330bec
2024-05-01 06:37:49,104 - scheduler - INFO - So'rov bajarildi: POST /login — 3037ms
2024-05-01 06:37:57,818 - db.pool - WARN - Sekin so'rov: /api/v1/users 2773ms chegaradan oshdi
2024-05-01 06:38:03,771 - api.orders - INFO - Foydalanuvchi 599 tizimga kirdi, sessiya b1394d74501f
2024-05-01 06:38:04,198 - scheduler - INFO - Buyurtma yaratildi id=34839 summa=2054703.32
2024-05-01 06:38:11,926 - api.auth - WARN - Sekin so'rov: /api/v1/orders 3293ms chegaradan oshdi
2024-05-01 06:38:13,953 - payments.gateway - WARN - Ulanishlar hovuzi 1936% to'lgan
2024-05-01 06:38:21,064 - scheduler - WARN - Sekin so'rov: /api/v1/orders 106ms chegaradan oshdi
2024-05-01 06:38:29,678 - db.pool - INFO - So'rov bajarildi: GET /api/v1/users — 351ms
2024-05-01 06:38:31,277 - cache.redis - INFO - Foydalanuvchi 447 tizimga kirdi, sessiya a67d7229dda4
2024-05-01 06:38:31,902 - api.orders - DEBUG - Cache hit key=user:278 ttl=3247s
2024-05-01 06:38:45,290 - payments.gateway - ERROR - DB ulanishi uzildi: timeout after 802ms host=db-27
2024-05-01 06:39:03,004 - cache.redis - INFO - So'rov bajarildi: GET /login — 2373ms
2024-05-01 06:39:04,990 - api.auth - WARN - Ulanishlar hovuzi 2501% to'lgan
2024-05-01 06:39:07,123 - api.auth - WARN - Ulanishlar hovuzi 1326% to'lgan
2024-05-01 06:39:10,048 - api.auth - INFO - Foydalanuvchi 550 tizimga kirdi, sessiya d933aae6832d
2024-05-01 06:39:14,467 - api.auth - INFO - Buyurtma yaratildi id=36318 summa=2975280.36
2024-05-01 06:39:19,691 - worker.email - INFO - So'rov bajarildi: POST /login — 3441ms
2024-05-01 06:39:20,763 - api.auth - INFO - Foydalanuvchi 498 tizimga kirdi, sessiya fc2658d348ee
2024-05-01 06:39:20,971 - worker.email - INFO - So'rov bajarildi: POST /api/v1/orders — 2999ms
2024-05-01 06:39:21,594 - db.pool - INFO - So'rov bajarildi: POST /login — 208ms
2024-05-01 06:39:23,926 - db.pool - DEBUG - Cache hit key=user:358 ttl=3486s
2024-05-01 06:39:31,922 - api.auth - INFO - Foydalanuvchi 805 tizimga kirdi, sessiya 295274924c05
2024-05-01 06:39:40,581 - api.auth - WARN - Ulanishlar hovuzi 1986% to'lgan
2024-05-01 06:40:15,891 - cache.redis - INFO - Buyurtma yaratildi id=62944 summa=303140.19
2024-05-01 06:40:24,081 - api.auth - INFO - Foydalanuvchi 286 tizimga kirdi, sessiya 7898c7279747
2024-05-01 06:40:24,281 - worker.email - DEBUG - Cache hit key=user:65 ttl=1444s
2024-05-01 06:40:29,407 - payments.gateway - WARN - Ulanishlar hovuzi 2919% to'lgan
2024-05-01 06:40:32,791 - api.orders - INFO - Buyurtma yaratildi id=29035 summa=1554500.11
2024-05-01 06:40:36,102 - api.auth - INFO - Foydalanuvchi 616 tizimga kirdi, sessiya a0c9884d8fdb
2024-05-01 06:40:49,843 - api.auth - INFO - So'rov bajarildi: POST /api/v1/users — 180ms
2024-05-01 06:41:04,219 - api.orders - DEBUG - Cache hit key=user:113 ttl=1317s
2024-05-01 06:41:15,800 - api.orders - WARN - Sekin so'rov: /api/v1/users 663ms chegaradan oshdi
2024-05-01 06:41:31,693 - scheduler - INFO - Foydalanuvchi 487 tizimga kirdi, sessiya b07a37ac1dc5
2024-05-01 06:41:40,258 - worker.email - INFO - So'rov bajarildi: POST /api/v1/orders — 88ms
2024-05-01 06:42:13,574 - api.orders - INFO - Foydalanuvchi 891 tizimga kirdi, sessiya 0da2ab4e361a
2024-05-01 06:42:22,739 - cache.redis - INFO - Foydalanuvchi 467 tizimga kirdi, sessiya c644268af4bc
2024-05-01 06:42:33,093 - api.orders - INFO - So'rov bajarildi: GET /login — 2140ms
2024-05-01 06:42:38,111 - db.pool - DEBUG - Cache hit key=user:706 ttl=190s
2024-05-01 06:42:38,770 - api.auth - INFO - Buyurtma yaratildi id=63356 summa=3774774.65
2024-05-01 06:43:04,707 - cache.redis - INFO - Buyurtma yaratildi id=79826 summa=2590945.24
2024-05-01 06:43:06,528 - api.orders - INFO - Foydalanuvchi 447 tizimga kirdi, sessiya 4673e3bdfc93
2024-05-01 06:43:12,982 - api.auth - WARN - Sekin so'rov: /api/v1/users 2146ms chegaradan oshdi
2024-05-01 06:43:14,198 - scheduler - CRITICAL - Xizmat javob bermayapti: worker-2 qayta ishga tushirilmoqda
2024-05-01 06:43:14,750 - api.auth - INFO - So'rov bajarildi: POST /api/v1/users — 883ms
2024-05-01 06:43:16,771 - cache.redis - INFO - So'rov bajarildi: POST /api/v1/users — 1206ms
2024-05-01 06:43:30,549 - worker.email - INFO - So'rov bajarildi: POST /api/v1/orders — 3596ms
2024-05-01 06:43:41,384 - db.pool - DEBUG - Cache hit key=user:666 ttl=3477s
2024-05-01 06:43:42,836 - cache.redis - INFO - Foydalanuvchi 582 tizimga kirdi, sessiya a51c68ebb7fd
2024-05-01 06:43:44,550 - cache.redis - INFO - Foydalanuvchi 685 tizimga kirdi, sessiya 2f3da1925184
2024-05-01 06:43:53,885 - payments.gateway - INFO - Foydalanuvchi 531 tizimga kirdi, sessiya 8accccad2e6b
2024-05-01 06:43:57,490 - scheduler - INFO - So'rov bajarildi: POST /login — 1198ms
2024-05-01 06:44:07,622 - db.pool - INFO - Foydalanuvchi 637 tizimga kirdi, sessiya cf455abb12ea
2024-05-01 06:44:09,299 - payments.gateway - INFO - Buyurtma yaratildi id=61275 summa=182841.95
2024-05-01 06:44:18,608 - api.orders - INFO - So'rov bajarildi: POST /login — 580ms
2024-05-01 06:44:20,366 - api.orders - WARN - Ulanishlar hovuzi 1354% to'lgan
2024-05-01 06:44:27,784 - db.pool - INFO - So'rov bajarildi: POST /api/v1/users — 54ms
2024-05-01 06:44:28,509 - api.orders - DEBUG - Cache hit key=user:269 ttl=1544s
2024-05-01 06:44:29,846 - worker.email - INFO - So'rov bajarildi: POST /api/v1/users — 2997ms
2024-05-01 06:44:40,050 - payments.gateway - CRITICAL - Xizmat javob bermayapti: worker-25 qayta ishga tushirilmoqda
2024-05-01 06:44:45,040 - api.orders - WARN - Ulanishlar hovuzi 3111% to'lgan
2024-05-01 06:44:49,920 - scheduler - INFO - Foydalanuvchi 384 tizimga kirdi, sessiya 4f612ce5ff2b
2024-05-01 06:44:52,076 - api.auth - DEBUG - Cache hit key=user:172 ttl=2812s
2024-05-01 06:45:00,605 - api.orders - INFO - Foydalanuvchi 776 tizimga kirdi, sessiya 866098f52531
2024-05-01 06:45:45,496 - worker.email - INFO - Buyurtma yaratildi id=55342 summa=845114.59
2024-05-01 06:45:49,673 - worker.email - INFO - Foydalanuvchi 58 tizimga kirdi, sessiya 3af5faf07b68
2024-05-01 06:45:51,855 - db.pool - INFO - Foydalanuvchi 96 tizimga kirdi, sessiya b1184c99aa4d
2024-05-01 06:45:54,196 - payments.gateway - INFO - So'rov bajarildi: GET /login — 3666ms
2024-05-01 06:46:44,256 - worker.email - DEBUG - Cache hit key=user:422 ttl=1816s
2024-05-01 06:46:53,114 - worker.email - CRITICAL - Xizmat javob bermayapti: worker-412 qayta ishga tushirilmoqda
2024-05-01 06:47:30,202 - worker.email - DEBUG - Cache hit key=user:826 ttl=1108s
2024-05-01 06:47:40,095 - api.orders - DEBUG - Cache hit key=user:267 ttl=3390s
2024-05-01 06:47:57,874 - scheduler - WARN - Sekin so'rov: /api/v1/users 124ms chegaradan oshdi
2024-05-01 06:47:59,375 - scheduler - DEBUG - Cache hit key=user:740 ttl=488s
2024-05-01 06:48:15,425 - api.orders - WARN - Ulanishlar hovuzi 2252% to'lgan
2024-05-01 06:48:32,317 - worker.email - DEBUG - Cache hit key=user:222 ttl=363s
2024-05-01 06:48:38,080 - payments.gateway - INFO - So'rov bajarildi: GET /api/v1/users — 2775ms
2024-05-01 06:48:43,360 - api.auth - WARN - Sekin so'rov: /login 2077ms chegaradan oshdi
2024-05-01 06:49:03,337 - scheduler - INFO - Buyurtma yaratildi id=67061 summa=1484727.87
2024-05-01 06:49:26,479 - payments.gateway - ERROR - DB ulanishi uzildi: timeout after 3352ms host=db-28
2024-05-01 06:49:31,822 - cache.redis - ERROR - DB ulanishi uzildi: timeout after 1536ms host=db-743
2024-05-01 06:49:33,829 - worker.email - INFO - So'rov bajarildi: GET /api/v1/users — 1109ms
2024-05-01 06:49:37,323 - scheduler - INFO - Buyurtma yaratildi id=53554 summa=1652670.68
2024-05-01 06:49:38,191 - payments.gateway - INFO - Foydalanuvchi 220 tizimga kirdi, sessiya 99a64ffb711b
2024-05-01 06:49:51,832 - api.auth - WARN - Ulanishlar hovuzi 3489% to'lgan
2024-05-01 06:50:12,357 - payments.gateway - DEBUG - Cache hit key=user:496 ttl=1093s
2024-05-01 06:50:35,682 - scheduler - WARN - Sekin so'rov: /login 3071ms chegaradan oshdi
2024-05-01 06:51:27,139 - api.auth - INFO - Buyurtma yaratildi id=71025 summa=32037.67
2024-05-01 06:51:34,529 - api.auth - ERROR - DB ulanishi uzildi: timeout after 865ms host=db-488
2024-05-01 06:51:36,170 - scheduler - INFO - So'rov bajarildi: GET /api/v1/users — 1594ms
2024-05-01 06:51:39,906 - api.auth - CRITICAL - Xizmat javob bermayapti: worker-73 qayta ishga tushirilmoqda
2024-05-01 06:51:43,518 - scheduler - INFO - Foydalanuvchi 558 tizimga kirdi, sessiya eb5b48a6b8fe
2024-05-01 06:51:46,529 - scheduler - ERROR - To'lov rad etildi order=38622 kod=INSUFFICIENT_FUNDS
2024-05-01 06:51:49,592 - db.pool - INFO - So'rov bajarildi: POST /api/v1/orders — 1461ms
2024-05-01 06:52:01,583 - cache.redis - INFO - Foydalanuvchi 748 tizimga kirdi, sessiya 673de88be89d
2024-05-01 06:52:06,255 - db.pool - DEBUG - Cache hit key=user:854 ttl=2687s
2024-05-01 06:52:12,501 - api.auth - WARN - Sekin so'rov: /api/v1/orders 2674ms chegaradan oshdi
2024-05-01 06:52:16,259 - cache.redis - INFO - So'rov bajarildi: GET /login — 1343ms
2024-05-01 06:52:20,468 - api.auth - DEBUG - Cache hit key=user:30 ttl=563s
2024-05-01 06:52:35,620 - payments.gateway - INFO - Foydalanuvchi 213 tizimga kirdi, sessiya 988700bdbf69
2024-05-01 06:52:50,615 - db.pool - DEBUG - Cache hit key=user:781 ttl=3489s
2024-05-01 06:52:54,355 - cache.redis - WARN - Sekin so'rov: /api/v1/users 2200ms chegaradan oshdi
2024-05-01 06:52:59,448 - api.orders - INFO - So'rov bajarildi: POST /api/v1/orders — 2673ms
2024-05-01 06:53:02,742 - api.orders - INFO - So'rov bajarildi: GET /login — 2799ms
2024-05-01 06:53:20,053 - scheduler - INFO - Buyurtma yaratildi id=28377 summa=2542476.4
2024-05-01 06:53:26,306 - worker.email - INFO - So'rov bajarildi: POST /api/v1/users — 2892ms
2024-05-01 06:53:31,484 - payments.gateway - INFO - So'rov bajarildi: GET /api/v1/users — 2936ms
2024-05-01 06:53:38,026 - scheduler - DEBUG - Cache hit key=user:389 ttl=3380s
2024-05-01 06:53:38,435 - payments.gateway - INFO - So'rov bajarildi: GET /api/v1/users — 4197ms
2024-05-01 06:53:55,160 - worker.email - WARN - Ulanishlar hovuzi 1377% to'lgan
2024-05-01 06:53:58,983 - db.pool - DEBUG - Cache hit key=user:244 ttl=3992s
2024-05-01 06:54:13,893 - cache.redis - INFO - Foydalanuvchi 822 tizimga kirdi, sessiya 82291976d40c
2024-05-01 06:54:35,333 - payments.gateway - INFO - Buyurtma yaratildi id=74780 summa=2838128.84
2024-05-01 06:54:35,712 - api.auth - DEBUG - Cache hit key=user:375 ttl=1922s
2024-05-01 06:54:36,020 - scheduler - CRITICAL - Xizmat javob bermayapti: worker-301 qayta ishga tushirilmoqda
2024-05-01 06:54:49,196 - api.auth - INFO - So'rov bajarildi: GET /api/v1/users — 3361ms
2024-05-01 06:54:50,043 - db.pool - DEBUG - Cache hit key=user:831 ttl=424s
2024-05-01 06:54:54,391 - api.orders - DEBUG - Cache hit key=user:632 ttl=3992s
2024-05-01 06:54:55,760 - scheduler - DEBUG - Cache hit key=user:371 ttl=3127s
2024-05-01 06:55:10,498 - api.orders - INFO - So'rov bajarildi: GET /api/v1/orders — 2206ms
2024-05-01 06:55:16,475 - payments.gateway - INFO - Buyurtma yaratildi id=61020 summa=192749.59
2024-05-01 06:55:18,900 - worker.email - INFO - So'rov bajarildi: POST /login — 3002ms
2024-05-01 06:55:52,838 - db.pool - INFO - Buyurtma yaratildi id=13425 summa=2856504.51
2024-05-01 06:56:10,883 - payments.gateway - INFO - Foydalanuvchi 96 tizimga kirdi, sessiya fdfca8281473
2024-05-01 06:56:14,267 - scheduler - INFO - So'rov bajarildi: POST /api/v1/users — 1006ms
2024-05-01 06:56:18,941 - api.orders - INFO - Foydalanuvchi 193 tizimga kirdi, sessiya 612c29e440e5
2024-05-01 06:56:19,591 - worker.email - DEBUG - Cache hit key=user:215 ttl=421s
2024-05-01 06:56:20,481 - api.auth - DEBUG - Cache hit key=user:348 ttl=936s
2024-05-01 06:56:23,099 - api.orders - INFO - So'rov bajarildi: GET /api/v1/orders — 2766ms
2024-05-01 06:56:44,866 - db.pool - ERROR - DB ulanishi uzildi: timeout after 3275ms host=db-829
2024-05-01 06:56:51,880 - scheduler - ERROR - DB ulanishi uzildi: timeout after 2873ms host=db-203
2024-05-01 06:56:52,458 - api.auth - INFO - So'rov bajarildi: GET /login — 3633ms
2024-05-01 06:56:55,041 - worker.email - WARN - Sekin so'rov: /login 3609ms chegaradan oshdi
2024-05-01 06:56:56,839 - db.pool - INFO - So'rov bajarildi: POST /api/v1/orders — 1634ms
2024-05-01 06:56:57,470 - scheduler - INFO - So'rov bajarildi: GET /api/v1/orders — 3820ms
2024-05-01 06:57:02,701 - api.orders - WARN - Ulanishlar hovuzi 2579% to'lgan
2024-05-01 06:57:08,019 - scheduler - INFO - Foydalanuvchi 397 tizimga kirdi, sessiya 22297e24b211
2024-05-01 06:57:25,637 - api.orders - WARN - Ulanishlar hovuzi 945% to'lgan
2024-05-01 06:57:27,128 - api.auth - INFO - So'rov bajarildi: POST /login — 1344ms
2024-05-01 06:57:28,134 - worker.email - DEBUG - Cache hit key=user:231 ttl=213s
2024-05-01 06:57:35,096 - api.orders - DEBUG - Cache hit key=user:437 ttl=416s
2024-05-01 06:57:37,305 - scheduler - INFO - So'rov bajarildi: GET /api/v1/orders — 1256ms
2024-05-01 06:57:44,435 - scheduler - WARN - Sekin so'rov: /login 112ms chegaradan oshdi
2024-05-01 06:57:47,193 - payments.gateway - ERROR - To'lov rad etildi order=33002 kod=INSUFFICIENT_FUNDS
2024-05-01 06:57:50,784 - api.auth - INFO - Buyurtma yaratildi id=85304 summa=3405683.95
2024-05-01 06:57:51,007 - cache.redis - INFO - Foydalanuvchi 365 tizimga kirdi, sessiya 46e7605bc332
2024-05-01 06:57:57,511 - cache.redis - WARN - Sekin so'rov: /login 577ms chegaradan oshdi
2024-05-01 06:58:07,775 - worker.email - INFO - Buyurtma yaratildi id=14340 summa=2068130.06
2024-05-01 06:58:13,126 - cache.redis - INFO - Foydalanuvchi 848 tizimga kirdi, sessiya 4f0044441389
2024-05-01 06:58:13,326 - scheduler - INFO - So'rov bajarildi: GET /login — 2116ms
2024-05-01 06:58:25,552 - worker.email - WARN - Sekin so'rov: /api/v1/orders 3179ms chegaradan oshdi
2024-05-01 06:58:33,235 - db.pool - INFO - So'rov bajarildi: GET /login — 140ms
2024-05-01 06:58:38,727 - worker.email - ERROR - DB ulanishi uzildi: timeout after 59ms host=db-651
2024-05-01 06:58:56,066 - payments.gateway - WARN - Sekin so'rov: /api/v1/orders 2052ms chegaradan oshdi
2024-05-01 06:58:56,405 - scheduler - INFO - Foydalanuvchi 588 tizimga kirdi, sessiya ca9c016be541
2024-05-01 06:59:06,223 - cache.redis - INFO - Foydalanuvchi 302 tizimga kirdi, sessiya 95908897a040
2024-05-01 06:59:21,025 - cache.redis - WARN - Sekin so'rov: /api/v1/users 3146ms chegaradan oshdi
2024-05-01 06:59:25,360 - payments.gateway - INFO - So'rov bajarildi: POST /api/v1/orders — 2036ms
2024-05-01 06:59:25,632 - cache.redis - INFO - Foydalanuvchi 271 tizimga kirdi, sessiya 125d783de438
2024-05-01 06:59:37,473 - cache.redis - INFO - So'rov bajarildi: POST /api/v1/users — 2657ms
2024-05-01 06:59:43,913 - api.orders - INFO - So'rov bajarildi: POST /api/v1/orders — 2341ms
2024-05-01 07:00:02,604 - worker.email - INFO - Foydalanuvchi 245 tizimga kirdi, sessiya 14d3b1dabb79
2024-05-01 07:00:03,428 - api.auth - INFO - Foydalanuvchi 156 tizimga kirdi, sessiya 7415c87ae570
2024-05-01 07:00:12,547 - api.auth - INFO - Foydalanuvchi 104 tizimga kirdi, sessiya de0f9c233ff2
2024-05-01 07:00:16,875 - cache.redis - INFO - So'rov bajarildi: GET /login — 65ms
2024-05-01 07:00:22,190 - db.pool - INFO - So'rov bajarildi: POST /api/v1/users — 2577ms
2024-05-01 07:00:25,713 - worker.email - INFO - So'rov bajarildi: POST /api/v1/orders — 311ms
2024-05-01 07:00:28,321 - db.pool - INFO - So'rov bajarildi: GET /api/v1/orders — 3491ms
2024-05-01 07:00:34,121 - worker.email - WARN - Sekin so'rov: /login 2628ms chegaradan oshdi
2024-05-01 07:01:22,543 - api.auth - INFO - Foydalanuvchi 449 tizimga kirdi, sessiya f5ef4477af6e
2024-05-01 07:01:43,010 - api.auth - INFO - So'rov bajarildi: POST /login — 2396ms
2024-05-01 07:01:54,870 - scheduler - INFO - Buyurtma yaratildi id=48220 summa=187742.29
2024-05-01 07:02:02,488 - db.pool - INFO - Foydalanuvchi 213 tizimga kirdi, sessiya 03810a33a2c9
2024-05-01 07:02:20,708 - cache.redis - WARN - Sekin so'rov: /api/v1/orders 2780ms chegaradan oshdi
2024-05-01 07:02:32,436 - cache.redis - INFO - So'rov bajarildi: GET /api/v1/orders — 808ms
2024-05-01 07:02:46,555 - api.orders - ERROR - To'lov rad etildi order=12534 kod=INSUFFICIENT_FUNDS
2024-05-01 07:02:58,497 - cache.redis - DEBUG - Cache hit key=user:865 ttl=136s
2024-05-01 07:03:07,728 - api.auth - INFO - So'rov bajarildi: GET /api/v1/users — 180ms
2024-05-01 07:03:13,775 - api.orders - WARN - Sekin so'rov: /login 1418ms chegaradan oshdi
2024-05-01 07:03:20,992 - cache.redis - INFO - So'rov bajarildi: POST /api/v1/orders — 573ms
2024-05-01 07:03:22,774 - worker.email - INFO - So'rov bajarildi: POST /api/v1/users — 3691ms
2024-05-01 07:03:24,207 - scheduler - INFO - Foydalanuvchi 890 tizimga kirdi, sessiya 496c1f0193d2
2024-05-01 07:03:27,187 - api.auth - INFO - So'rov bajarildi: POST /login — 2544ms
2024-05-01 07:03:37,921 - api.auth - ERROR - To'lov rad etildi order=89566 kod=INSUFFICIENT_FUNDS
2024-05-01 07:03:39,722 - db.pool - ERROR - To'lov rad etildi order=23891 kod=INSUFFICIENT_FUNDS
2024-05-01 07:03:41,085 - api.orders - INFO - Foydalanuvchi 710 tizimga kirdi, sessiya 9f38f224c466
2024-05-01 07:03:45,509 - cache.redis - DEBUG - Cache hit key=user:854 ttl=1145s
2024-05-01 07:03:51,986 - cache.redis - DEBUG - Cache hit key=user:70 ttl=3125s
2024-05-01 07:04:00,094 - worker.email - WARN - Ulanishlar hovuzi 1345% to'lgan
2024-05-01 07:04:01,641 - worker.email - ERROR - DB ulanishi uzildi: timeout after 337ms host=db-583
2024-05-01 07:04:05,401 - api.auth - INFO - So'rov bajarildi: POST /login — 1333ms
2024-05-01 07:04:07,842 - payments.gateway - INFO - Buyurtma yaratildi id=85351 summa=2945935.37
2024-05-01 07:04:42,376 - cache.redis - DEBUG - Cache hit key=user:563 ttl=2250s
2024-05-01 07:04:48,551 - api.orders - INFO - Foydalanuvchi 232 tizimga kirdi, sessiya 73bf24aef742
2024-05-01 07:04:59,877 - cache.redis - DEBUG - Cache hit key=user:767 ttl=2779s
2024-05-01 07:05:02,809 - payments.gateway - DEBUG - Cache hit key=user:633 ttl=323s
2024-05-01 07:05:02,868 - api.orders - INFO - Foydalanuvchi 267 tizimga kirdi, sessiya 9938e86e9db4
2024-05-01 07:05:14,440 - db.pool - INFO - So'rov bajarildi: POST /api/v1/users — 1038ms
2024-05-01 07:05:21,147 - api.auth - CRITICAL - Xizmat javob bermayapti: worker-410 qayta ishga tushirilmoqda
2024-05-01 07:05:22,540 - payments.gateway - INFO - Foydalanuvchi 439 tizimga kirdi, sessiya 7b9e6a543a22
2024-05-01 07:05:22,749 - cache.redis - INFO - Buyurtma yaratildi id=20991 summa=2485638.26
2024-05-01 07:05:33,711 - scheduler - INFO - Buyurtma yaratildi id=10556 summa=3617565.64
2024-05-01 07:05:39,446 - api.auth - DEBUG - Cache hit key=user:531 ttl=2729s
2024-05-01 07:05:42,332 - cache.redis - ERROR - DB ulanishi uzildi: timeout after 3880ms host=db-678
2024-05-01 07:05:53,518 - api.orders - ERROR - DB ulanishi uzildi: timeout after 1472ms host=db-577
2024-05-01 07:05:58,958 - payments.gateway - INFO - Buyurtma yaratildi id=35493 summa=797222.16
2024-05-01 07:06:13,017 - cache.redis - INFO - So'rov bajarildi: GET /api/v1/orders — 3606ms
2024-05-01 07:06:13,202 - payments.gateway - INFO - Foydalanuvchi 209 tizimga kirdi, sessiya ce4a22b335d5
2024-05-01 07:06:34,790 - db.pool - INFO - So'rov bajarildi: GET /api/v1/orders — 3188ms
2024-05-01 07:06:37,095 - worker.email - INFO - Foydalanuvchi 655 tizimga kirdi, sessiya 2496d000bcd0
2024-05-01 07:06:37,802 - cache.redis - INFO - Foydalanuvchi 636 tizimga kirdi, sessiya c7c33d6f040e
2024-05-01 07:06:38,511 - api.orders - DEBUG - Cache hit key=user:607 ttl=2765s
2024-05-01 07:07:03,798 - api.orders - INFO - So'rov bajarildi: POST /api/v1/users — 1352ms
2024-05-01 07:07:12,271 - cache.redis - INFO - So'rov bajarildi: POST /api/v1/orders — 1068ms
2024-05-01 07:07:39,399 - db.pool - WARN - Sekin so'rov: /api/v1/orders 2553ms chegaradan oshdi
2024-05-01 07:07:40,446 - payments.gateway - DEBUG - Cache hit key=user:75 ttl=3980s
2024-05-01 07:07:50,525 - api.orders - ERROR - DB ulanishi uzildi: timeout after 387ms host=db-703
2024-05-01 07:07:55,225 - payments.gateway - INFO - Foydalanuvchi 493 tizimga kirdi, sessiya 335a37fda87c
2024-05-01 07:07:55,451 - api.auth - INFO - So'rov bajarildi: POST /login — 3710ms
2024-05-01 07:07:55,637 - scheduler - DEBUG - Cache hit key=user:186 ttl=874s
2024-05-01 07:07:57,890 - scheduler - ERROR - DB ulanishi uzildi: timeout after 2014ms host=db-315
2024-05-01 07:08:11,846 - payments.gateway - INFO - Foydalanuvchi 785 tizimga kirdi, sessiya 6cb71f4f696e
2024-05-01 07:08:24,005 - cache.redis - INFO - Foydalanuvchi 551 tizimga kirdi, sessiya aed10faf02af
2024-05-01 07:08:28,803 - worker.email - INFO - So'rov bajarildi: GET /api/v1/users — 3382ms
2024-05-01 07:08:53,090 - cache.redis - INFO - So'rov bajarildi: POST /api/v1/orders — 3161ms
2024-05-01 07:09:01,392 - worker.email - INFO - Buyurtma yaratildi id=86590 summa=2940019.02
2024-05-01 07:09:13,284 - worker.email - INFO - So'rov bajarildi: POST /api/v1/orders — 2637ms
2024-05-01 07:09:31,788 - api.auth - INFO - So'rov bajarildi: POST /api/v1/users — 4053ms
2024-05-01 07:09:38,108 - api.orders - INFO - So'rov bajarildi: GET /login — 2514ms
2024-05-01 07:10:06,603 - cache.redis - INFO - Foydalanuvchi 37 tizimga kirdi, sessiya 7e263ca97a2c
2024-05-01 07:10:07,512 - api.orders - INFO - Buyurtma yaratildi id=78191 summa=2782431.18
2024-05-01 07:10:27,977 - worker.email - INFO - So'rov bajarildi: GET /login — 2766ms
2024-05-01 07:10:30,171 - worker.email - INFO - So'rov bajarildi: POST /api/v1/users — 101ms
2024-05-01 07:10:35,377 - worker.email - WARN - Ulanishlar hovuzi 2918% to'lgan
2024-05-01 07:10:46,989 - payments.gateway - INFO - So'rov bajarildi: GET /api/v1/orders — 3747ms
2024-05-01 07:10:48,077 - cache.redis - CRITICAL - Xizmat javob bermayapti: worker-137 qayta ishga tushirilmoqda
2024-05-01 07:11:00,667 - cache.redis - INFO - Buyurtma yaratildi id=36263 summa=2242388.8
2024-05-01 07:11:11,089 - api.auth - INFO - So'rov bajarildi: POST /login — 372ms
2024-05-01 07:11:21,073 - scheduler - INFO - Foydalanuvchi 512 tizimga kirdi, sessiya ded56aff651a
2024-05-01 07:11:33,740 - worker.email - DEBUG - Cache hit key=user:462 ttl=3617s
2024-05-01 07:11:35,869 - cache.redis - INFO - Buyurtma yaratildi id=44202 summa=489683.97
2024-05-01 07:11:44,355 - payments.gateway - INFO - So'rov bajarildi: POST /login — 2272ms
2024-05-01 07:11:51,309 - cache.redis - DEBUG - Cache hit key=user:888 ttl=1922s
2024-05-01 07:12:01,534 - db.pool - INFO - Foydalanuvchi 884 tizimga kirdi, sessiya 3196d408928a
2024-05-01 07:12:10,252 - api.auth - INFO - So'rov bajarildi: POST /api/v1/users — 1261ms
2024-05-01 07:12:10,391 - payments.gateway - INFO - Foydalanuvchi 133 tizimga kirdi, sessiya 03e877c63d0d
2024-05-01 07:12:21,174 - scheduler - INFO - So'rov bajarildi: POST /api/v1/users — 3147ms
2024-05-01 07:12:37,425 - payments.gateway - INFO - So'rov bajarildi: GET /login — 2576ms
2024-05-01 07:12:42,901 - worker.email - INFO - Foydalanuvchi 143 tizimga kirdi, sessiya 3dd426ce030f
2024-05-01 07:12:56,704 - worker.email - ERROR - DB ulanishi uzildi: timeout after 3259ms host=db-518
2024-05-01 07:13:14,813 - db.pool - INFO - So'rov bajarildi: GET /login — 2021ms
2024-05-01 07:13:20,381 - db.pool - INFO - So'rov bajarildi: POST /api/v1/users — 479ms
2024-05-01 07:13:31,559 - cache.redis - INFO - Foydalanuvchi 863 tizimga kirdi, sessiya cf51e23bccbd
2024-05-01 07:13:50,410 - worker.email - INFO - Buyurtma yaratildi id=86063 summa=3512653.82
2024-05-01 07:13:51,084 - api.auth - DEBUG - Cache hit key=user:84 ttl=696s
2024-05-01 07:13:54,931 - db.pool - INFO - So'rov bajarildi: POST /login — 201ms
2024-05-01 07:13:59,162 - api.auth - INFO - Foydalanuvchi 7 tizimga kirdi, sessiya 94c1edcdce0c
2024-05-01 07:14:05,069 - db.pool - INFO - So'rov bajarildi: POST /api/v1/users — 2709ms
2024-05-01 07:14:09,371 - db.pool - INFO - Buyurtma yaratildi id=84252 summa=2270129.61
2024-05-01 07:14:12,446 - api.orders - INFO - Buyurtma yaratildi id=24954 summa=750806.69
2024-05-01 07:14:15,860 - scheduler - INFO - So'rov bajarildi: POST /api/v1/orders — 674ms
2024-05-01 07:14:24,744 - db.pool - INFO - So'rov bajarildi: POST /api/v1/orders — 1318ms
2024-05-01 07:14:59,607 - api.auth - INFO - Foydalanuvchi 459 tizimga kirdi, sessiya 28b2d8b3427e
2024-05-01 07:15:23,890 - api.auth - INFO - So'rov bajarildi: POST /login — 2324ms
2024-05-01 07:15:29,107 - scheduler - INFO - So'rov bajarildi: POST /api/v1/users — 1531ms
2024-05-01 07:15:47,310 - payments.gateway - DEBUG - Cache hit key=user:691 ttl=354s
2024-05-01 07:15:49,866 - db.pool - INFO - So'rov bajarildi: GET /api/v1/orders — 2282ms
2024-05-01 07:15:54,825 - scheduler - INFO - Foydalanuvchi 869 tizimga kirdi, sessiya 7893b593a6cb
2024-05-01 07:16:17,983 - api.auth - ERROR - To'lov rad etildi order=49447 kod=INSUFFICIENT_FUNDS
2024-05-01 07:16:36,210 - api.orders - INFO - So'rov bajarildi: GET /api/v1/users — 1299ms
2024-05-01 07:16:59,218 - cache.redis - INFO - So'rov bajarildi: POST /api/v1/orders — 2732ms
2024-05-01 07:16:59,766 - scheduler - INFO - Foydalanuvchi 478 tizimga kirdi, sessiya fd5aff4bca0a
2024-05-01 07:17:01,580 - worker.email - INFO - So'rov bajarildi: POST /api/v1/users — 92ms
2024-05-01 07:17:13,812 - scheduler - INFO - So'rov bajarildi: POST /login — 4013ms
2024-05-01 07:17:16,295 - scheduler - DEBUG - Cache hit key=user:352 ttl=786s
2024-05-01 07:17:22,704 - db.pool - INFO - Foydalanuvchi 594 tizimga kirdi, sessiya b9c2023f5e44
2024-05-01 07:17:37,112 - scheduler - INFO - So'rov bajarildi: GET /api/v1/users — 2151ms
2024-05-01 07:17:37,546 - worker.email - INFO - Buyurtma yaratildi id=32965 summa=2590580.84
2024-05-01 07:17:46,613 - api.orders - WARN - Sekin so'rov: /login 2736ms chegaradan oshdi
2024-05-01 07:17:46,938 - scheduler - CRITICAL - Xizmat javob bermayapti: worker-556 qayta ishga tushirilmoqda
2024-05-01 07:17:47,668 - payments.gateway - INFO - So'rov bajarildi: POST /api/v1/users — 3511ms
2024-05-01 07:17:53,806 - api.auth - WARN - Sekin so'rov: /api/v1/users 4145ms chegaradan oshdi
2024-05-01 07:17:56,045 - payments.gateway - ERROR - To'lov rad etildi order=23189 kod=INSUFFICIENT_FUNDS
2024-05-01 07:18:12,080 - cache.redis - CRITICAL - Xizmat javob bermayapti: worker-875 qayta ishga tushirilmoqda
2024-05-01 07:18:20,847 - cache.redis - INFO - Buyurtma yaratildi id=61276 summa=3826613.7
2024-05-01 07:18:32,764 - scheduler - INFO - Foydalanuvchi 768 tizimga kirdi, sessiya c4aed74197f4
2024-05-01 07:18:39,094 - worker.email - WARN - Sekin so'rov: /login 3195ms chegaradan oshdi
2024-05-01 07:18:42,671 - api.auth - INFO - Foydalanuvchi 70 tizimga kirdi, sessiya 6c6219bf2cf7
2024-05-01 07:18:43,535 - payments.gateway - ERROR - To'lov rad etildi order=59588 kod=INSUFFICIENT_FUNDS
2024-05-01 07:18:51,843 - scheduler - DEBUG - Cache hit key=user:452 ttl=3668s
2024-05-01 07:19:27,977 - payments.gateway - WARN - Sekin so'rov: /login 2513ms chegaradan oshdi
2024-05-01 07:19:53,628 - payments.gateway - DEBUG - Cache hit key=user:848 ttl=1022s
2024-05-01 07:20:19,035 - worker.email - INFO - Foydalanuvchi 82 tizimga kirdi, sessiya eb3cc65f7ab9
2024-05-01 07:20:19,440 - db.pool - DEBUG - Cache hit key=user:666 ttl=2093s
2024-05-01 07:20:21,398 - cache.redis - INFO - Foydalanuvchi 8 tizimga kirdi, sessiya f27e5f3aa3aa
2024-05-01 07:20:43,062 - cache.redis - ERROR - To'lov rad etildi order=69850 kod=INSUFFICIENT_FUNDS
2024-05-01 07:20:51,678 - payments.gateway - WARN - Sekin so'rov: /login 975ms chegaradan oshdi
2024-05-01 07:20:53,227 - api.orders - DEBUG - Cache hit key=user:791 ttl=3414s
2024-05-01 07:20:53,529 - api.auth - WARN - Sekin so'rov: /api/v1/users 3503ms chegaradan oshdi
2024-05-01 07:20:53,614 - scheduler - INFO - So'rov bajarildi: POST /login — 1273ms
2024-05-01 07:20:54,569 - db.pool - INFO - So'rov bajarildi: GET /login — 536ms
2024-05-01 07:21:25,800 - api.orders - DEBUG - Cache hit key=user:433 ttl=2634s
2024-05-01 07:21:37,938 - api.orders - DEBUG - Cache hit key=user:485 ttl=2116s
2024-05-01 07:21:46,323 - db.pool - INFO - Buyurtma yaratildi id=53602 summa=1706344.81
2024-05-01 07:21:49,854 - cache.redis - DEBUG - Cache hit key=user:888 ttl=2860s
2024-05-01 07:22:20,236 - api.orders - DEBUG - Cache hit key=user:269 ttl=1970s
2024-05-01 07:22:26,150 - db.pool - INFO - Foydalanuvchi 674 tizimga kirdi, sessiya 421f86c26432
2024-05-01 07:22:32,667 - worker.email - INFO - So'rov bajarildi: GET /api/v1/orders — 3821ms
2024-05-01 07:22:40,277 - scheduler - INFO - Buyurtma yaratildi id=94193 summa=1282474.5
2024-05-01 07:22:42,526 - scheduler - INFO - Buyurtma yaratildi id=27648 summa=3888115.09
2024-05-01 07:22:47,198 - payments.gateway - INFO - Buyurtma yaratildi id=70171 summa=1054944.48
2024-05-01 07:22:54,692 - api.orders - DEBUG - Cache hit key=user:407 ttl=2506s
2024-05-01 07:23:06,179 - cache.redis - ERROR - DB ulanishi uzildi: timeout after 3897ms host=db-693
2024-05-01 07:23:10,119 - scheduler - INFO - Buyurtma yaratildi id=53667 summa=2301864.62
2024-05-01 07:23:21,467 - db.pool - DEBUG - Cache hit key=user:777 ttl=4068s
2024-05-01 07:23:25,664 - db.pool - INFO - Foydalanuvchi 896 tizimga kirdi, sessiya 5681c7de4bf8
2024-05-01 07:23:28,845 - api.orders - INFO - Buyurtma yaratildi id=49884 summa=602337.98
2024-05-01 07:23:29,240 - api.auth - INFO - So'rov bajarildi: GET /api/v1/users — 1808ms
2024-05-01 07:23:58,130 - api.auth - WARN - Ulanishlar hovuzi 3741% to'lgan
2024-05-01 07:23:59,010 - api.orders - ERROR - To'lov rad etildi order=15459 kod=INSUFFICIENT_FUNDS
2024-05-01 07:24:04,074 - worker.email - INFO - So'rov bajarildi: GET /api/v1/users — 2536ms
2024-05-01 07:24:04,164 - scheduler - INFO - So'rov bajarildi: GET /api/v1/users — 3015ms
2024-05-01 07:24:48,829 - payments.gateway - INFO - Foydalanuvchi 191 tizimga kirdi, sessiya 3fd0ebcb02f6
2024-05-01 07:24:54,743 - worker.email - INFO - Foydalanuvchi 166 tizimga kirdi, sessiya e07c9d75e491
2024-05-01 07:25:10,347 - db.pool - INFO - Foydalanuvchi 403 tizimga kirdi, sessiya cb13cadf3a2e
2024-05-01 07:25:15,427 - api.orders - INFO - So'rov bajarildi: POST /api/v1/users — 2571ms
2024-05-01 07:25:16,059 - worker.email - INFO - Foydalanuvchi 332 tizimga kirdi, sessiya 1ae7805f1409
2024-05-01 07:25:16,149 - worker.email - INFO - So'rov bajarildi: POST /login — 569ms
2024-05-01 07:25:21,555 - scheduler - INFO - Foydalanuvchi 118 tizimga kirdi, sessiya 85d37a2da4bf
2024-05-01 07:25:24,062 - api.auth - INFO - So'rov bajarildi: POST /api/v1/users — 1808ms
2024-05-01 07:25:27,316 - scheduler - INFO - So'rov bajarildi: POST /login — 2536ms
2024-05-01 07:25:27,796 - cache.redis - WARN - Sekin so'rov: /api/v1/orders 3514ms chegaradan oshdi
2024-05-01 07:25:43,375 - scheduler - INFO - Buyurtma yaratildi id=88763 summa=3012273.84
2024-05-01 07:26:00,850 - db.pool - INFO - Buyurtma yaratildi id=61435 summa=3790497.85
2024-05-01 07:26:33,001 - db.pool - INFO - Foydalanuvchi 724 tizimga kirdi, sessiya 30e9ba43a7ce
2024-05-01 07:26:33,048 - worker.email - WARN - Sekin so'rov: /login 1254ms chegaradan oshdi
2024-05-01 07:26:57,171 - scheduler - INFO - Foydalanuvchi 409 tizimga kirdi, sessiya 24b1325e7042
2024-05-01 07:27:19,430 - api.orders - INFO - Buyurtma yaratildi id=84723 summa=785174.12
2024-05-01 07:27:25,343 - db.pool - INFO - So'rov bajarildi: GET /login — 2972ms
2024-05-01 07:27:39,633 - scheduler - INFO - Foydalanuvchi 603 tizimga kirdi, sessiya 6624ca414b67
2024-05-01 07:27:52,598 - cache.redis - INFO - So'rov bajarildi: POST /api/v1/orders — 776ms
2024-05-01 07:27:56,664 - cache.redis - INFO - So'rov bajarildi: POST /api/v1/orders — 1781ms
2024-05-01 07:28:00,300 - scheduler - INFO - Buyurtma yaratildi id=74242 summa=2806099.67
2024-05-01 07:28:02,729 - api.orders - DEBUG - Cache hit key=user:488 ttl=2310s
2024-05-01 07:28:12,772 - scheduler - WARN - Ulanishlar hovuzi 4084% to'lgan
2024-05-01 07:28:16,880 - api.auth - INFO - Buyurtma yaratildi id=92769 summa=2076081.89
2024-05-01 07:28:23,460 - api.orders - INFO - So'rov bajarildi: GET /login — 1249ms
2024-05-01 07:28:54,016 - api.orders - INFO - Foydalanuvchi 662 tizimga kirdi, sessiya 77907896151e
2024-05-01 07:29:00,041 - api.auth - WARN - Sekin so'rov: /login 1170ms chegaradan oshdi
2024-05-01 07:29:06,471 - scheduler - DEBUG - Cache hit key=user:60 ttl=939s
2024-05-01 07:29:25,788 - api.orders - DEBUG - Cache hit key=user:24 ttl=1169s
2024-05-01 07:29:27,922 - payments.gateway - WARN - Sekin so'rov: /api/v1/orders 1280ms chegaradan oshdi
2024-05-01 07:29:28,482 - payments.gateway - WARN - Sekin so'rov: /api/v1/orders 145ms chegaradan oshdi
2024-05-01 07:29:33,109 - cache.redis - WARN - Sekin so'rov: /login 533ms chegaradan oshdi
2024-05-01 07:29:33,580 - payments.gateway - INFO - Foydalanuvchi 2 tizimga kirdi, sessiya 9d9b99805de4
2024-05-01 07:29:36,342 - api.orders - DEBUG - Cache hit key=user:31 ttl=493s
2024-05-01 07:29:45,213 - db.pool - ERROR - To'lov rad etildi order=63474 kod=INSUFFICIENT_FUNDS
2024-05-01 07:29:47,823 - cache.redis - INFO - Foydalanuvchi 518 tizimga kirdi, sessiya 836f48bcd413
2024-05-01 07:29:50,174 - scheduler - INFO - Foydalanuvchi 362 tizimga kirdi, sessiya 72ad1d002ded
2024-05-01 07:30:05,851 - payments.gateway - WARN - Sekin so'rov: /login 1877ms chegaradan oshdi
2024-05-01 07:30:14,489 - worker.email - ERROR - To'lov rad etildi order=33618 kod=INSUFFICIENT_FUNDS
2024-05-01 07:30:14,645 - db.pool - INFO - So'rov bajarildi: GET /api/v1/users — 3704ms
2024-05-01 07:30:27,111 - worker.email - INFO - So'rov bajarildi: POST /api/v1/users — 1119ms
2024-05-01 07:30:27,772 - cache.redis - INFO - Buyurtma yaratildi id=89664 summa=2383042.83
2024-05-01 07:30:55,610 - api.auth - INFO - Foydalanuvchi 516 tizimga kirdi, sessiya 9534138a9955
2024-05-01 07:30:56,474 - payments.gateway - INFO - So'rov bajarildi: POST /api/v1/orders — 3154ms
2024-05-01 07:30:56,627 - scheduler - INFO - So'rov bajarildi: GET /api/v1/users — 3759ms
2024-05-01 07:30:58,768 - scheduler - INFO - Foydalanuvchi 248 tizimga kirdi, sessiya 3ce5c31d7446
2024-05-01 07:31:05,447 - cache.redis - INFO - Buyurtma yaratildi id=91569 summa=156434.4
2024-05-01 07:31:36,388 - worker.email - INFO - So'rov bajarildi: POST /login — 3916ms
2024-05-01 07:31:47,300 - worker.email - DEBUG - Cache hit key=user:89 ttl=3959s
2024-05-01 07:31:52,506 - payments.gateway - INFO - So'rov bajarildi: GET /api/v1/orders — 3693ms
2024-05-01 07:31:55,378 - api.orders - INFO - Foydalanuvchi 847 tizimga kirdi, sessiya 5abe2a9664ac
2024-05-01 07:32:02,748 - api.orders - DEBUG - Cache hit key=user:275 ttl=2050s
2024-05-01 07:32:02,804 - worker.email - WARN - Sekin so'rov: /api/v1/users 231ms chegaradan oshdi
2024-05-01 07:32:22,866 - scheduler - INFO - Foydalanuvchi 23 tizimga kirdi, sessiya dd3ce8f45887
2024-05-01 07:32:24,017 - worker.email - DEBUG - Cache hit key=user:644 ttl=2485s
2024-05-01 07:32:53,855 - payments.gateway - INFO - So'rov bajarildi: GET /login — 3772ms
2024-05-01 07:33:23,560 - worker.email - INFO - Foydalanuvchi 488 tizimga kirdi, sessiya 956ba2907969
2024-05-01 07:33:25,162 - worker.email - INFO - So'rov bajarildi: POST /login — 1399ms
2024-05-01 07:33:47,405 - worker.email - DEBUG - Cache hit key=user:606 ttl=1108s
2024-05-01 07:33:51,559 - payments.gateway - INFO - Foydalanuvchi 694 tizimga kirdi, sessiya ae170a703b6e
2024-05-01 07:33:55,891 - payments.gateway - INFO - So'rov bajarildi: POST /api/v1/users — 3ms
2024-05-01 07:34:02,329 - payments.gateway - WARN - Ulanishlar hovuzi 2084% to'lgan
2024-05-01 07:34:07,362 - worker.email - ERROR - DB ulanishi uzildi: timeout after 1119ms host=db-3
2024-05-01 07:34:17,243 - db.pool - INFO - Foydalanuvchi 594 tizimga kirdi, sessiya ab12ba72dae6
2024-05-01 07:34:21,845 - db.pool - INFO - So'rov bajarildi: GET /api/v1/orders — 568ms
2024-05-01 07:34:27,029 - scheduler - INFO - Foydalanuvchi 627 tizimga kirdi, sessiya ebadb5cdf02a
2024-05-01 07:34:47,646 - worker.email - INFO - So'rov bajarildi: GET /api/v1/orders — 1017ms
2024-05-01 07:34:48,392 - worker.email - INFO - So'rov bajarildi: GET /login — 3536ms
2024-05-01 07:34:56,862 - payments.gateway - INFO - So'rov bajarildi: POST /api/v1/users — 2643ms
2024-05-01 07:34:58,288 - scheduler - DEBUG - Cache hit key=user:794 ttl=3223s
2024-05-01 07:35:11,679 - api.orders - INFO - Foydalanuvchi 539 tizimga kirdi, sessiya 203953cc4fa4
2024-05-01 07:35:14,129 - db.pool - INFO - Buyurtma yaratildi id=44706 summa=3135598.23
2024-05-01 07:35:29,636 - payments.gateway - INFO - So'rov bajarildi: GET /api/v1/orders — 2607ms
2024-05-01 07:35:32,846 - scheduler - INFO - Buyurtma yaratildi id=59468 summa=3923819.64
2024-05-01 07:35:34,097 - worker.email - INFO - So'rov bajarildi: POST /login — 922ms
2024-05-01 07:35:38,287 - payments.gateway - INFO - So'rov bajarildi: GET /api/v1/users — 929ms
2024-05-01 07:35:38,575 - cache.redis - DEBUG - Cache hit key=user:48 ttl=3604s
2024-05-01 07:36:00,505 - worker.email - INFO - So'rov bajarildi: GET /api/v1/orders — 95ms
2024-05-01 07:36:22,231 - worker.email - INFO - Foydalanuvchi 636 tizimga kirdi, sessiya f2d5a44c9500
2024-05-01 07:36:28,635 - worker.email - INFO - Foydalanuvchi 480 tizimga kirdi, sessiya 1990b17bd6c0
2024-05-01 07:36:41,928 - payments.gateway - INFO - Foydalanuvchi 745 tizimga kirdi, sessiya 19aeef558803
2024-05-01 07:36:45,106 - scheduler - INFO - So'rov bajarildi: GET /api/v1/users — 382ms
2024-05-01 07:36:58,191 - worker.email - INFO - So'rov bajarildi: POST /api/v1/orders — 2157ms
2024-05-01 07:37:05,898 - scheduler - DEBUG - Cache hit key=user:277 ttl=2107s
2024-05-01 07:37:08,426 - db.pool - INFO - Foydalanuvchi 589 tizimga kirdi, sessiya abd7b64abe4e
2024-05-01 07:37:13,031 - api.orders - INFO - Buyurtma yaratildi id=44699 summa=1805870.55
2024-05-01 07:37:21,879 - api.auth - WARN - Ulanishlar hovuzi 2425% to'lgan
2024-05-01 07:37:23,845 - worker.email - INFO - Foydalanuvchi 559 tizimga kirdi, sessiya 6915fb8492e5
2024-05-01 07:37:40,556 - scheduler - INFO - Foydalanuvchi 277 tizimga kirdi, sessiya 71192ab49365
2024-05-01 07:37:52,398 - scheduler - INFO - So'rov bajarildi: GET /api/v1/users — 216ms
2024-05-01 07:38:05,332 - scheduler - WARN - Sekin so'rov: /api/v1/users 2974ms chegaradan oshdi
2024-05-01 07:38:10,525 - api.orders - DEBUG - Cache hit key=user:225 ttl=3012s
2024-05-01 07:38:30,330 - api.orders - CRITICAL - Xizmat javob bermayapti: worker-52 qayta ishga tushirilmoqda
2024-05-01 07:38:50,494 - payments.gateway - WARN - Ulanishlar hovuzi 3692% to'lgan
2024-05-01 07:38:56,980 - api.orders - INFO - Buyurtma yaratildi id=54073 summa=2523398.44
2024-05-01 07:38:59,219 - db.pool - INFO - Foydalanuvchi 224 tizimga kirdi, sessiya e96d3a0ba3af
2024-05-01 07:39:00,683 - db.pool - INFO - Foydalanuvchi 251 tizimga kirdi, sessiya 1f37b57982a6
2024-05-01 07:39:02,626 - db.pool - INFO - So'rov bajarildi: POST /login — 850ms
2024-05-01 07:39:20,988 - db.pool - DEBUG - Cache hit key=user:331 ttl=1171s
2024-05-01 07:39:23,429 - scheduler - ERROR - DB ulanishi uzildi: timeout after 1061ms host=db-148
2024-05-01 07:39:23,781 - scheduler - INFO - So'rov bajarildi: GET /api/v1/users — 3456ms
2024-05-01 07:39:26,824 - scheduler - INFO - Foydalanuvchi 547 tizimga kirdi, sessiya 76c75efc8b17
2024-05-01 07:39:47,183 - payments.gateway - INFO - So'rov bajarildi: POST /login — 2494ms
2024-05-01 07:39:52,390 - payments.gateway - INFO - Foydalanuvchi 111 tizimga kirdi, sessiya 2ec039a6902b
2024-05-01 07:39:56,909 - scheduler - DEBUG - Cache hit key=user:619 ttl=1272s
2024-05-01 07:40:03,721 - api.orders - INFO - So'rov bajarildi: GET /login — 1843ms
2024-05-01 07:40:10,901 - scheduler - INFO - Buyurtma yaratildi id=72601 summa=2179650.22
2024-05-01 07:40:13,623 - api.orders - INFO - So'rov bajarildi: POST /login — 1843ms
2024-05-01 07:40:22,446 - api.auth - INFO - So'rov bajarildi: POST /api/v1/orders — 3599ms
2024-05-01 07:40:31,656 - cache.redis - INFO - So'rov bajarildi: POST /login — 986ms
2024-05-01 07:41:04,323 - cache.redis - DEBUG - Cache hit key=user:230 ttl=2708s
2024-05-01 07:41:15,201 - cache.redis - DEBUG - Cache hit key=user:861 ttl=1843s
2024-05-01 07:41:17,158 - api.auth - INFO - Foydalanuvchi 239 tizimga kirdi, sessiya 67dfb7363621
2024-05-01 07:41:36,521 - api.orders - INFO - Foydalanuvchi 90 tizimga kirdi, sessiya bdb161367d14
2024-05-01 07:41:42,734 - db.pool - ERROR - To'lov rad etildi order=18803 kod=INSUFFICIENT_FUNDS
2024-05-01 07:42:05,005 - api.auth - INFO - So'rov bajarildi: GET /login — 464ms
2024-05-01 07:42:11,472 - worker.email - INFO - Foydalanuvchi 767 tizimga kirdi, sessiya 3538d169d8ab
2024-05-01 07:42:36,354 - api.orders - INFO - Buyurtma yaratildi id=47872 summa=3169030.32
2024-05-01 07:42:37,048 - api.auth - ERROR - DB ulanishi uzildi: timeout after 3562ms host=db-696
2024-05-01 07:42:39,910 - worker.email - INFO - So'rov bajarildi: GET /login — 2448ms
2024-05-01 07:42:40,696 - scheduler - INFO - Foydalanuvchi 509 tizimga kirdi, sessiya dc6a79643261
2024-05-01 07:42:42,803 - scheduler - INFO - So'rov bajarildi: GET /login — 2177ms
2024-05-01 07:42:46,495 - api.orders - WARN - Sekin so'rov: /login 1969ms chegaradan oshdi
2024-05-01 07:42:48,674 - api.auth - INFO - So'rov bajarildi: POST /api/v1/users — 3145ms
2024-05-01 07:43:15,230 - cache.redis - INFO - Foydalanuvchi 477 tizimga kirdi, sessiya 7dc34351c6e6
2024-05-01 07:43:22,894 - cache.redis - WARN - Sekin so'rov: /login 1156ms chegaradan oshdi
2024-05-01 07:43:30,484 - api.auth - ERROR - DB ulanishi uzildi: timeout after 1159ms host=db-299
2024-05-01 07:43:41,948 - api.auth - ERROR - DB ulanishi uzildi: timeout after 1129ms host=db-55
2024-05-01 07:43:53,463 - db.pool - INFO - Foydalanuvchi 455 tizimga kirdi, sessiya d80d98752dc7
2024-05-01 07:43:58,769 - api.orders - INFO - Foydalanuvchi 355 tizimga kirdi, sessiya cc0d46072616
2024-05-01 07:43:59,655 - cache.redis - INFO - Foydalanuvchi 82 tizimga kirdi, sessiya 130c16643617
2024-05-01 07:44:06,008 - cache.redis - INFO - So'rov bajarildi: POST /api/v1/orders — 2239ms
2024-05-01 07:44:11,054 - api.orders - INFO - So'rov bajarildi: GET /api/v1/users — 3598ms
2024-05-01 07:44:11,762 - db.pool - INFO - Foydalanuvchi 890 tizimga kirdi, sessiya 4ce7c3b94d1a
2024-05-01 07:44:28,401 - scheduler - ERROR - DB ulanishi uzildi: timeout after 3048ms host=db-499
2024-05-01 07:44:29,172 - payments.gateway - INFO - Foydalanuvchi 322 tizimga kirdi, sessiya c8c7ae2724c3
2024-05-01 07:44:46,774 - cache.redis - ERROR - DB ulanishi uzildi: timeout after 1142ms host=db-473
2024-05-01 07:44:47,523 - cache.redis - INFO - So'rov bajarildi: GET /api/v1/orders — 2523ms
2024-05-01 07:45:00,452 - scheduler - WARN - Ulanishlar hovuzi 2995% to'lgan
2024-05-01 07:45:12,579 - api.auth - CRITICAL - Xizmat javob bermayapti: worker-536 qayta ishga tushirilmoqda
2024-05-01 07:45:21,620 - api.orders - INFO - So'rov bajarildi: GET /api/v1/users — 3767ms
2024-05-01 07:45:24,407 - db.pool - INFO - So'rov bajarildi: GET /api/v1/orders — 1994ms
2024-05-01 07:45:29,046 - payments.gateway - DEBUG - Cache hit key=user:878 ttl=29s
2024-05-01 07:45:30,723 - api.auth - DEBUG - Cache hit key=user:229 ttl=3331s
2024-05-01 07:45:52,892 - worker.email - DEBUG - Cache hit key=user:185 ttl=3131s
2024-05-01 07:46:12,444 - cache.redis - DEBUG - Cache hit key=user:135 ttl=1518s
2024-05-01 07:46:15,675 - worker.email - DEBUG - Cache hit key=user:29 ttl=1978s
2024-05-01 07:46:28,572 - api.auth - WARN - Sekin so'rov: /api/v1/users 1030ms chegaradan oshdi
2024-05-01 07:46:37,558 - api.auth - INFO - Foydalanuvchi 358 tizimga kirdi, sessiya 1a329939bb63
2024-05-01 07:46:37,723 - scheduler - CRITICAL - Xizmat javob bermayapti: worker-627 qayta ishga tushirilmoqda
2024-05-01 07:46:50,697 - api.orders - ERROR - DB ulanishi uzildi: timeout after 2201ms host=db-364
2024-05-01 07:47:14,089 - worker.email - WARN - Ulanishlar hovuzi 735% to'lgan
2024-05-01 07:47:27,799 - db.pool - INFO - Foydalanuvchi 194 tizimga kirdi, sessiya 92732def1117
2024-05-01 07:47:42,230 - cache.redis - INFO - So'rov bajarildi: POST /api/v1/orders — 1084ms
2024-05-01 07:47:43,240 - payments.gateway - INFO - So'rov bajarildi: GET /login — 2544ms
2024-05-01 07:47:46,745 - scheduler - INFO - Foydalanuvchi 297 tizimga kirdi, sessiya b52af25a94d7
2024-05-01 07:48:07,267 - cache.redis - ERROR - DB ulanishi uzildi: timeout after 379ms host=db-413
2024-05-01 07:48:08,413 - worker.email - INFO - So'rov bajarildi: POST /api/v1/orders — 2221ms
2024-05-01 07:48:40,686 - cache.redis - ERROR - DB ulanishi uzildi: timeout after 3575ms host=db-83
2024-05-01 07:48:41,368 - cache.redis - INFO - So'rov bajarildi: GET /login — 2934ms
2024-05-01 07:48:51,105 - api.auth - INFO - So'rov bajarildi: POST /api/v1/orders — 4077ms
2024-05-01 07:48:52,166 - api.orders - INFO - Buyurtma yaratildi id=99906 summa=49524.07
2024-05-01 07:48:55,372 - api.orders - INFO - So'rov bajarildi: POST /api/v1/users — 3532ms
2024-05-01 07:49:34,152 - api.auth - INFO - Foydalanuvchi 878 tizimga kirdi, sessiya 5902645c11d5
2024-05-01 07:49:36,599 - api.auth - INFO - So'rov bajarildi: GET /login — 3150ms
2024-05-01 07:49:41,299 - api.orders - INFO - Buyurtma yaratildi id=32465 summa=1488770.25
2024-05-01 07:49:43,333 - scheduler - INFO - Foydalanuvchi 500 tizimga kirdi, sessiya 4610fe78003f
2024-05-01 07:50:06,900 - db.pool - INFO - Foydalanuvchi 817 tizimga kirdi, sessiya 900071e56bf3
2024-05-01 07:50:11,142 - api.orders - INFO - Buyurtma yaratildi id=56200 summa=1903015.64
2024-05-01 07:50:13,958 - worker.email - INFO - Buyurtma yaratildi id=58102 summa=999831.15
2024-05-01 07:50:16,194 - worker.email - DEBUG - Cache hit key=user:325 ttl=2131s
2024-05-01 07:50:18,894 - worker.email - WARN - Sekin so'rov: /api/v1/orders 3319ms chegaradan oshdi
2024-05-01 07:50:19,600 - api.auth - INFO - So'rov bajarildi: GET /api/v1/orders — 53ms
2024-05-01 07:50:34,986 - api.auth - INFO - Foydalanuvchi 281 tizimga kirdi, sessiya a84293fd316c
2024-05-01 07:50:37,246 - worker.email - INFO - Foydalanuvchi 607 tizimga kirdi, sessiya 915181bdd5e0
2024-05-01 07:50:40,933 - api.auth - ERROR - To'lov rad etildi order=88608 kod=INSUFFICIENT_FUNDS
2024-05-01 07:51:03,431 - cache.redis - INFO - So'rov bajarildi: GET /api/v1/orders — 2015ms
2024-05-01 07:51:09,491 - db.pool - INFO - Foydalanuvchi 627 tizimga kirdi, sessiya 609b40181922
2024-05-01 07:51:37,070 - api.orders - INFO - So'rov bajarildi: POST /api/v1/users — 1625ms
2024-05-01 07:51:38,248 - scheduler - INFO - Buyurtma yaratildi id=95975 summa=1753545.78
2024-05-01 07:51:49,119 - cache.redis - INFO - Foydalanuvchi 470 tizimga kirdi, sessiya 13fd9f35f0b8
2024-05-01 07:51:54,446 - worker.email - INFO - Buyurtma yaratildi id=70685 summa=2567670.47
2024-05-01 07:51:57,466 - api.orders - CRITICAL - Xizmat javob bermayapti: worker-450 qayta ishga tushirilmoqda
2024-05-01 07:52:11,533 - db.pool - INFO - So'rov bajarildi: POST /api/v1/orders — 806ms
2024-05-01 07:52:32,569 - cache.redis - INFO - So'rov bajarildi: POST /login — 135ms
2024-05-01 07:53:06,045 - worker.email - INFO - Foydalanuvchi 359 tizimga kirdi, sessiya 5f3eb463e719
2024-05-01 07:53:11,976 - scheduler - INFO - Buyurtma yaratildi id=22704 summa=2678527.18
2024-05-01 07:53:18,127 - db.pool - ERROR - DB ulanishi uzildi: timeout after 3306ms host=db-354
2024-05-01 07:53:19,141 - scheduler - INFO - Buyurtma yaratildi id=38865 summa=2434195.33
2024-05-01 07:53:44,360 - payments.gateway - INFO - Foydalanuvchi 773 tizimga kirdi, sessiya ed2c2a84ae9f
2024-05-01 07:54:21,284 - scheduler - INFO - So'rov bajarildi: GET /login — 2466ms
2024-05-01 07:54:23,114 - scheduler - WARN - Sekin so'rov: /api/v1/users 1924ms chegaradan oshdi
2024-05-01 07:54:34,517 - scheduler - INFO - So'rov bajarildi: GET /api/v1/orders — 3187ms
2024-05-01 07:54:53,505 - scheduler - INFO - So'rov bajarildi: GET /api/v1/users — 4075ms
2024-05-01 07:54:56,092 - api.auth - INFO - Buyurtma yaratildi id=32381 summa=3332058.47
2024-05-01 07:54:59,761 - payments.gateway - INFO - So'rov bajarildi: GET /api/v1/orders — 3724ms
2024-05-01 07:55:03,257 - cache.redis - INFO - Foydalanuvchi 234 tizimga kirdi, sessiya 0848b6d5aa34
2024-05-01 07:55:25,381 - payments.gateway - INFO - So'rov bajarildi: GET /login — 482ms
2024-05-01 07:55:40,497 - api.auth - INFO - So'rov bajarildi: GET /login — 772ms
2024-05-01 07:55:44,077 - worker.email - INFO - Foydalanuvchi 374 tizimga kirdi, sessiya 91602260606b
2024-05-01 07:55:48,000 - db.pool - INFO - Buyurtma yaratildi id=40499 summa=880263.37
2024-05-01 07:55:55,456 - payments.gateway - INFO - Foydalanuvchi 305 tizimga kirdi, sessiya c55fe35f2c78
2024-05-01 07:56:29,034 - worker.email - CRITICAL - Xizmat javob bermayapti: worker-189 qayta ishga tushirilmoqda
2024-05-01 07:56:30,814 - db.pool - INFO - So'rov bajarildi: POST /api/v1/orders — 4057ms
2024-05-01 07:56:34,928 - db.pool - INFO - Foydalanuvchi 201 tizimga kirdi, sessiya 2024a9d1ae66
2024-05-01 07:57:13,241 - cache.redis - DEBUG - Cache hit key=user:31 ttl=657s
2024-05-01 07:57:19,680 - cache.redis - INFO - Foydalanuvchi 296 tizimga kirdi, sessiya 195e149a6a07
2024-05-01 07:57:37,216 - api.orders - INFO - So'rov bajarildi: GET /api/v1/orders — 2833ms
2024-05-01 07:57:40,951 - api.auth - INFO - So'rov bajarildi: GET /login — 207ms
2024-05-01 07:57:53,164 - scheduler - DEBUG - Cache hit key=user:725 ttl=2749s
2024-05-01 07:57:55,451 - worker.email - INFO - So'rov bajarildi: POST /api/v1/orders — 553ms
2024-05-01 07:58:16,059 - db.pool - INFO - So'rov bajarildi: POST /api/v1/orders — 3966ms
2024-05-01 07:58:19,390 - worker.email - ERROR - DB ulanishi uzildi: timeout after 2881ms host=db-361
2024-05-01 07:58:51,913 - api.orders - INFO - Buyurtma yaratildi id=65931 summa=351690.77
2024-05-01 07:58:52,240 - cache.redis - CRITICAL - Xizmat javob bermayapti: worker-297 qayta ishga tushirilmoqda
2024-05-01 07:58:55,738 - db.pool - ERROR - To'lov rad etildi order=59587 kod=INSUFFICIENT_FUNDS
2024-05-01 07:58:56,525 - scheduler - INFO - So'rov bajarildi: GET /api/v1/users — 3726ms
2024-05-01 07:59:07,136 - worker.email - INFO - So'rov bajarildi: POST /login — 3721ms
2024-05-01 07:59:18,703 - api.auth - INFO - Foydalanuvchi 323 tizimga kirdi, sessiya 86a29ac38a8b
2024-05-01 07:59:18,800 - cache.redis - INFO - Foydalanuvchi 374 tizimga kirdi, sessiya 37c0b42cfce7
2024-05-01 07:59:44,709 - payments.gateway - CRITICAL - Xizmat javob bermayapti: worker-544 qayta ishga tushirilmoqda
2024-05-01 07:59:55,829 - worker.email - INFO - Foydalanuvchi 27 tizimga kirdi, sessiya 14b6439b30c7
2024-05-01 08:00:12,226 - worker.email - WARN - Sekin so'rov: /api/v1/orders 682ms chegaradan oshdi
2024-05-01 08:00:13,101 - api.orders - WARN - Sekin so'rov: /api/v1/users 2195ms chegaradan oshdi
2024-05-01 08:00:14,328 - scheduler - WARN - Ulanishlar hovuzi 868% to'lgan
2024-05-01 08:00:17,694 - scheduler - INFO - Buyurtma yaratildi id=49537 summa=2053933.74
2024-05-01 08:00:29,933 - scheduler - DEBUG - Cache hit key=user:248 ttl=1498s
2024-05-01 08:00:30,407 - db.pool - INFO - Buyurtma yaratildi id=21275 summa=1866425.57
2024-05-01 08:00:44,002 - scheduler - INFO - So'rov bajarildi: GET /login — 1196ms
2024-05-01 08:00:52,509 - worker.email - DEBUG - Cache hit key=user:60 ttl=1837s
2024-05-01 08:00:53,124 - payments.gateway - WARN - Ulanishlar hovuzi 1343% to'lgan
2024-05-01 08:00:54,405 - api.auth - INFO - Foydalanuvchi 198 tizimga kirdi, sessiya a0832103171b
2024-05-01 08:00:59,717 - db.pool - WARN - Sekin so'rov: /api/v1/orders 2707ms chegaradan oshdi
2024-05-01 08:01:02,840 - cache.redis - INFO - Foydalanuvchi 137 tizimga kirdi, sessiya 92d2ca91f960
2024-05-01 08:01:18,576 - cache.redis - INFO - Buyurtma yaratildi id=20082 summa=562630.45
2024-05-01 08:01:20,277 - api.orders - INFO - So'rov bajarildi: POST /api/v1/users — 534ms
2024-05-01 08:01:24,396 - worker.email - ERROR - To'lov rad etildi order=24710 kod=INSUFFICIENT_FUNDS
2024-05-01 08:01:43,835 - api.auth - INFO - Foydalanuvchi 381 tizimga kirdi, sessiya a8cdf5a4ddac
2024-05-01 08:01:45,201 - db.pool - DEBUG - Cache hit key=user:532 ttl=3332s
2024-05-01 08:01:53,824 - api.orders - INFO - Foydalanuvchi 837 tizimga kirdi, sessiya 93500dcf4bfd
2024-05-01 08:01:54,488 - api.orders - DEBUG - Cache hit key=user:119 ttl=720s
2024-05-01 08:01:56,173 - api.auth - INFO - Foydalanuvchi 220 tizimga kirdi, sessiya 7ee575e091dd
2024-05-01 08:02:15,464 - db.pool - CRITICAL - Xizmat javob bermayapti: worker-604 qayta ishga tushirilmoqda
2024-05-01 08:03:15,906 - api.orders - INFO - Buyurtma yaratildi id=76792 summa=3411463.28
2024-05-01 08:03:20,534 - db.pool - INFO - Buyurtma yaratildi id=56016 summa=3662547.42
2024-05-01 08:03:53,897 - db.pool - INFO - Foydalanuvchi 838 tizimga kirdi, sessiya 9c99caf825dd
2024-05-01 08:03:56,763 - api.auth - INFO - Foydalanuvchi 59 tizimga kirdi, sessiya a3fc42c22f71
2024-05-01 08:03:59,200 - cache.redis - WARN - Ulanishlar hovuzi 645% to'lgan
2024-05-01 08:04:02,070 - api.auth - WARN - Ulanishlar hovuzi 2628% to'lgan
2024-05-01 08:04:10,566 - db.pool - INFO - Foydalanuvchi 327 tizimga kirdi, sessiya 368f7250e335
2024-05-01 08:04:21,828 - payments.gateway - INFO - So'rov bajarildi: POST /login — 1175ms
2024-05-01 08:04:23,084 - worker.email - ERROR - DB ulanishi uzildi: timeout after 3549ms host=db-761
2024-05-01 08:04:31,345 - db.pool - WARN - Sekin so'rov: /api/v1/users 4117ms chegaradan oshdi
2024-05-01 08:04:35,480 - payments.gateway - INFO - Buyurtma yaratildi id=54736 summa=644475.71
2024-05-01 08:04:44,090 - payments.gateway - DEBUG - Cache hit key=user:626 ttl=731s
2024-05-01 08:04:51,099 - worker.email - INFO - So'rov bajarildi: GET /api/v1/orders — 830ms
2024-05-01 08:04:57,177 - scheduler - DEBUG - Cache hit key=user:275 ttl=1277s
2024-05-01 08:05:08,699 - scheduler - INFO - So'rov bajarildi: GET /api/v1/users — 279ms
2024-05-01 08:05:17,437 - api.orders - DEBUG - Cache hit key=user:40 ttl=2826s
2024-05-01 08:05:25,285 - cache.redis - INFO - So'rov bajarildi: GET /api/v1/users — 2663ms
2024-05-01 08:05:34,870 - cache.redis - WARN - Ulanishlar hovuzi 942% to'lgan
2024-05-01 08:05:39,060 - cache.redis - WARN - Sekin so'rov: /api/v1/users 3888ms chegaradan oshdi
2024-05-01 08:05:43,549 - scheduler - INFO - So'rov bajarildi: POST /login — 1473ms
2024-05-01 08:05:46,122 - worker.email - ERROR - DB ulanishi uzildi: timeout after 2779ms host=db-94
2024-05-01 08:06:00,504 - worker.email - INFO - Buyurtma yaratildi id=51735 summa=2912388.06
2024-05-01 08:06:09,933 - payments.gateway - INFO - Buyurtma yaratildi id=72223 summa=1383355.29
2024-05-01 08:06:16,995 - api.auth - DEBUG - Cache hit key=user:81 ttl=2437s
2024-05-01 08:06:31,991 - cache.redis - INFO - Foydalanuvchi 512 tizimga kirdi, sessiya d5e92e193814
2024-05-01 08:06:35,962 - api.auth - WARN - Ulanishlar hovuzi 1382% to'lgan
2024-05-01 08:06:53,462 - worker.email - INFO - So'rov bajarildi: POST /login — 10ms
2024-05-01 08:07:13,518 - scheduler - INFO - So'rov bajarildi: GET /api/v1/orders — 4194ms
2024-05-01 08:07:14,893 - api.auth - INFO - Buyurtma yaratildi id=72085 summa=1104688.62
2024-05-01 08:07:20,355 - scheduler - CRITICAL - Xizmat javob bermayapti: worker-619 qayta ishga tushirilmoqda
2024-05-01 08:07:31,967 - scheduler - INFO - Buyurtma yaratildi id=92346 summa=2656041.67
2024-05-01 08:07:33,321 - api.orders - INFO - Foydalanuvchi 620 tizimga kirdi, sessiya dcb7b6fca048
2024-05-01 08:07:45,709 - worker.email - INFO - So'rov bajarildi: GET /api/v1/users — 3510ms
2024-05-01 08:07:46,902 - db.pool - INFO - Foydalanuvchi 369 tizimga kirdi, sessiya b51b2107de87
2024-05-01 08:08:01,435 - cache.redis - INFO - So'rov bajarildi: POST /api/v1/orders — 3219ms
2024-05-01 08:08:10,753 - api.orders - WARN - Sekin so'rov: /api/v1/orders 3927ms chegaradan oshdi
2024-05-01 08:08:13,767 - api.orders - INFO - Foydalanuvchi 247 tizimga kirdi, sessiya 375847b7ebc8
2024-05-01 08:08:17,882 - api.orders - INFO - Foydalanuvchi 94 tizimga kirdi, sessiya 117b854a939c
2024-05-01 08:08:20,788 - worker.email - ERROR - DB ulanishi uzildi: timeout after 2507ms host=db-776
2024-05-01 08:08:28,245 - scheduler - INFO - So'rov bajarildi: POST /api/v1/orders — 2957ms
2024-05-01 08:08:38,015 - payments.gateway - INFO - Foydalanuvchi 13 tizimga kirdi, sessiya 0be1ebff6eeb
2024-05-01 08:08:43,739 - payments.gateway - ERROR - DB ulanishi uzildi: timeout after 2828ms host=db-492
2024-05-01 08:08:48,325 - api.orders - DEBUG - Cache hit key=user:730 ttl=1488s
2024-05-01 08:08:58,792 - db.pool - INFO - Foydalanuvchi 798 tizimga kirdi, sessiya da3740e95c76
2024-05-01 08:09:04,450 - scheduler - INFO - Foydalanuvchi 419 tizimga kirdi, sessiya d365c5ba0335
2024-05-01 08:09:14,741 - scheduler - INFO - Foydalanuvchi 99 tizimga kirdi, sessiya ba7c903b0305
2024-05-01 08:09:40,162 - cache.redis - DEBUG - Cache hit key=user:681 ttl=1062s
2024-05-01 08:09:41,113 - db.pool - INFO - So'rov bajarildi: GET /api/v1/users — 2793ms
2024-05-01 08:09:50,518 - payments.gateway - INFO - Foydalanuvchi 81 tizimga kirdi, sessiya b4c7f16faee2
2024-05-01 08:10:03,693 - scheduler - ERROR - DB ulanishi uzildi: timeout after 1512ms host=db-408
2024-05-01 08:10:09,405 - api.auth - INFO - Foydalanuvchi 228 tizimga kirdi, sessiya d4401bd7d411
2024-05-01 08:10:30,837 - cache.redis - INFO - So'rov bajarildi: POST /api/v1/users — 2792ms
2024-05-01 08:10:42,310 - payments.gateway - ERROR - DB ulanishi uzildi: timeout after 1593ms host=db-590
2024-05-01 08:10:47,758 - api.orders - WARN - Sekin so'rov: /login 74ms chegaradan oshdi
2024-05-01 08:11:13,747 - api.auth - INFO - Buyurtma yaratildi id=93481 summa=3839197.13
2024-05-01 08:11:16,851 - api.auth - INFO - Buyurtma yaratildi id=77969 summa=3311834.25
2024-05-01 08:11:26,634 - db.pool - INFO - So'rov bajarildi: GET /api/v1/orders — 3272ms
2024-05-01 08:11:29,839 - worker.email - INFO - So'rov bajarildi: GET /api/v1/orders — 2045ms
2024-05-01 08:11:32,194 - scheduler - INFO - So'rov bajarildi: POST /api/v1/users — 291ms
2024-05-01 08:11:44,827 - db.pool - INFO - So'rov bajarildi: POST /api/v1/users — 984ms
2024-05-01 08:11:54,056 - cache.redis - INFO - So'rov bajarildi: POST /api/v1/orders — 1667ms
2024-05-01 08:12:04,822 - scheduler - ERROR - To'lov rad etildi order=53474 kod=INSUFFICIENT_FUNDS
2024-05-01 08:12:11,856 - scheduler - INFO - Buyurtma yaratildi id=85532 summa=2401258.33
2024-05-01 08:12:17,933 - api.auth - INFO - So'rov bajarildi: POST /login — 223ms
2024-05-01 08:12:20,350 - api.auth - ERROR - DB ulanishi uzildi: timeout after 631ms host=db-797
2024-05-01 08:12:46,893 - scheduler - DEBUG - Cache hit key=user:823 ttl=2609s
2024-05-01 08:12:54,612 - cache.redis - INFO - Buyurtma yaratildi id=35910 summa=1896147.3
2024-05-01 08:13:01,400 - scheduler - WARN - Sekin so'rov: /login 2537ms chegaradan oshdi
2024-05-01 08:13:14,097 - worker.email - INFO - So'rov bajarildi: POST /api/v1/orders — 2054ms
2024-05-01 08:13:19,737 - cache.redis - INFO - Foydalanuvchi 506 tizimga kirdi, sessiya 3d55682a5c30
2024-05-01 08:13:20,694 - api.auth - INFO - Buyurtma yaratildi id=23843 summa=493766.88
2024-05-01 08:13:39,325 - api.auth - INFO - Foydalanuvchi 59 tizimga kirdi, sessiya 84bdb90dfca2
2024-05-01 08:13:46,908 - api.auth - WARN - Sekin so'rov: /api/v1/users 3531ms chegaradan oshdi
2024-05-01 08:13:48,379 - db.pool - ERROR - DB ulanishi uzildi: timeout after 2477ms host=db-751
2024-05-01 08:13:55,466 - scheduler - ERROR - To'lov rad etildi order=18795 kod=INSUFFICIENT_FUNDS
2024-05-01 08:14:03,575 - api.auth - INFO - So'rov bajarildi: GET /login — 514ms
2024-05-01 08:14:04,262 - api.auth - ERROR - To'lov rad etildi order=92997 kod=INSUFFICIENT_FUNDS
2024-05-01 08:14:29,733 - payments.gateway - WARN - Sekin so'rov: /api/v1/orders 3210ms chegaradan oshdi
2024-05-01 08:14:44,068 - cache.redis - INFO - Buyurtma yaratildi id=52306 summa=2098763.11
2024-05-01 08:15:05,036 - api.orders - INFO - Foydalanuvchi 532 tizimga kirdi, sessiya e3cad19664b2
2024-05-01 08:15:13,545 - worker.email - INFO - Foydalanuvchi 719 tizimga kirdi, sessiya 5dce1364bfb2
2024-05-01 08:15:27,813 - scheduler - INFO - Foydalanuvchi 888 tizimga kirdi, sessiya 0ae169b97f24
2024-05-01 08:15:35,146 - api.orders - WARN - Sekin so'rov: /login 2171ms chegaradan oshdi
2024-05-01 08:15:48,785 - scheduler - INFO - So'rov bajarildi: GET /login — 4017ms
2024-05-01 08:16:00,161 - api.orders - DEBUG - Cache hit key=user:685 ttl=4173s
2024-05-01 08:16:07,641 - api.orders - INFO - Foydalanuvchi 300 tizimga kirdi, sessiya a37540991c96
2024-05-01 08:16:14,409 - api.auth - INFO - Foydalanuvchi 91 tizimga kirdi, sessiya 61b1287926d5
2024-05-01 08:16:15,127 - cache.redis - DEBUG - Cache hit key=user:384 ttl=3396s
2024-05-01 08:16:37,739 - worker.email - DEBUG - Cache hit key=user:682 ttl=3647s
2024-05-01 08:16:39,711 - db.pool - INFO - Foydalanuvchi 413 tizimga kirdi, sessiya 9ec6df56ec7d
2024-05-01 08:16:55,190 - api.orders - WARN - Ulanishlar hovuzi 2137% to'lgan
2024-05-01 08:17:22,397 - payments.gateway - INFO - Buyurtma yaratildi id=91197 summa=827916.08
2024-05-01 08:17:59,667 - scheduler - INFO - Buyurtma yaratildi id=82903 summa=2335163.18
2024-05-01 08:18:07,333 - cache.redis - INFO - Buyurtma yaratildi id=49952 summa=2823970.25
2024-05-01 08:18:12,606 - scheduler - DEBUG - Cache hit key=user:745 ttl=1972s
2024-05-01 08:18:22,830 - db.pool - WARN - Ulanishlar hovuzi 3381% to'lgan
2024-05-01 08:18:31,912 - cache.redis - INFO - So'rov bajarildi: GET /api/v1/users — 3121ms
2024-05-01 08:18:38,427 - scheduler - INFO - Foydalanuvchi 100 tizimga kirdi, sessiya 5730b040d006
2024-05-01 08:18:43,079 - api.auth - WARN - Ulanishlar hovuzi 1165% to'lgan
2024-05-01 08:18:46,602 - payments.gateway - DEBUG - Cache hit key=user:435 ttl=990s
2024-05-01 08:19:00,906 - cache.redis - DEBUG - Cache hit key=user:811 ttl=2409s
2024-05-01 08:19:06,631 - cache.redis - DEBUG - Cache hit key=user:407 ttl=2496s
2024-05-01 08:19:09,476 - worker.email - DEBUG - Cache hit key=user:298 ttl=388s
2024-05-01 08:19:12,237 - scheduler - INFO - Foydalanuvchi 94 tizimga kirdi, sessiya 315e9b659b4b
2024-05-01 08:19:23,148 - db.pool - INFO - Foydalanuvchi 356 tizimga kirdi, sessiya 566c9937b72f
2024-05-01 08:19:24,083 - api.orders - INFO - So'rov bajarildi: POST /login — 3018ms
2024-05-01 08:19:46,714 - scheduler - WARN - Sekin so'rov: /api/v1/orders 3340ms chegaradan oshdi
2024-05-01 08:20:08,838 - payments.gateway - CRITICAL - Xizmat javob bermayapti: worker-795 qayta ishga tushirilmoqda
2024-05-01 08:20:27,719 - api.orders - INFO - Foydalanuvchi 350 tizimga kirdi, sessiya cd4c8170fe05
2024-05-01 08:20:49,236 - cache.redis - INFO - Foydalanuvchi 339 tizimga kirdi, sessiya ab4a4a842ccb
2024-05-01 08:20:51,518 - scheduler - WARN - Ulanishlar hovuzi 854% to'lgan
2024-05-01 08:20:59,894 - db.pool - INFO - Foydalanuvchi 375 tizimga kirdi, sessiya 7fa8c9677936
2024-05-01 08:21:13,387 - worker.email - DEBUG - Cache hit key=user:568 ttl=1730s
2024-05-01 08:21:31,413 - db.pool - INFO - So'rov bajarildi: POST /api/v1/users — 4186ms
2024-05-01 08:21:41,923 - api.auth - INFO - Foydalanuvchi 689 tizimga kirdi, sessiya 0a2bf07e37b4
2024-05-01 08:22:05,773 - scheduler - DEBUG - Cache hit key=user:462 ttl=1698s
2024-05-01 08:22:10,352 - payments.gateway - INFO - Foydalanuvchi 49 tizimga kirdi, sessiya 09d559e8fea1
2024-05-01 08:22:31,149 - api.auth - WARN - Ulanishlar hovuzi 2089% to'lgan
2024-05-01 08:22:32,200 - worker.email - WARN - Sekin so'rov: /api/v1/users 1197ms chegaradan oshdi
2024-05-01 08:22:32,815 - cache.redis - INFO - Buyurtma yaratildi id=90385 summa=2993133.52
2024-05-01 08:22:45,798 - payments.gateway - INFO - Buyurtma yaratildi id=58424 summa=1985957.78
2024-05-01 08:23:04,835 - api.orders - INFO - Foydalanuvchi 396 tizimga kirdi, sessiya df5b91aa9e1c
2024-05-01 08:23:09,228 - cache.redis - DEBUG - Cache hit key=user:736 ttl=1206s
2024-05-01 08:23:24,593 - api.auth - DEBUG - Cache hit key=user:334 ttl=3660s
2024-05-01 08:23:45,782 - worker.email - INFO - So'rov bajarildi: GET /api/v1/users — 1725ms
2024-05-01 08:24:11,219 - api.orders - DEBUG - Cache hit key=user:888 ttl=4194s
2024-05-01 08:24:11,452 - payments.gateway - INFO - Foydalanuvchi 62 tizimga kirdi, sessiya 5d5f833b5ad2
2024-05-01 08:24:18,718 - scheduler - INFO - So'rov bajarildi: GET /login — 3024ms
2024-05-01 08:24:25,599 - api.orders - INFO - Buyurtma yaratildi id=39227 summa=2478062.35
2024-05-01 08:24:29,539 - worker.email - INFO - Foydalanuvchi 203 tizimga kirdi, sessiya 6961d21d8b46
2024-05-01 08:24:42,028 - db.pool - ERROR - To'lov rad etildi order=73886 kod=INSUFFICIENT_FUNDS
2024-05-01 08:24:57,082 - payments.gateway - INFO - So'rov bajarildi: POST /api/v1/users — 1442ms
2024-05-01 08:25:02,066 - worker.email - INFO - Buyurtma yaratildi id=11069 summa=2224290.47
2024-05-01 08:25:10,829 - payments.gateway - INFO - Foydalanuvchi 123 tizimga kirdi, sessiya e3211d96510e
2024-05-01 08:25:13,550 - db.pool - ERROR - To'lov rad etildi order=96895 kod=INSUFFICIENT_FUNDS
2024-05-01 08:25:19,227 - cache.redis - ERROR - DB ulanishi uzildi: timeout after 2139ms host=db-455
2024-05-01 08:25:22,759 - api.auth - WARN - Ulanishlar hovuzi 1621% to'lgan
2024-05-01 08:25:23,200 - scheduler - WARN - Ulanishlar hovuzi 3034% to'lgan
2024-05-01 08:25:27,259 - api.orders - INFO - Buyurtma yaratildi id=86199 summa=398721.42
2024-05-01 08:25:27,420 - worker.email - INFO - So'rov bajarildi: POST /api/v1/users — 575ms
2024-05-01 08:25:29,005 - payments.gateway - DEBUG - Cache hit key=user:723 ttl=2008s
2024-05-01 08:25:50,747 - payments.gateway - DEBUG - Cache hit key=user:480 ttl=2454s
2024-05-01 08:26:01,469 - worker.email - ERROR - DB ulanishi uzildi: timeout after 3787ms host=db-99
2024-05-01 08:26:01,811 - api.orders - INFO - So'rov bajarildi: GET /api/v1/users — 4162ms
2024-05-01 08:26:16,770 - db.pool - ERROR - DB ulanishi uzildi: timeout after 4186ms host=db-307
2024-05-01 08:26:42,933 - scheduler - DEBUG - Cache hit key=user:466 ttl=3630s
2024-05-01 08:26:43,102 - worker.email - INFO - So'rov bajarildi: GET /api/v1/users — 3267ms
2024-05-01 08:26:44,443 - db.pool - INFO - Foydalanuvchi 59 tizimga kirdi, sessiya 7c7448049757
2024-05-01 08:26:53,002 - worker.email - INFO - So'rov bajarildi: GET /api/v1/orders — 703ms
2024-05-01 08:26:57,411 - scheduler - INFO - So'rov bajarildi: GET /api/v1/orders — 3616ms
2024-05-01 08:27:06,479 - db.pool - INFO - So'rov bajarildi: GET /login — 3008ms
2024-05-01 08:27:12,770 - payments.gateway - INFO - Buyurtma yaratildi id=34259 summa=552605.99
2024-05-01 08:27:14,989 - payments.gateway - INFO - So'rov bajarildi: POST /api/v1/users — 3624ms
2024-05-01 08:27:19,844 - payments.gateway - INFO - So'rov bajarildi: GET /login — 2628ms
2024-05-01 08:27:34,260 - payments.gateway - DEBUG - Cache hit key=user:439 ttl=1215s
2024-05-01 08:27:39,880 - scheduler - INFO - So'rov bajarildi: GET /login — 137ms
2024-05-01 08:27:47,685 - payments.gateway - INFO - So'rov bajarildi: POST /api/v1/users — 1420ms
2024-05-01 08:28:09,002 - db.pool - INFO - So'rov bajarildi: POST /login — 2856ms
2024-05-01 08:28:11,314 - scheduler - INFO - So'rov bajarildi: GET /login — 1599ms
2024-05-01 08:28:21,171 - cache.redis - INFO - Foydalanuvchi 457 tizimga kirdi, sessiya 9912f815f2d3
2024-05-01 08:29:05,601 - api.orders - INFO - So'rov bajarildi: GET /api/v1/users — 382ms
2024-05-01 08:29:21,305 - scheduler - INFO - So'rov bajarildi: POST /api/v1/orders — 4058ms
2024-05-01 08:29:26,720 - api.auth - INFO - So'rov bajarildi: GET /api/v1/orders — 1105ms
2024-05-01 08:29:44,016 - cache.redis - INFO - So'rov bajarildi: GET /api/v1/orders — 1233ms
2024-05-01 08:29:46,216 - api.auth - WARN - Sekin so'rov: /api/v1/users 649ms chegaradan oshdi
2024-05-01 08:29:57,406 - api.orders - INFO - Buyurtma yaratildi id=14463 summa=361057.01
2024-05-01 08:30:10,747 - payments.gateway - INFO - Buyurtma yaratildi id=90506 summa=2900291.89
2024-05-01 08:30:15,390 - api.auth - WARN - Sekin so'rov: /api/v1/orders 3445ms chegaradan oshdi
2024-05-01 08:30:27,023 - api.auth - INFO - So'rov bajarildi: POST /api/v1/users — 2633ms
2024-05-01 08:30:30,987 - db.pool - INFO - Buyurtma yaratildi id=26675 summa=3313894.98
2024-05-01 08:30:37,882 - worker.email - INFO - Buyurtma yaratildi id=96517 summa=1635164.72
2024-05-01 08:30:39,480 - cache.redis - INFO - Foydalanuvchi 331 tizimga kirdi, sessiya f83fd4727e63
2024-05-01 08:31:37,543 - worker.email - INFO - So'rov bajarildi: POST /login — 3645ms
2024-05-01 08:31:39,391 - api.orders - INFO - So'rov bajarildi: POST /api/v1/users — 2170ms
2024-05-01 08:31:46,826 - cache.redis - DEBUG - Cache hit key=user:357 ttl=3296s
2024-05-01 08:31:58,040 - api.orders - DEBUG - Cache hit key=user:531 ttl=622s
2024-05-01 08:32:06,257 - api.auth - INFO - Foydalanuvchi 457 tizimga kirdi, sessiya 19c63ff66acb
2024-05-01 08:32:08,564 - cache.redis - INFO - So'rov bajarildi: GET /api/v1/users — 3289ms
2024-05-01 08:32:16,420 - cache.redis - WARN - Sekin so'rov: /api/v1/orders 139ms chegaradan oshdi
2024-05-01 08:32:17,777 - api.orders - CRITICAL - Xizmat javob bermayapti: worker-854 qayta ishga tushirilmoqda
2024-05-01 08:32:17,870 - payments.gateway - WARN - Ulanishlar hovuzi 3569% to'lgan
2024-05-01 08:32:26,263 - db.pool - INFO - Foydalanuvchi 396 tizimga kirdi, sessiya ffcebcb58679
2024-05-01 08:32:43,683 - payments.gateway - INFO - Foydalanuvchi 129 tizimga kirdi, sessiya 5f1ecd5789f9
2024-05-01 08:32:58,941 - payments.gateway - INFO - Foydalanuvchi 819 tizimga kirdi, sessiya e59951d32108
2024-05-01 08:33:03,015 - payments.gateway - INFO - Foydalanuvchi 807 tizimga kirdi, sessiya ed2e15d35116
2024-05-01 08:33:07,662 - api.orders - DEBUG - Cache hit key=user:855 ttl=448s
2024-05-01 08:33:08,933 - scheduler - DEBUG - Cache hit key=user:808 ttl=1284s
2024-05-01 08:33:14,957 - worker.email - WARN - Sekin so'rov: /api/v1/users 318ms chegaradan oshdi
2024-05-01 08:33:43,056 - payments.gateway - INFO - So'rov bajarildi: GET /api/v1/orders — 2727ms
2024-05-01 08:33:43,202 - api.orders - INFO - So'rov bajarildi: POST /api/v1/orders — 3154ms
2024-05-01 08:33:56,372 - db.pool - INFO - Buyurtma yaratildi id=49809 summa=1423075.94
2024-05-01 08:34:06,112 - api.orders - DEBUG - Cache hit key=user:736 ttl=3748s
2024-05-01 08:34:06,671 - api.orders - INFO - So'rov bajarildi: POST /login — 2665ms
2024-05-01 08:34:22,686 - db.pool - INFO - Buyurtma yaratildi id=12559 summa=1921801.97
2024-05-01 08:34:35,160 - db.pool - INFO - So'rov bajarildi: GET /api/v1/orders — 1666ms
2024-05-01 08:34:37,601 - worker.email - INFO - Foydalanuvchi 8 tizimga kirdi, sessiya bddb55621284
2024-05-01 08:34:46,833 - api.auth - INFO - Foydalanuvchi 597 tizimga kirdi, sessiya 7c85841450bd
2024-05-01 08:34:52,308 - cache.redis - INFO - So'rov bajarildi: POST /login — 3393ms
2024-05-01 08:34:57,139 - worker.email - ERROR - To'lov rad etildi order=44735 kod=INSUFFICIENT_FUNDS
2024-05-01 08:35:06,384 - scheduler - ERROR - To'lov rad etildi order=68095 kod=INSUFFICIENT_FUNDS
2024-05-01 08:35:07,802 - payments.gateway - INFO - Foydalanuvchi 840 tizimga kirdi, sessiya 4fa8a373ee0d
2024-05-01 08:35:13,829 - worker.email - DEBUG - Cache hit key=user:638 ttl=3736s
2024-05-01 08:35:15,920 - cache.redis - INFO - So'rov bajarildi: GET /api/v1/users — 1427ms
2024-05-01 08:35:16,243 - payments.gateway - WARN - Sekin so'rov: /login 3437ms chegaradan oshdi
2024-05-01 08:35:21,090 - api.auth - INFO - So'rov bajarildi: POST /login — 1279ms
2024-05-01 08:35:22,339 - payments.gateway - DEBUG - Cache hit key=user:195 ttl=1288s
2024-05-01 08:35:37,425 - api.orders - INFO - So'rov bajarildi: GET /api/v1/users — 3196ms
2024-05-01 08:35:45,852 - db.pool - INFO - So'rov bajarildi: POST /login — 2448ms
2024-05-01 08:35:46,960 - worker.email - INFO - Foydalanuvchi 723 tizimga kirdi, sessiya b693b37f8d4c
2024-05-01 08:35:48,239 - db.pool - INFO - So'rov bajarildi: GET /api/v1/orders — 605ms
2024-05-01 08:36:00,363 - cache.redis - INFO - Buyurtma yaratildi id=20918 summa=1070191.96
2024-05-01 08:36:10,639 - db.pool - DEBUG - Cache hit key=user:354 ttl=1565s
2024-05-01 08:36:17,995 - api.orders - INFO - Buyurtma yaratildi id=57029 summa=1230193.39
2024-05-01 08:36:37,965 - api.auth - ERROR - To'lov rad etildi order=73315 kod=INSUFFICIENT_FUNDS
2024-05-01 08:36:42,478 - db.pool - INFO - Foydalanuvchi 590 tizimga kirdi, sessiya f967a4ae774d
2024-05-01 08:36:59,629 - api.auth - INFO - Buyurtma yaratildi id=28020 summa=3499538.01
2024-05-01 08:37:04,504 - payments.gateway - INFO - So'rov bajarildi: POST /login — 3406ms
2024-05-01 08:37:06,671 - worker.email - INFO - Foydalanuvchi 692 tizimga kirdi, sessiya e82a9b952072
2024-05-01 08:37:15,315 - db.pool - INFO - Buyurtma yaratildi id=18225 summa=473755.37
2024-05-01 08:37:22,875 - api.auth - INFO - So'rov bajarildi: GET /api/v1/orders — 256ms
2024-05-01 08:37:25,612 - db.pool - DEBUG - Cache hit key=user:408 ttl=3161s
2024-05-01 08:37:28,830 - cache.redis - INFO - So'rov bajarildi: POST /login — 1169ms
2024-05-01 08:37:29,238 - scheduler - INFO - Foydalanuvchi 786 tizimga kirdi, sessiya bae38b64d847
2024-05-01 08:37:59,121 - payments.gateway - INFO - Buyurtma yaratildi id=38982 summa=3265337.92
2024-05-01 08:37:59,135 - cache.redis - INFO - So'rov bajarildi: POST /api/v1/orders — 3278ms
2024-05-01 08:38:00,522 - api.orders - INFO - So'rov bajarildi: POST /login — 2477ms
2024-05-01 08:38:06,489 - scheduler - INFO - So'rov bajarildi: GET /login — 2897ms
2024-05-01 08:38:18,258 - worker.email - INFO - So'rov bajarildi: GET /api/v1/users — 1100ms
2024-05-01 08:38:23,401 - api.orders - INFO - Foydalanuvchi 202 tizimga kirdi, sessiya 332aa66bf042
2024-05-01 08:38:39,581 - api.auth - DEBUG - Cache hit key=user:581 ttl=4064s
2024-05-01 08:38:40,821 - cache.redis - WARN - Sekin so'rov: /login 3340ms chegaradan oshdi
2024-05-01 08:38:43,956 - scheduler - INFO - Foydalanuvchi 573 tizimga kirdi, sessiya e9f831deea75
2024-05-01 08:38:44,536 - cache.redis - INFO - Foydalanuvchi 187 tizimga kirdi, sessiya 339840fedc3e
2024-05-01 08:39:15,034 - cache.redis - ERROR - DB ulanishi uzildi: timeout after 1834ms host=db-471
2024-05-01 08:39:22,927 - db.pool - ERROR - DB ulanishi uzildi: timeout after 867ms host=db-50
2024-05-01 08:39:29,967 - api.orders - INFO - Foydalanuvchi 178 tizimga kirdi, sessiya cc8fe4cdf72d
2024-05-01 08:39:30,559 - payments.gateway - INFO - So'rov bajarildi: POST /api/v1/users — 1545ms
2024-05-01 08:39:46,914 - payments.gateway - INFO - So'rov bajarildi: POST /login — 729ms
2024-05-01 08:39:57,807 - scheduler - INFO - So'rov bajarildi: GET /login — 40ms
2024-05-01 08:40:05,703 - payments.gateway - WARN - Sekin so'rov: /login 2700ms chegaradan oshdi
2024-05-01 08:40:12,497 - payments.gateway - INFO - So'rov bajarildi: GET /login — 2248ms
2024-05-01 08:40:13,592 - db.pool - INFO - Foydalanuvchi 796 tizimga kirdi, sessiya a667dd77c1b9
2024-05-01 08:40:19,355 - scheduler - DEBUG - Cache hit key=user:643 ttl=1584s
2024-05-01 08:40:32,663 - cache.redis - DEBUG - Cache hit key=user:851 ttl=3640s
2024-05-01 08:40:39,529 - api.auth - INFO - Foydalanuvchi 10 tizimga kirdi, sessiya 55d9f5e82779
2024-05-01 08:40:43,599 - worker.email - INFO - Foydalanuvchi 769 tizimga kirdi, sessiya bf4ce329b0df
2024-05-01 08:41:12,909 - db.pool - CRITICAL - Xizmat javob bermayapti: worker-688 qayta ishga tushirilmoqda
2024-05-01 08:41:29,876 - db.pool - WARN - Ulanishlar hovuzi 2411% to'lgan
2024-05-01 08:42:04,166 - db.pool - INFO - Buyurtma yaratildi id=45177 summa=2678528.92
2024-05-01 08:42:08,607 - api.auth - CRITICAL - Xizmat javob bermayapti: worker-714 qayta ishga tushirilmoqda
2024-05-01 08:42:24,279 - payments.gateway - DEBUG - Cache hit key=user:493 ttl=923s
2024-05-01 08:42:26,129 - api.orders - INFO - So'rov bajarildi: GET /api/v1/users — 2254ms
2024-05-01 08:42:52,244 - scheduler - INFO - So'rov bajarildi: POST /api/v1/users — 3507ms
2024-05-01 08:42:55,916 - scheduler - DEBUG - Cache hit key=user:855 ttl=3658s
2024-05-01 08:43:01,880 - worker.email - WARN - Sekin so'rov: /api/v1/users 2085ms chegaradan oshdi
2024-05-01 08:43:24,845 - scheduler - INFO - So'rov bajarildi: GET /api/v1/orders — 1976ms
2024-05-01 08:43:30,439 - cache.redis - DEBUG - Cache hit key=user:66 ttl=702s
2024-05-01 08:43:36,684 - worker.email - ERROR - DB ulanishi uzildi: timeout after 3220ms host=db-71
2024-05-01 08:44:09,697 - cache.redis - INFO - So'rov bajarildi: POST /api/v1/orders — 4014ms
2024-05-01 08:44:16,958 - cache.redis - INFO - Foydalanuvchi 262 tizimga kirdi, sessiya 6966f597ac84
2024-05-01 08:44:26,775 - db.pool - INFO - So'rov bajarildi: POST /login — 2490ms
2024-05-01 08:44:33,929 - api.auth - INFO - Foydalanuvchi 180 tizimga kirdi, sessiya f51a0e1dab73
2024-05-01 08:44:36,265 - cache.redis - DEBUG - Cache hit key=user:486 ttl=1122s
2024-05-01 08:44:36,670 - payments.gateway - INFO - So'rov bajarildi: POST /api/v1/users — 2860ms
2024-05-01 08:44:39,973 - api.orders - INFO - So'rov bajarildi: GET /login — 3371ms
2024-05-01 08:44:47,369 - api.auth - INFO - So'rov bajarildi: GET /api/v1/users — 3072ms
2024-05-01 08:44:52,621 - worker.email - ERROR - DB ulanishi uzildi: timeout after 4126ms host=db-231
2024-05-01 08:44:57,906 - payments.gateway - INFO - So'rov bajarildi: POST /api/v1/orders — 2950ms
2024-05-01 08:44:59,957 - cache.redis - ERROR - To'lov rad etildi order=37283 kod=INSUFFICIENT_FUNDS
2024-05-01 08:45:00,215 - scheduler - INFO - So'rov bajarildi: POST /login — 802ms
2024-05-01 08:45:03,333 - worker.email - INFO - Foydalanuvchi 614 tizimga kirdi, sessiya 0574ee504b68
2024-05-01 08:45:14,189 - scheduler - INFO - So'rov bajarildi: POST /api/v1/users — 1084ms
2024-05-01 08:45:16,672 - worker.email - INFO - Buyurtma yaratildi id=18396 summa=3230854.01
2024-05-01 08:45:27,003 - cache.redis - INFO - Foydalanuvchi 821 tizimga kirdi, sessiya 3407151b70f5
2024-05-01 08:45:28,077 - api.orders - INFO - Foydalanuvchi 606 tizimga kirdi, sessiya 3f0b566a4641
2024-05-01 08:45:49,841 - api.auth - INFO - So'rov bajarildi: GET /api/v1/orders — 3100ms
2024-05-01 08:45:53,407 - api.auth - WARN - Ulanishlar hovuzi 2168% to'lgan
2024-05-01 08:46:03,345 - cache.redis - CRITICAL - Xizmat javob bermayapti: worker-734 qayta ishga tushirilmoqda
2024-05-01 08:46:14,125 - scheduler - INFO - So'rov bajarildi: GET /api/v1/orders — 1593ms
2024-05-01 08:46:15,999 - db.pool - DEBUG - Cache hit key=user:868 ttl=2070s
2024-05-01 08:46:35,254 - worker.email - WARN - Sekin so'rov: /api/v1/orders 1361ms chegaradan oshdi
2024-05-01 08:46:37,944 - scheduler - INFO - Foydalanuvchi 769 tizimga kirdi, sessiya 72c313a3a81b
2024-05-01 08:46:45,869 - scheduler - INFO - So'rov bajarildi: POST /api/v1/orders — 1531ms
2024-05-01 08:46:54,668 - scheduler - DEBUG - Cache hit key=user:148 ttl=1508s
2024-05-01 08:46:56,300 - payments.gateway - INFO - Foydalanuvchi 123 tizimga kirdi, sessiya e873ef0c4917
2024-05-01 08:47:01,451 - worker.email - INFO - So'rov bajarildi: POST /api/v1/users — 3030ms
2024-05-01 08:47:12,043 - api.auth - CRITICAL - Xizmat javob bermayapti: worker-605 qayta ishga tushirilmoqda
2024-05-01 08:47:25,119 - worker.email - INFO - So'rov bajarildi: GET /api/v1/users — 3005ms
2024-05-01 08:47:26,730 - api.orders - ERROR - To'lov rad etildi order=40963 kod=INSUFFICIENT_FUNDS
2024-05-01 08:47:29,928 - api.auth - ERROR - DB ulanishi uzildi: timeout after 2652ms host=db-660
2024-05-01 08:47:34,188 - db.pool - ERROR - DB ulanishi uzildi: timeout after 3101ms host=db-237
2024-05-01 08:47:47,328 - api.auth - INFO - So'rov bajarildi: POST /login — 1246ms
2024-05-01 08:47:48,284 - scheduler - INFO - So'rov bajarildi: GET /api/v1/orders — 1051ms
2024-05-01 08:47:51,788 - api.auth - CRITICAL - Xizmat javob bermayapti: worker-202 qayta ishga tushirilmoqda
2024-05-01 08:48:01,043 - scheduler - WARN - Sekin so'rov: /api/v1/orders 2707ms chegaradan oshdi
2024-05-01 08:48:42,579 - worker.email - DEBUG - Cache hit key=user:354 ttl=1060s
2024-05-01 08:49:04,748 - api.orders - INFO - Buyurtma yaratildi id=50736 summa=314096.7
2024-05-01 08:49:18,323 - payments.gateway - INFO - Foydalanuvchi 357 tizimga kirdi, sessiya 42d174f86607
2024-05-01 08:49:23,696 - cache.redis - INFO - Buyurtma yaratildi id=80874 summa=2245163.74
2024-05-01 08:49:28,457 - api.orders - INFO - Buyurtma yaratildi id=51487 summa=1800752.07
2024-05-01 08:49:39,229 - scheduler - ERROR - To'lov rad etildi order=35975 kod=INSUFFICIENT_FUNDS
2024-05-01 08:49:48,998 - scheduler - INFO - So'rov bajarildi: POST /login — 1022ms
2024-05-01 08:49:49,331 - scheduler - INFO - Buyurtma yaratildi id=31045 summa=3160155.45
2024-05-01 08:50:01,684 - worker.email - INFO - Foydalanuvchi 623 tizimga kirdi, sessiya ce50c9bc842c
2024-05-01 08:50:06,441 - payments.gateway - INFO - So'rov bajarildi: POST /api/v1/users — 3205ms
2024-05-01 08:50:25,976 - cache.redis - DEBUG - Cache hit key=user:305 ttl=1421s
2024-05-01 08:50:29,296 - scheduler - WARN - Ulanishlar hovuzi 633% to'lgan
2024-05-01 08:50:29,493 - api.auth - INFO - So'rov bajarildi: GET /api/v1/users — 2683ms
2024-05-01 08:50:34,035 - db.pool - WARN - Ulanishlar hovuzi 86% to'lgan
2024-05-01 08:50:35,619 - cache.redis - DEBUG - Cache hit key=user:200 ttl=455s
2024-05-01 08:50:44,142 - api.orders - ERROR - DB ulanishi uzildi: timeout after 1067ms host=db-726
2024-05-01 08:51:19,286 - scheduler - DEBUG - Cache hit key=user:444 ttl=835s
2024-05-01 08:51:27,116 - scheduler - CRITICAL - Xizmat javob bermayapti: worker-711 qayta ishga tushirilmoqda
2024-05-01 08:51:31,690 - cache.redis - INFO - So'rov bajarildi: POST /api/v1/users — 2785ms
2024-05-01 08:51:32,235 - api.orders - INFO - Foydalanuvchi 280 tizimga kirdi, sessiya e94e163b247f
2024-05-01 08:51:36,633 - worker.email - ERROR - DB ulanishi uzildi: timeout after 1042ms host=db-621
2024-05-01 08:51:38,142 - payments.gateway - INFO - Buyurtma yaratildi id=59625 summa=3677740.88
2024-05-01 08:52:12,006 - worker.email - INFO - Foydalanuvchi 512 tizimga kirdi, sessiya bb8b17fd0d83
2024-05-01 08:52:21,832 - db.pool - INFO - So'rov bajarildi: POST /login — 1938ms
2024-05-01 08:52:25,028 - payments.gateway - INFO - Foydalanuvchi 709 tizimga kirdi, sessiya 71c92f92acae
2024-05-01 08:52:29,378 - api.orders - ERROR - To'lov rad etildi order=73564 kod=INSUFFICIENT_FUNDS
2024-05-01 08:52:33,048 - payments.gateway - INFO - So'rov bajarildi: GET /api/v1/orders — 3393ms
2024-05-01 08:52:33,904 - scheduler - INFO - So'rov bajarildi: GET /login — 2939ms
2024-05-01 08:52:33,913 - cache.redis - INFO - Foydalanuvchi 393 tizimga kirdi, sessiya 91702d168714
2024-05-01 08:52:48,103 - cache.redis - INFO - So'rov bajarildi: POST /api/v1/users — 1158ms
2024-05-01 08:52:51,342 - db.pool - ERROR - DB ulanishi uzildi: timeout after 1557ms host=db-210
2024-05-01 08:53:02,884 - cache.redis - INFO - So'rov bajarildi: GET /login — 2398ms
2024-05-01 08:53:04,478 - cache.redis - ERROR - To'lov rad etildi order=26292 kod=INSUFFICIENT_FUNDS
2024-05-01 08:53:09,678 - scheduler - INFO - So'rov bajarildi: GET /api/v1/orders — 1926ms
2024-05-01 08:53:09,699 - payments.gateway - INFO - So'rov bajarildi: POST /api/v1/orders — 3858ms
2024-05-01 08:53:23,175 - scheduler - WARN - Ulanishlar hovuzi 4009% to'lgan
2024-05-01 08:53:46,788 - payments.gateway - INFO - So'rov bajarildi: GET /login — 696ms
2024-05-01 08:53:52,883 - worker.email - INFO - Buyurtma yaratildi id=86664 summa=2853272.07
2024-05-01 08:54:33,531 - db.pool - INFO - So'rov bajarildi: GET /api/v1/users — 3060ms
2024-05-01 08:54:50,903 - api.auth - INFO - Foydalanuvchi 263 tizimga kirdi, sessiya 97ce41284f66
2024-05-01 08:54:52,021 - scheduler - ERROR - DB ulanishi uzildi: timeout after 4187ms host=db-608
2024-05-01 08:54:59,323 - api.orders - ERROR - DB ulanishi uzildi: timeout after 705ms host=db-809
2024-05-01 08:55:04,665 - cache.redis - INFO - Foydalanuvchi 90 tizimga kirdi, sessiya 196d760c5be8
2024-05-01 08:55:19,841 - api.orders - WARN - Sekin so'rov: /api/v1/users 3062ms chegaradan oshdi
2024-05-01 08:55:24,618 - api.auth - INFO - Foydalanuvchi 123 tizimga kirdi, sessiya de89f7ece884
2024-05-01 08:55:26,328 - worker.email - ERROR - To'lov rad etildi order=68777 kod=INSUFFICIENT_FUNDS
2024-05-01 08:55:38,268 - api.orders - INFO - So'rov bajarildi: GET /api/v1/orders — 1092ms
2024-05-01 08:56:15,581 - payments.gateway - INFO - Buyurtma yaratildi id=67318 summa=3527740.41
2024-05-01 08:56:15,681 - api.auth - DEBUG - Cache hit key=user:473 ttl=3760s
2024-05-01 08:56:22,327 - api.auth - INFO - Foydalanuvchi 885 tizimga kirdi, sessiya 9bed14569465
2024-05-01 08:56:34,047 - payments.gateway - INFO - So'rov bajarildi: POST /api/v1/orders — 2112ms
2024-05-01 08:56:34,227 - worker.email - WARN - Sekin so'rov: /api/v1/orders 2973ms chegaradan oshdi
2024-05-01 08:56:46,518 - cache.redis - INFO - So'rov bajarildi: POST /login — 294ms
2024-05-01 08:56:52,781 - worker.email - INFO - So'rov bajarildi: GET /api/v1/orders — 2903ms
2024-05-01 08:57:21,933 - payments.gateway - INFO - So'rov bajarildi: POST /api/v1/users — 1634ms
2024-05-01 08:57:35,257 - payments.gateway - DEBUG - Cache hit key=user:198 ttl=2710s
2024-05-01 08:57:40,030 - scheduler - INFO - Buyurtma yaratildi id=69190 summa=1429171.65
2024-05-01 08:58:19,966 - scheduler - INFO - Foydalanuvchi 102 tizimga kirdi, sessiya 6128e79ff4b8
2024-05-01 08:58:34,029 - cache.redis - INFO - Buyurtma yaratildi id=40050 summa=877664.09
2024-05-01 08:58:36,840 - worker.email - ERROR - To'lov rad etildi order=93157 kod=INSUFFICIENT_FUNDS
2024-05-01 08:58:47,915 - worker.email - INFO - Foydalanuvchi 293 tizimga kirdi, sessiya b74790b41d87
2024-05-01 08:58:55,735 - payments.gateway - INFO - So'rov bajarildi: POST /api/v1/users — 3340ms
2024-05-01 08:59:07,155 - worker.email - INFO - So'rov bajarildi: GET /api/v1/users — 397ms
2024-05-01 08:59:25,507 - api.auth - INFO - Buyurtma yaratildi id=54220 summa=1459719.3
2024-05-01 08:59:30,824 - payments.gateway - WARN - Sekin so'rov: /api/v1/users 2829ms chegaradan oshdi
2024-05-01 08:59:38,006 - api.orders - INFO - So'rov bajarildi: GET /api/v1/users — 2105ms
2024-05-01 09:00:07,078 - api.orders - INFO - Foydalanuvchi 679 tizimga kirdi, sessiya 3cf1082da535
2024-05-01 09:00:18,369 - db.pool - INFO - So'rov bajarildi: GET /api/v1/orders — 1979ms
2024-05-01 09:00:25,836 - payments.gateway - DEBUG - Cache hit key=user:142 ttl=1386s
2024-05-01 09:00:26,805 - db.pool - WARN - Ulanishlar hovuzi 2633% to'lgan
2024-05-01 09:00:45,566 - cache.redis - INFO - Foydalanuvchi 617 tizimga kirdi, sessiya 9305ef43298a
2024-05-01 09:00:57,818 - payments.gateway - INFO - Foydalanuvchi 1 tizimga kirdi, sessiya 0d9d45d13aca
2024-05-01 09:00:59,349 - api.auth - INFO - So'rov bajarildi: POST /api/v1/users — 3755ms
2024-05-01 09:01:02,307 - cache.redis - CRITICAL - Xizmat javob bermayapti: worker-520 qayta ishga tushirilmoqda
2024-05-01 09:01:43,405 - db.pool - INFO - So'rov bajarildi: GET /login — 706ms
2024-05-01 09:01:45,616 - db.pool - INFO - Foydalanuvchi 216 tizimga kirdi, sessiya 344f6cfc17a5
2024-05-01 09:01:48,601 - payments.gateway - INFO - So'rov bajarildi: POST /api/v1/users — 2743ms
2024-05-01 09:01:52,918 - api.auth - ERROR - DB ulanishi uzildi: timeout after 2766ms host=db-486
2024-05-01 09:02:01,988 - payments.gateway - INFO - So'rov bajarildi: POST /api/v1/orders — 3507ms
2024-05-01 09:02:06,696 - payments.gateway - INFO - Foydalanuvchi 762 tizimga kirdi, sessiya 9137a6e51db1
2024-05-01 09:02:48,439 - payments.gateway - CRITICAL - Xizmat javob bermayapti: worker-525 qayta ishga tushirilmoqda
2024-05-01 09:02:56,748 - worker.email - INFO - So'rov bajarildi: GET /api/v1/orders — 3380ms
2024-05-01 09:03:01,358 - worker.email - INFO - Buyurtma yaratildi id=97158 summa=826115.23
2024-05-01 09:03:07,455 - api.auth - WARN - Sekin so'rov: /api/v1/users 2775ms chegaradan oshdi
2024-05-01 09:03:14,993 - db.pool - INFO - Foydalanuvchi 461 tizimga kirdi, sessiya 922747334d1c
2024-05-01 09:04:02,013 - api.auth - INFO - Foydalanuvchi 681 tizimga kirdi, sessiya dd78e6d98904
2024-05-01 09:04:05,092 - api.auth - DEBUG - Cache hit key=user:854 ttl=188s
2024-05-01 09:04:05,094 - worker.email - INFO - So'rov bajarildi: GET /login — 2538ms
2024-05-01 09:04:14,426 - db.pool - DEBUG - Cache hit key=user:134 ttl=1683s
2024-05-01 09:04:20,511 - payments.gateway - ERROR - DB ulanishi uzildi: timeout after 1647ms host=db-708
2024-05-01 09:04:33,909 - scheduler - INFO - So'rov bajarildi: POST /api/v1/users — 1425ms
2024-05-01 09:04:35,627 - payments.gateway - INFO - So'rov bajarildi: GET /api/v1/users — 1190ms
2024-05-01 09:04:38,901 - cache.redis - INFO - So'rov bajarildi: POST /login — 2017ms
2024-05-01 09:05:10,590 - payments.gateway - INFO - Foydalanuvchi 778 tizimga kirdi, sessiya 80849123306c
2024-05-01 09:05:15,324 - db.pool - INFO - Foydalanuvchi 380 tizimga kirdi, sessiya d5e575424455
2024-05-01 09:05:19,770 - scheduler - INFO - Foydalanuvchi 675 tizimga kirdi, sessiya 074103b5a13c
2024-05-01 09:05:20,598 - worker.email - INFO - Buyurtma yaratildi id=55149 summa=3947416.9
2024-05-01 09:05:22,146 - scheduler - INFO - Foydalanuvchi 348 tizimga kirdi, sessiya f015b4c9c465
2024-05-01 09:05:24,830 - worker.email - DEBUG - Cache hit key=user:364 ttl=2465s
2024-05-01 09:05:27,502 - api.auth - WARN - Sekin so'rov: /api/v1/users 3797ms chegaradan oshdi
2024-05-01 09:05:29,212 - worker.email - INFO - So'rov bajarildi: POST /api/v1/users — 3494ms
2024-05-01 09:05:38,052 - payments.gateway - INFO - So'rov bajarildi: POST /api/v1/orders — 216ms
2024-05-01 09:05:50,200 - scheduler - INFO - Buyurtma yaratildi id=94351 summa=2841620.57
2024-05-01 09:06:20,194 - db.pool - INFO - Foydalanuvchi 23 tizimga kirdi, sessiya 36a0baa2796b
2024-05-01 09:06:26,005 - api.auth - INFO - Foydalanuvchi 199 tizimga kirdi, sessiya 5e36efe00ea9
2024-05-01 09:06:34,270 - scheduler - ERROR - To'lov rad etildi order=92654 kod=INSUFFICIENT_FUNDS
2024-05-01 09:06:35,220 - api.auth - INFO - So'rov bajarildi: GET /api/v1/orders — 2322ms
2024-05-01 09:07:10,205 - api.orders - WARN - Sekin so'rov: /api/v1/users 2244ms chegaradan oshdi
2024-05-01 09:07:13,998 - api.auth - INFO - Foydalanuvchi 485 tizimga kirdi, sessiya e864b663645b
2024-05-01 09:07:16,805 - cache.redis - WARN - Sekin so'rov: /api/v1/users 2035ms chegaradan oshdi
2024-05-01 09:07:19,485 - worker.email - INFO - So'rov bajarildi: GET /api/v1/orders — 3764ms
2024-05-01 09:07:20,310 - cache.redis - INFO - Buyurtma yaratildi id=40773 summa=800836.89
2024-05-01 09:07:25,029 - cache.redis - INFO - So'rov bajarildi: POST /api/v1/orders — 916ms
2024-05-01 09:07:55,133 - worker.email - INFO - So'rov bajarildi: POST /login — 1922ms
2024-05-01 09:08:06,209 - payments.gateway - INFO - Foydalanuvchi 522 tizimga kirdi, sessiya 4f401773bb2c
2024-05-01 09:08:23,874 - payments.gateway - INFO - Foydalanuvchi 640 tizimga kirdi, sessiya 63b91250acda
2024-05-01 09:08:55,054 - worker.email - DEBUG - Cache hit key=user:584 ttl=4116s
2024-05-01 09:09:33,497 - payments.gateway - INFO - Foydalanuvchi 133 tizimga kirdi, sessiya eda7e0bd513a
2024-05-01 09:09:34,291 - api.auth - INFO - So'rov bajarildi: POST /api/v1/users — 194ms
2024-05-01 09:09:41,105 - worker.email - INFO - Buyurtma yaratildi id=51081 summa=3870024.62
2024-05-01 09:09:45,992 - scheduler - INFO - So'rov bajarildi: GET /api/v1/users — 53ms
2024-05-01 09:09:50,469 - scheduler - INFO - So'rov bajarildi: POST /login — 303ms
2024-05-01 09:10:01,241 - scheduler - INFO - Buyurtma yaratildi id=74058 summa=2899152.22
2024-05-01 09:10:06,735 - payments.gateway - CRITICAL - Xizmat javob bermayapti: worker-269 qayta ishga tushirilmoqda
2024-05-01 09:10:17,114 - cache.redis - INFO - Foydalanuvchi 879 tizimga kirdi, sessiya 2a34fab6c0dd
2024-05-01 09:10:25,692 - db.pool - WARN - Ulanishlar hovuzi 3911% to'lgan
2024-05-01 09:10:45,844 - api.auth - WARN - Sekin so'rov: /api/v1/orders 872ms chegaradan oshdi
2024-05-01 09:10:47,121 - payments.gateway - INFO - So'rov bajarildi: POST /login — 1643ms
2024-05-01 09:10:51,621 - db.pool - INFO - Foydalanuvchi 703 tizimga kirdi, sessiya 1704b0417d5f
2024-05-01 09:11:06,074 - worker.email - CRITICAL - Xizmat javob bermayapti: worker-833 qayta ishga tushirilmoqda
2024-05-01 09:11:06,611 - db.pool - INFO - So'rov bajarildi: GET /api/v1/users — 1671ms
2024-05-01 09:11:17,954 - worker.email - DEBUG - Cache hit key=user:157 ttl=2020s
2024-05-01 09:11:26,751 - api.auth - INFO - Foydalanuvchi 410 tizimga kirdi, sessiya 792e882b6747
2024-05-01 09:11:43,299 - payments.gateway - WARN - Sekin so'rov: /api/v1/users 2533ms chegaradan oshdi
2024-05-01 09:11:48,696 - payments.gateway - INFO - So'rov bajarildi: POST /login — 932ms
2024-05-01 09:12:28,314 - db.pool - ERROR - DB ulanishi uzildi: timeout after 442ms host=db-7
2024-05-01 09:12:30,823 - scheduler - INFO - So'rov bajarildi: POST /api/v1/users — 2533ms
2024-05-01 09:12:31,120 - api.auth - INFO - So'rov bajarildi: POST /login — 406ms
2024-05-01 09:12:36,166 - scheduler - INFO - So'rov bajarildi: GET /api/v1/users — 3533ms
2024-05-01 09:12:45,234 - worker.email - INFO - So'rov bajarildi: GET /api/v1/orders — 2468ms
2024-05-01 09:12:50,676 - cache.redis - DEBUG - Cache hit key=user:185 ttl=3774s
2024-05-01 09:12:52,604 - api.orders - WARN - Ulanishlar hovuzi 4162% to'lgan
2024-05-01 09:12:55,572 - scheduler - DEBUG - Cache hit key=user:426 ttl=1159s
2024-05-01 09:12:55,638 - api.orders - ERROR - To'lov rad etildi order=89289 kod=INSUFFICIENT_FUNDS
2024-05-01 09:12:55,663 - worker.email - WARN - Sekin so'rov: /login 307ms chegaradan oshdi
2024-05-01 09:13:08,080 - api.auth - INFO - Foydalanuvchi 806 tizimga kirdi, sessiya c62224b1db02
2024-05-01 09:13:11,807 - db.pool - INFO - Foydalanuvchi 316 tizimga kirdi, sessiya 89ca148dd613
2024-05-01 09:13:26,602 - scheduler - DEBUG - Cache hit key=user:581 ttl=2877s
2024-05-01 09:13:31,859 - cache.redis - INFO - So'rov bajarildi: POST /api/v1/users — 1143ms
2024-05-01 09:13:33,746 - api.auth - INFO - Foydalanuvchi 441 tizimga kirdi, sessiya 7fc6d57216c2
2024-05-01 09:13:35,553 - db.pool - ERROR - DB ulanishi uzildi: timeout after 2785ms host=db-165
2024-05-01 09:13:50,722 - api.orders - INFO - So'rov bajarildi: POST /login — 3819ms
2024-05-01 09:14:18,659 - api.auth - WARN - Ulanishlar hovuzi 257% to'lgan
2024-05-01 09:14:18,890 - api.orders - INFO - Foydalanuvchi 628 tizimga kirdi, sessiya 9f70ba5097ef
2024-05-01 09:14:19,863 - api.orders - WARN - Ulanishlar hovuzi 958% to'lgan
2024-05-01 09:14:21,538 - api.orders - DEBUG - Cache hit key=user:871 ttl=2588s
2024-05-01 09:15:04,306 - db.pool - WARN - Sekin so'rov: /api/v1/users 1883ms chegaradan oshdi
2024-05-01 09:15:07,734 - api.orders - INFO - So'rov bajarildi: POST /login — 2297ms
2024-05-01 09:15:22,190 - scheduler - INFO - Foydalanuvchi 755 tizimga kirdi, sessiya 5127f406d0c8
2024-05-01 09:15:25,168 - payments.gateway - INFO - Foydalanuvchi 611 tizimga kirdi, sessiya 2ae74741fc30
2024-05-01 09:15:28,738 - cache.redis - WARN - Sekin so'rov: /login 1101ms chegaradan oshdi
2024-05-01 09:15:33,257 - payments.gateway - DEBUG - Cache hit key=user:638 ttl=524s
2024-05-01 09:15:41,792 - db.pool - INFO - Foydalanuvchi 701 tizimga kirdi, sessiya d6a091a0ab19
2024-05-01 09:15:46,323 - payments.gateway - INFO - So'rov bajarildi: GET /api/v1/users — 2072ms
2024-05-01 09:15:48,354 - scheduler - INFO - So'rov bajarildi: POST /api/v1/users — 2629ms
2024-05-01 09:16:00,320 - scheduler - INFO - So'rov bajarildi: POST /api/v1/users — 2521ms
2024-05-01 09:16:10,103 - api.orders - INFO - So'rov bajarildi: GET /login — 460ms
2024-05-01 09:16:10,433 - cache.redis - INFO - So'rov bajarildi: POST /api/v1/orders — 1214ms
2024-05-01 09:16:24,573 - api.auth - INFO - So'rov bajarildi: POST /login — 192ms
2024-05-01 09:16:26,249 - worker.email - INFO - Foydalanuvchi 23 tizimga kirdi, sessiya bb6cc93c6c61
2024-05-01 09:16:36,511 - api.orders - WARN - Ulanishlar hovuzi 1152% to'lgan
2024-05-01 09:17:01,097 - db.pool - INFO - Buyurtma yaratildi id=15423 summa=2335166.44
2024-05-01 09:17:41,130 - api.orders - INFO - Buyurtma yaratildi id=64279 summa=153485.04
2024-05-01 09:17:45,088 - payments.gateway - ERROR - DB ulanishi uzildi: timeout after 3131ms host=db-216
2024-05-01 09:17:52,167 - api.orders - INFO - Foydalanuvchi 752 tizimga kirdi, sessiya afee4ab1d870
2024-05-01 09:17:53,346 - api.auth - INFO - So'rov bajarildi: GET /api/v1/users — 902ms
2024-05-01 09:18:23,819 - worker.email - INFO - Foydalanuvchi 748 tizimga kirdi, sessiya ef5d1d7231de
2024-05-01 09:18:40,761 - payments.gateway - INFO - So'rov bajarildi: POST /login — 1690ms
2024-05-01 09:18:42,584 - cache.redis - INFO - Foydalanuvchi 624 tizimga kirdi, sessiya fc562ec745ec
2024-05-01 09:18:42,915 - cache.redis - INFO - Foydalanuvchi 766 tizimga kirdi, sessiya 790b8d2af2b5
2024-05-01 09:18:56,941 - api.auth - ERROR - DB ulanishi uzildi: timeout after 2266ms host=db-818
2024-05-01 09:19:07,688 - api.auth - INFO - Foydalanuvchi 103 tizimga kirdi, sessiya 6fcf0be3fc7d
2024-05-01 09:19:14,532 - api.auth - INFO - So'rov bajarildi: GET /api/v1/orders — 1981ms
2024-05-01 09:19:35,272 - worker.email - WARN - Sekin so'rov: /api/v1/users 3873ms chegaradan oshdi
2024-05-01 09:19:35,840 - cache.redis - INFO - Buyurtma yaratildi id=72557 summa=2727916.26
2024-05-01 09:19:37,144 - api.orders - INFO - So'rov bajarildi: GET /login — 2193ms
2024-05-01 09:19:45,099 - worker.email - INFO - Buyurtma yaratildi id=42827 summa=2871437.31
2024-05-01 09:19:53,365 - db.pool - INFO - Buyurtma yaratildi id=62276 summa=1421221.3
2024-05-01 09:20:03,412 - api.auth - CRITICAL - Xizmat javob bermayapti: worker-760 qayta ishga tushirilmoqda
2024-05-01 09:20:09,685 - api.orders - DEBUG - Cache hit key=user:684 ttl=2946s
2024-05-01 09:20:15,479 - worker.email - INFO - So'rov bajarildi: POST /api/v1/users — 12ms
2024-05-01 09:20:21,469 - api.auth - INFO - Buyurtma yaratildi id=91709 summa=973523.84
2024-05-01 09:20:32,934 - db.pool - INFO - So'rov bajarildi: GET /api/v1/users — 3591ms
2024-05-01 09:20:32,941 - payments.gateway - INFO - Foydalanuvchi 718 tizimga kirdi, sessiya fba3610bb75d
2024-05-01 09:21:03,809 - worker.email - DEBUG - Cache hit key=user:841 ttl=3832s
2024-05-01 09:21:07,652 - api.orders - INFO - Buyurtma yaratildi id=97626 summa=2025399.94
2024-05-01 09:21:14,104 - cache.redis - INFO - Buyurtma yaratildi id=87308 summa=3294766.09
2024-05-01 09:21:17,705 - worker.email - INFO - Buyurtma yaratildi id=25474 summa=2700939.13
2024-05-01 09:21:51,946 - worker.email - INFO - Buyurtma yaratildi id=82974 summa=3324726.82
2024-05-01 09:21:56,528 - scheduler - INFO - Buyurtma yaratildi id=89413 summa=290897.07
2024-05-01 09:21:59,686 - worker.email - INFO - Buyurtma yaratildi id=73263 summa=593133.45
2024-05-01 09:22:02,660 - worker.email - INFO - So'rov bajarildi: POST /login — 3721ms
2024-05-01 09:22:12,424 - api.orders - INFO - So'rov bajarildi: POST /login — 520ms
2024-05-01 09:22:16,668 - scheduler - INFO - Foydalanuvchi 581 tizimga kirdi, sessiya 3a88a4ab0ebf
2024-05-01 09:22:24,222 - api.orders - INFO - So'rov bajarildi: POST /api/v1/orders — 875ms
2024-05-01 09:22:27,678 - api.auth - WARN - Sekin so'rov: /api/v1/users 3141ms chegaradan oshdi
2024-05-01 09:22:49,124 - payments.gateway - INFO - So'rov bajarildi: POST /api/v1/orders — 1524ms
2024-05-01 09:22:56,355 - worker.email - DEBUG - Cache hit key=user:646 ttl=1148s
2024-05-01 09:22:56,617 - payments.gateway - INFO - So'rov bajarildi: GET /api/v1/users — 1975ms
2024-05-01 09:23:00,971 - worker.email - INFO - Buyurtma yaratildi id=89436 summa=1075570.4
2024-05-01 09:23:03,158 - db.pool - INFO - Buyurtma yaratildi id=22214 summa=1463414.15
2024-05-01 09:23:11,903 - api.auth - DEBUG - Cache hit key=user:346 ttl=3559s
2024-05-01 09:23:28,216 - db.pool - INFO - Foydalanuvchi 203 tizimga kirdi, sessiya e3b8e0e47d87
2024-05-01 09:23:29,386 - worker.email - INFO - So'rov bajarildi: GET /login — 2287ms
2024-05-01 09:23:30,770 - worker.email - INFO - So'rov bajarildi: GET /api/v1/orders — 607ms
2024-05-01 09:23:38,964 - worker.email - DEBUG - Cache hit key=user:215 ttl=2634s
2024-05-01 09:23:40,704 - cache.redis - INFO - So'rov bajarildi: GET /api/v1/orders — 2184ms
2024-05-01 09:23:45,158 - worker.email - INFO - Foydalanuvchi 178 tizimga kirdi, sessiya 5abae5b1e17d
2024-05-01 09:23:46,954 - api.auth - INFO - Foydalanuvchi 38 tizimga kirdi, sessiya af7725ca3484
2024-05-01 09:23:51,357 - db.pool - INFO - Buyurtma yaratildi id=29800 summa=189568.92
2024-05-01 09:23:59,365 - worker.email - DEBUG - Cache hit key=user:26 ttl=901s
2024-05-01 09:24:03,267 - db.pool - INFO - So'rov bajarildi: POST /api/v1/orders — 1639ms
2024-05-01 09:24:06,507 - db.pool - INFO - So'rov bajarildi: GET /api/v1/orders — 2231ms
2024-05-01 09:24:08,740 - scheduler - INFO - So'rov bajarildi: POST /api/v1/orders — 694ms
2024-05-01 09:24:19,208 - payments.gateway - INFO - Buyurtma yaratildi id=24243 summa=3272515.42
2024-05-01 09:24:19,511 - worker.email - INFO - Foydalanuvchi 727 tizimga kirdi, sessiya 919dd01de735
2024-05-01 09:24:22,147 - worker.email - INFO - So'rov bajarildi: GET /api/v1/users — 2225ms
2024-05-01 09:24:22,308 - payments.gateway - INFO - So'rov bajarildi: GET /login — 226ms
2024-05-01 09:24:25,739 - api.orders - INFO - Foydalanuvchi 804 tizimga kirdi, sessiya 6b264875a8e0
2024-05-01 09:24:26,075 - payments.gateway - INFO - Foydalanuvchi 184 tizimga kirdi, sessiya 0ddaf17aea3f
2024-05-01 09:24:28,682 - payments.gateway - INFO - So'rov bajarildi: GET /api/v1/orders — 3873ms
2024-05-01 09:24:34,773 - scheduler - INFO - So'rov bajarildi: GET /login — 2501ms
2024-05-01 09:24:35,028 - scheduler - INFO - Foydalanuvchi 707 tizimga kirdi, sessiya b124a6458490
2024-05-01 09:24:44,379 - scheduler - INFO - Foydalanuvchi 172 tizimga kirdi, sessiya d9f6edf0cb74
2024-05-01 09:24:52,727 - scheduler - INFO - So'rov bajarildi: GET /api/v1/users — 711ms
2024-05-01 09:24:56,731 - scheduler - INFO - So'rov bajarildi: GET /login — 1190ms
2024-05-01 09:24:57,902 - api.auth - INFO - So'rov bajarildi: GET /api/v1/orders — 1407ms
2024-05-01 09:25:05,620 - api.orders - ERROR - To'lov rad etildi order=82332 kod=INSUFFICIENT_FUNDS
2024-05-01 09:25:20,277 - cache.redis - INFO - Foydalanuvchi 799 tizimga kirdi, sessiya f77bd15b92c7
2024-05-01 09:25:29,475 - payments.gateway - INFO - So'rov bajarildi: POST /login — 856ms
2024-05-01 09:25:43,353 - scheduler - ERROR - DB ulanishi uzildi: timeout after 866ms host=db-892
2024-05-01 09:25:45,872 - api.auth - INFO - So'rov bajarildi: GET /login — 3054ms
2024-05-01 09:25:53,716 - api.auth - INFO - Foydalanuvchi 632 tizimga kirdi, sessiya 40a84f1e0a44
2024-05-01 09:26:03,562 - cache.redis - INFO - Foydalanuvchi 603 tizimga kirdi, sessiya 4fe27de3c48b
2024-05-01 09:26:06,737 - scheduler - INFO - Foydalanuvchi 900 tizimga kirdi, sessiya 3dfdef75a4c2
2024-05-01 09:26:10,235 - payments.gateway - INFO - So'rov bajarildi: GET /api/v1/orders — 2702ms
2024-05-01 09:26:20,025 - cache.redis - DEBUG - Cache hit key=user:540 ttl=2823s
2024-05-01 09:26:50,746 - api.auth - INFO - Buyurtma yaratildi id=16049 summa=1039767.99
2024-05-01 09:26:51,277 - api.orders - DEBUG - Cache hit key=user:768 ttl=3831s
2024-05-01 09:27:09,781 - payments.gateway - WARN - Sekin so'rov: /api/v1/orders 2050ms chegaradan oshdi
2024-05-01 09:27:19,567 - api.auth - INFO - So'rov bajarildi: GET /login — 3008ms
2024-05-01 09:27:22,789 - scheduler - WARN - Ulanishlar hovuzi 49% to'lgan
2024-05-01 09:27:43,680 - api.auth - INFO - So'rov bajarildi: POST /login — 596ms
2024-05-01 09:27:59,931 - payments.gateway - DEBUG - Cache hit key=user:294 ttl=2143s
2024-05-01 09:28:03,500 - api.auth - INFO - Foydalanuvchi 553 tizimga kirdi, sessiya 61786c93c1ca
2024-05-01 09:28:07,939 - worker.email - INFO - Foydalanuvchi 322 tizimga kirdi, sessiya 3d631842630b
2024-05-01 09:28:32,960 - api.auth - INFO - So'rov bajarildi: POST /login — 3504ms
2024-05-01 09:28:33,148 - api.orders - INFO - Foydalanuvchi 731 tizimga kirdi, sessiya e7f453b8d03d
2024-05-01 09:28:49,140 - api.auth - INFO - Buyurtma yaratildi id=74507 summa=486095.73
2024-05-01 09:28:59,126 - api.auth - INFO - Foydalanuvchi 206 tizimga kirdi, sessiya 89d2de4e469f
2024-05-01 09:29:24,267 - scheduler - DEBUG - Cache hit key=user:794 ttl=2257s
2024-05-01 09:29:34,902 - scheduler - INFO - Foydalanuvchi 562 tizimga kirdi, sessiya dd4da2188158
2024-05-01 09:29:40,676 - payments.gateway - INFO - So'rov bajarildi: GET /api/v1/users — 4033ms
2024-05-01 09:29:46,314 - api.auth - INFO - Foydalanuvchi 168 tizimga kirdi, sessiya 87413b5df84b
2024-05-01 09:29:50,819 - cache.redis - WARN - Sekin so'rov: /login 1494ms chegaradan oshdi
2024-05-01 09:29:52,794 - db.pool - ERROR - To'lov rad etildi order=80493 kod=INSUFFICIENT_FUNDS
2024-05-01 09:29:54,449 - api.orders - INFO - So'rov bajarildi: GET /login — 3363ms
2024-05-01 09:30:05,106 - api.auth - INFO - So'rov bajarildi: POST /login — 1239ms
2024-05-01 09:30:24,330 - payments.gateway - INFO - Buyurtma yaratildi id=69771 summa=1448453.2
2024-05-01 09:30:36,925 - payments.gateway - ERROR - DB ulanishi uzildi: timeout after 395ms host=db-103
2024-05-01 09:30:56,783 - worker.email - WARN - Ulanishlar hovuzi 1074% to'lgan
2024-05-01 09:31:04,228 - api.orders - INFO - So'rov bajarildi: GET /login — 927ms
2024-05-01 09:31:18,261 - scheduler - INFO - Foydalanuvchi 226 tizimga kirdi, sessiya 8580754bc8a2
2024-05-01 09:31:39,751 - db.pool - INFO - Buyurtma yaratildi id=89257 summa=1919612.94
2024-05-01 09:31:42,155 - worker.email - ERROR - DB ulanishi uzildi: timeout after 2517ms host=db-610
2024-05-01 09:32:09,666 - db.pool - INFO - So'rov bajarildi: POST /api/v1/users — 3366ms
2024-05-01 09:32:14,352 - worker.email - INFO - So'rov bajarildi: POST /api/v1/orders — 881ms
2024-05-01 09:32:26,300 - worker.email - INFO - So'rov bajarildi: POST /api/v1/users — 1363ms
2024-05-01 09:32:31,300 - payments.gateway - INFO - So'rov bajarildi: GET /api/v1/orders — 1728ms
2024-05-01 09:32:38,425 - scheduler - INFO - Buyurtma yaratildi id=87497 summa=733544.05
2024-05-01 09:32:42,035 - worker.email - WARN - Ulanishlar hovuzi 1854% to'lgan
2024-05-01 09:32:45,571 - api.auth - WARN - Sekin so'rov: /login 2955ms chegaradan oshdi
2024-05-01 09:33:00,328 - api.orders - INFO - So'rov bajarildi: GET /api/v1/users — 1015ms
2024-05-01 09:33:02,259 - api.auth - DEBUG - Cache hit key=user:815 ttl=3601s
2024-05-01 09:33:18,694 - cache.redis - DEBUG - Cache hit key=user:203 ttl=326s
2024-05-01 09:33:19,427 - db.pool - INFO - Buyurtma yaratildi id=19161 summa=1324545.45
2024-05-01 09:33:28,693 - api.auth - INFO - Foydalanuvchi 368 tizimga kirdi, sessiya 6aef740a0552
2024-05-01 09:33:36,202 - api.auth - WARN - Sekin so'rov: /api/v1/users 2593ms chegaradan oshdi
2024-05-01 09:33:36,720 - api.orders - INFO - So'rov bajarildi: GET /login — 2685ms
2024-05-01 09:33:42,725 - db.pool - WARN - Sekin so'rov: /api/v1/users 921ms chegaradan oshdi
2024-05-01 09:33:47,935 - worker.email - DEBUG - Cache hit key=user:584 ttl=4017s
2024-05-01 09:34:14,954 - db.pool - DEBUG - Cache hit key=user:533 ttl=574s
2024-05-01 09:34:21,749 - api.orders - INFO - Buyurtma yaratildi id=20200 summa=2682759.22
2024-05-01 09:34:26,126 - worker.email - INFO - Foydalanuvchi 852 tizimga kirdi, sessiya 4eaf1034ccea
2024-05-01 09:34:42,576 - db.pool - INFO - Foydalanuvchi 826 tizimga kirdi, sessiya 9947a6253e6a
2024-05-01 09:34:55,819 - scheduler - INFO - So'rov bajarildi: POST /api/v1/users — 1057ms
2024-05-01 09:34:56,493 - cache.redis - DEBUG - Cache hit key=user:238 ttl=3854s
2024-05-01 09:35:01,486 - payments.gateway - INFO - Buyurtma yaratildi id=44890 summa=3319521.27
2024-05-01 09:35:05,486 - api.orders - INFO - So'rov bajarildi: POST /api/v1/users — 2892ms
2024-05-01 09:35:32,477 - scheduler - INFO - So'rov bajarildi: POST /login — 321ms
2024-05-01 09:35:40,679 - scheduler - INFO - So'rov bajarildi: POST /api/v1/orders — 2137ms
2024-05-01 09:35:57,369 - payments.gateway - INFO - So'rov bajarildi: GET /login — 2105ms
2024-05-01 09:35:57,789 - worker.email - DEBUG - Cache hit key=user:113 ttl=387s
2024-05-01 09:36:12,609 - payments.gateway - WARN - Sekin so'rov: /api/v1/orders 3913ms chegaradan oshdi
2024-05-01 09:36:22,829 - db.pool - DEBUG - Cache hit key=user:525 ttl=533s
2024-05-01 09:36:32,331 - payments.gateway - INFO - Foydalanuvchi 709 tizimga kirdi, sessiya f5653c180287
2024-05-01 09:36:36,215 - scheduler - DEBUG - Cache hit key=user:248 ttl=3918s
2024-05-01 09:36:36,569 - cache.redis - INFO - So'rov bajarildi: POST /api/v1/users — 1437ms
2024-05-01 09:36:39,212 - db.pool - INFO - Foydalanuvchi 217 tizimga kirdi, sessiya 336bfaa45062
2024-05-01 09:37:29,667 - api.auth - INFO - So'rov bajarildi: POST /login — 1951ms
2024-05-01 09:37:33,129 - payments.gateway - INFO - So'rov bajarildi: POST /login — 1361ms
2024-05-01 09:37:40,167 - db.pool - INFO - So'rov bajarildi: POST /login — 846ms
2024-05-01 09:37:43,390 - cache.redis - INFO - Foydalanuvchi 264 tizimga kirdi, sessiya 6de43ef5d4c4
2024-05-01 09:37:49,483 - db.pool - WARN - Sekin so'rov: /login 1135ms chegaradan oshdi
2024-05-01 09:37:58,613 - db.pool - ERROR - To'lov rad etildi order=67940 kod=INSUFFICIENT_FUNDS
2024-05-01 09:37:59,944 - db.pool - INFO - So'rov bajarildi: POST /api/v1/users — 2216ms
2024-05-01 09:38:05,603 - payments.gateway - INFO - Foydalanuvchi 787 tizimga kirdi, sessiya e34f543d160a
2024-05-01 09:38:06,708 - db.pool - INFO - Foydalanuvchi 569 tizimga kirdi, sessiya 6ca1acf628bd
2024-05-01 09:38:14,919 - cache.redis - ERROR - To'lov rad etildi order=20145 kod=INSUFFICIENT_FUNDS
2024-05-01 09:38:16,634 - scheduler - WARN - Sekin so'rov: /api/v1/users 3431ms chegaradan oshdi
2024-05-01 09:38:16,920 - api.auth - INFO - Buyurtma yaratildi id=46965 summa=3236176.84
2024-05-01 09:38:25,392 - worker.email - INFO - So'rov bajarildi: POST /login — 2615ms
2024-05-01 09:38:44,806 - db.pool - DEBUG - Cache hit key=user:677 ttl=1976s
2024-05-01 09:39:05,478 - api.auth - INFO - Foydalanuvchi 838 tizimga kirdi, sessiya 7c2ce3204353
2024-05-01 09:39:16,580 - worker.email - DEBUG - Cache hit key=user:70 ttl=3896s
2024-05-01 09:39:23,543 - cache.redis - DEBUG - Cache hit key=user:706 ttl=542s
2024-05-01 09:39:28,471 - db.pool - INFO - Buyurtma yaratildi id=24544 summa=3556171.02
2024-05-01 09:39:46,386 - cache.redis - INFO - Foydalanuvchi 372 tizimga kirdi, sessiya 4ed73c592bab
2024-05-01 09:39:56,966 - cache.redis - WARN - Ulanishlar hovuzi 471% to'lgan
2024-05-01 09:40:10,470 - cache.redis - INFO - So'rov bajarildi: POST /login — 1359ms
2024-05-01 09:40:22,025 - cache.redis - INFO - Foydalanuvchi 502 tizimga kirdi, sessiya 37d9392bc6df
2024-05-01 09:40:23,101 - cache.redis - WARN - Sekin so'rov: /login 1474ms chegaradan oshdi
2024-05-01 09:40:41,700 - cache.redis - INFO - Foydalanuvchi 185 tizimga kirdi, sessiya 723dd6f3c1ba
2024-05-01 09:40:42,756 - db.pool - INFO - Buyurtma yaratildi id=90657 summa=3819081.57
2024-05-01 09:40:44,160 - db.pool - WARN - Sekin so'rov: /login 433ms chegaradan oshdi
2024-05-01 09:40:59,082 - scheduler - WARN - Sekin so'rov: /login 3969ms chegaradan oshdi
2024-05-01 09:41:11,279 - scheduler - INFO - Foydalanuvchi 648 tizimga kirdi, sessiya 597efc9e5390
2024-05-01 09:41:13,313 - payments.gateway - INFO - Foydalanuvchi 259 tizimga kirdi, sessiya 5808f5b754ba
2024-05-01 09:41:20,003 - worker.email - ERROR - To'lov rad etildi order=98510 kod=INSUFFICIENT_FUNDS
2024-05-01 09:41:43,314 - api.auth - INFO - So'rov bajarildi: GET /api/v1/users — 1594ms
2024-05-01 09:41:52,375 - db.pool - WARN - Sekin so'rov: /login 63ms chegaradan oshdi
2024-05-01 09:41:55,321 - scheduler - INFO - Foydalanuvchi 426 tizimga kirdi, sessiya 430ec6b23d01
2024-05-01 09:41:58,653 - payments.gateway - INFO - Foydalanuvchi 251 tizimga kirdi, sessiya 3fcfcf06fef0
2024-05-01 09:42:05,126 - api.orders - INFO - Buyurtma yaratildi id=10475 summa=3858892.86
2024-05-01 09:42:16,626 - api.orders - INFO - Foydalanuvchi 109 tizimga kirdi, sessiya 84487c6f20cc
2024-05-01 09:42:18,002 - db.pool - INFO - So'rov bajarildi: GET /api/v1/orders — 2214ms
2024-05-01 09:42:23,913 - worker.email - INFO - Foydalanuvchi 128 tizimga kirdi, sessiya 7b7a67c53c0b
2024-05-01 09:42:26,567 - payments.gateway - DEBUG - Cache hit key=user:592 ttl=43s
2024-05-01 09:42:29,561 - api.orders - INFO - So'rov bajarildi: POST /login — 1516ms
2024-05-01 09:43:11,345 - worker.email - WARN - Sekin so'rov: /login 3495ms chegaradan oshdi
2024-05-01 09:43:11,424 - api.orders - INFO - Buyurtma yaratildi id=80159 summa=2144582.47
2024-05-01 09:43:11,527 - api.auth - INFO - Foydalanuvchi 244 tizimga kirdi, sessiya a078c0c81ad2
2024-05-01 09:43:29,242 - payments.gateway - INFO - Buyurtma yaratildi id=93721 summa=2323005.04
2024-05-01 09:43:35,448 - payments.gateway - WARN - Sekin so'rov: /api/v1/users 1596ms chegaradan oshdi
2024-05-01 09:43:38,660 - scheduler - INFO - So'rov bajarildi: POST /login — 88ms
2024-05-01 09:43:45,827 - payments.gateway - INFO - So'rov bajarildi: GET /login — 3999ms
2024-05-01 09:44:08,591 - cache.redis - CRITICAL - Xizmat javob bermayapti: worker-432 qayta ishga tushirilmoqda
2024-05-01 09:44:32,470 - db.pool - WARN - Ulanishlar hovuzi 1017% to'lgan
2024-05-01 09:44:46,040 - cache.redis - DEBUG - Cache hit key=user:454 ttl=2906s
2024-05-01 09:44:50,756 - api.orders - WARN - Ulanishlar hovuzi 4074% to'lgan
2024-05-01 09:44:52,943 - db.pool - INFO - So'rov bajarildi: POST /login — 834ms
2024-05-01 09:44:53,579 - db.pool - INFO - Foydalanuvchi 335 tizimga kirdi, sessiya ff72485de1f0
2024-05-01 09:45:12,541 - cache.redis - INFO - Buyurtma yaratildi id=84790 summa=379719.88
2024-05-01 09:45:15,168 - scheduler - INFO - So'rov bajarildi: POST /api/v1/users — 2872ms
2024-05-01 09:45:22,650 - payments.gateway - WARN - Sekin so'rov: /api/v1/orders 332ms chegaradan oshdi
2024-05-01 09:45:34,667 - db.pool - INFO - Foydalanuvchi 262 tizimga kirdi, sessiya 688300ae9df3
2024-05-01 09:45:44,124 - api.orders - INFO - So'rov bajarildi: GET /login — 2098ms
2024-05-01 09:45:51,658 - db.pool - INFO - So'rov bajarildi: POST /login — 1592ms
2024-05-01 09:45:54,014 - payments.gateway - INFO - Foydalanuvchi 644 tizimga kirdi, sessiya ad5798d99255
2024-05-01 09:46:00,791 - worker.email - ERROR - To'lov rad etildi order=43438 kod=INSUFFICIENT_FUNDS
2024-05-01 09:46:06,446 - worker.email - INFO - So'rov bajarildi: POST /api/v1/users — 1595ms
2024-05-01 09:46:12,521 - api.orders - INFO - So'rov bajarildi: POST /api/v1/users — 3511ms
2024-05-01 09:46:28,793 - worker.email - INFO - Foydalanuvchi 92 tizimga kirdi, sessiya 2ae0b18e0d85
2024-05-01 09:46:31,804 - api.auth - INFO - So'rov bajarildi: GET /api/v1/users — 3645ms
2024-05-01 09:46:35,967 - api.orders - INFO - So'rov bajarildi: GET /login — 376ms
2024-05-01 09:46:40,648 - payments.gateway - INFO - Foydalanuvchi 687 tizimga kirdi, sessiya ae06d38bd4e5
2024-05-01 09:46:42,870 - db.pool - INFO - Foydalanuvchi 263 tizimga kirdi, sessiya bf1f492b49ee
2024-05-01 09:46:46,455 - cache.redis - INFO - So'rov bajarildi: POST /api/v1/orders — 3603ms
2024-05-01 09:46:52,552 - payments.gateway - INFO - Buyurtma yaratildi id=18499 summa=769950.11
2024-05-01 09:46:54,676 - api.orders - DEBUG - Cache hit key=user:174 ttl=1993s
2024-05-01 09:46:57,386 - worker.email - WARN - Sekin so'rov: /api/v1/orders 1308ms chegaradan oshdi
2024-05-01 09:46:57,898 - cache.redis - WARN - Sekin so'rov: /api/v1/orders 1098ms chegaradan oshdi
2024-05-01 09:47:02,769 - api.auth - INFO - So'rov bajarildi: GET /login — 162ms
2024-05-01 09:47:31,504 - cache.redis - INFO - Buyurtma yaratildi id=82299 summa=1557152.88
2024-05-01 09:48:07,800 - cache.redis - INFO - So'rov bajarildi: GET /api/v1/orders — 1998ms
2024-05-01 09:48:23,229 - api.orders - INFO - Foydalanuvchi 850 tizimga kirdi, sessiya a0516739255d
2024-05-01 09:48:56,170 - api.auth - INFO - So'rov bajarildi: POST /login — 3791ms
2024-05-01 09:49:20,041 - api.orders - ERROR - To'lov rad etildi order=46956 kod=INSUFFICIENT_FUNDS
2024-05-01 09:49:37,399 - api.orders - INFO - Foydalanuvchi 645 tizimga kirdi, sessiya 6e09d225d51a
2024-05-01 09:49:44,662 - db.pool - INFO - Buyurtma yaratildi id=54706 summa=1229327.28
2024-05-01 09:49:51,448 - payments.gateway - ERROR - DB ulanishi uzildi: timeout after 3565ms host=db-179
2024-05-01 09:49:51,864 - scheduler - INFO - So'rov bajarildi: GET /api/v1/users — 2673ms
2024-05-01 09:50:09,986 - payments.gateway - INFO - So'rov bajarildi: POST /login — 3415ms
2024-05-01 09:50:11,361 - db.pool - INFO - Buyurtma yaratildi id=41257 summa=2797489.32
2024-05-01 09:50:23,591 - worker.email - INFO - Foydalanuvchi 315 tizimga kirdi, sessiya b639efe1166a
2024-05-01 09:50:25,458 - api.orders - DEBUG - Cache hit key=user:578 ttl=2936s
2024-05-01 09:50:27,138 - worker.email - WARN - Ulanishlar hovuzi 3790% to'lgan
2024-05-01 09:50:39,669 - db.pool - INFO - Foydalanuvchi 259 tizimga kirdi, sessiya 6981c95f02bf
2024-05-01 09:50:56,213 - api.orders - INFO - So'rov bajarildi: POST /login — 1869ms
2024-05-01 09:50:56,662 - worker.email - WARN - Sekin so'rov: /login 2583ms chegaradan oshdi
2024-05-01 09:51:03,858 - payments.gateway - INFO - Foydalanuvchi 396 tizimga kirdi, sessiya 13dbf715721c
2024-05-01 09:51:11,314 - cache.redis - WARN - Sekin so'rov: /login 2792ms chegaradan oshdi
2024-05-01 09:51:16,646 - worker.email - WARN - Ulanishlar hovuzi 354% to'lgan
2024-05-01 09:51:32,801 - worker.email - ERROR - DB ulanishi uzildi: timeout after 1156ms host=db-719
2024-05-01 09:51:37,214 - api.orders - INFO - Foydalanuvchi 117 tizimga kirdi, sessiya 457dbabcdf0d
2024-05-01 09:51:44,997 - api.auth - INFO - So'rov bajarildi: POST /api/v1/users — 3874ms
2024-05-01 09:51:47,012 - api.auth - INFO - So'rov bajarildi: POST /login — 1797ms
2024-05-01 09:51:54,780 - db.pool - INFO - So'rov bajarildi: GET /login — 178ms
2024-05-01 09:51:59,830 - cache.redis - INFO - Buyurtma yaratildi id=19554 summa=2438708.29
2024-05-01 09:51:59,996 - db.pool - DEBUG - Cache hit key=user:315 ttl=708s
2024-05-01 09:52:01,405 - db.pool - INFO - Foydalanuvchi 793 tizimga kirdi, sessiya c292b8474351
2024-05-01 09:52:15,327 - api.auth - INFO - Foydalanuvchi 168 tizimga kirdi, sessiya 00f93f33cb4a
2024-05-01 09:52:24,358 - scheduler - ERROR - DB ulanishi uzildi: timeout after 1895ms host=db-134
2024-05-01 09:52:30,729 - db.pool - INFO - Buyurtma yaratildi id=88241 summa=655433.58
2024-05-01 09:52:34,196 - payments.gateway - INFO - So'rov bajarildi: GET /api/v1/orders — 2957ms
2024-05-01 09:52:40,302 - payments.gateway - ERROR - To'lov rad etildi order=39511 kod=INSUFFICIENT_FUNDS
2024-05-01 09:52:53,328 - cache.redis - WARN - Ulanishlar hovuzi 1381% to'lgan
2024-05-01 09:52:54,314 - worker.email - INFO - So'rov bajarildi: GET /login — 3941ms
2024-05-01 09:52:56,729 - scheduler - DEBUG - Cache hit key=user:207 ttl=493s
2024-05-01 09:52:59,871 - worker.email - DEBUG - Cache hit key=user:630 ttl=1015s
2024-05-01 09:53:09,030 - payments.gateway - WARN - Sekin so'rov: /api/v1/users 1366ms chegaradan oshdi
2024-05-01 09:53:11,659 - api.orders - INFO - Buyurtma yaratildi id=28139 summa=1066125.57
2024-05-01 09:53:22,154 - worker.email - INFO - Foydalanuvchi 412 tizimga kirdi, sessiya 60d94bc094f8
2024-05-01 09:53:35,276 - scheduler - DEBUG - Cache hit key=user:880 ttl=1987s
2024-05-01 09:53:37,434 - payments.gateway - INFO - Foydalanuvchi 343 tizimga kirdi, sessiya 3fd1e9c175b9
2024-05-01 09:53:38,024 - payments.gateway - INFO - Foydalanuvchi 67 tizimga kirdi, sessiya 248b4ea20e0f
2024-05-01 09:53:43,573 - cache.redis - INFO - So'rov bajarildi: GET /api/v1/orders — 3280ms
2024-05-01 09:54:14,586 - api.orders - INFO - Foydalanuvchi 266 tizimga kirdi, sessiya b6461b58245a
2024-05-01 09:54:15,204 - api.orders - DEBUG - Cache hit key=user:578 ttl=1808s
2024-05-01 09:54:18,288 - scheduler - INFO - So'rov bajarildi: POST /login — 4081ms
2024-05-01 09:54:29,832 - worker.email - INFO - So'rov bajarildi: GET /api/v1/orders — 2626ms
2024-05-01 09:54:34,242 - worker.email - ERROR - DB ulanishi uzildi: timeout after 259ms host=db-822
2024-05-01 09:54:56,823 - api.auth - INFO - Buyurtma yaratildi id=30332 summa=1115243.46
2024-05-01 09:55:06,205 - api.orders - INFO - Buyurtma yaratildi id=18494 summa=3928279.47
2024-05-01 09:55:07,718 - api.auth - INFO - Foydalanuvchi 256 tizimga kirdi, sessiya e383a6d0175d
2024-05-01 09:55:13,464 - worker.email - INFO - So'rov bajarildi: GET /api/v1/users — 3592ms
2024-05-01 09:55:14,116 - cache.redis - DEBUG - Cache hit key=user:834 ttl=2381s
2024-05-01 09:55:21,083 - api.auth - WARN - Sekin so'rov: /login 3813ms chegaradan oshdi
2024-05-01 09:55:21,877 - worker.email - INFO - So'rov bajarildi: GET /api/v1/users — 1131ms
2024-05-01 09:55:23,463 - worker.email - INFO - Buyurtma yaratildi id=36094 summa=170999.06
2024-05-01 09:55:54,536 - api.auth - INFO - So'rov bajarildi: POST /api/v1/users — 843ms
2024-05-01 09:55:54,909 - api.orders - INFO - Foydalanuvchi 237 tizimga kirdi, sessiya 82f4ba5b1745
2024-05-01 09:56:53,359 - worker.email - WARN - Sekin so'rov: /api/v1/orders 4169ms chegaradan oshdi
2024-05-01 09:57:02,943 - api.orders - INFO - So'rov bajarildi: GET /api/v1/users — 2940ms
2024-05-01 09:57:09,979 - scheduler - INFO - Buyurtma yaratildi id=15620 summa=1947984.88
2024-05-01 09:57:11,978 - worker.email - WARN - Sekin so'rov: /api/v1/users 207ms chegaradan oshdi
2024-05-01 09:57:20,679 - worker.email - ERROR - To'lov rad etildi order=19621 kod=INSUFFICIENT_FUNDS
2024-05-01 09:57:22,958 - scheduler - INFO - So'rov bajarildi: GET /login — 4096ms
2024-05-01 09:57:32,068 - db.pool - INFO - So'rov bajarildi: GET /api/v1/users — 2883ms
2024-05-01 09:57:39,301 - api.orders - INFO - So'rov bajarildi: POST /api/v1/orders — 3390ms
2024-05-01 09:57:54,097 - worker.email - INFO - So'rov bajarildi: GET /api/v1/users — 4120ms
2024-05-01 09:58:06,471 - db.pool - ERROR - DB ulanishi uzildi: timeout after 1883ms host=db-474
2024-05-01 09:58:37,915 - cache.redis - DEBUG - Cache hit key=user:575 ttl=3735s
2024-05-01 09:59:11,040 - db.pool - WARN - Sekin so'rov: /api/v1/users 3564ms chegaradan oshdi
2024-05-01 09:59:11,979 - cache.redis - INFO - Foydalanuvchi 702 tizimga kirdi, sessiya 14b62b1f829e
2024-05-01 09:59:36,921 - api.orders - CRITICAL - Xizmat javob bermayapti: worker-376 qayta ishga tushirilmoqda
2024-05-01 09:59:42,264 - worker.email - INFO - Foydalanuvchi 16 tizimga kirdi, sessiya 7426d680330c
2024-05-01 09:59:51,572 - cache.redis - INFO - So'rov bajarildi: GET /api/v1/users — 2394ms
2024-05-01 09:59:52,549 - db.pool - INFO - Foydalanuvchi 677 tizimga kirdi, sessiya 5e88d2e81ee6
2024-05-01 09:59:57,334 - scheduler - INFO - So'rov bajarildi: GET /login — 1650ms
2024-05-01 10:00:21,544 - worker.email - INFO - Buyurtma yaratildi id=93226 summa=431615.96
2024-05-01 10:00:26,332 - payments.gateway - INFO - Buyurtma yaratildi id=10407 summa=1888549.83
2024-05-01 10:00:33,883 - api.auth - INFO - Foydalanuvchi 537 tizimga kirdi, sessiya 87aa2e5b11cb
2024-05-01 10:01:11,058 - db.pool - INFO - Foydalanuvchi 735 tizimga kirdi, sessiya d17243d797a7
2024-05-01 10:01:19,838 - worker.email - DEBUG - Cache hit key=user:698 ttl=2513s
2024-05-01 10:01:21,647 - db.pool - INFO - So'rov bajarildi: POST /login — 3479ms
2024-05-01 10:01:29,513 - cache.redis - INFO - Buyurtma yaratildi id=41862 summa=3573838.33
2024-05-01 10:01:40,459 - scheduler - INFO - So'rov bajarildi: POST /login — 1056ms
2024-05-01 10:01:42,777 - api.auth - DEBUG - Cache hit key=user:674 ttl=866s
2024-05-01 10:01:43,912 - db.pool - INFO - Buyurtma yaratildi id=51568 summa=1009965.65
2024-05-01 10:01:44,607 - worker.email - INFO - Buyurtma yaratildi id=57181 summa=333450.24
2024-05-01 10:02:04,006 - payments.gateway - DEBUG - Cache hit key=user:403 ttl=923s
2024-05-01 10:02:05,914 - worker.email - DEBUG - Cache hit key=user:329 ttl=1346s
2024-05-01 10:02:06,100 - worker.email - INFO - So'rov bajarildi: POST /api/v1/orders — 1564ms
2024-05-01 10:02:07,677 - db.pool - ERROR - DB ulanishi uzildi: timeout after 2512ms host=db-115
2024-05-01 10:02:51,946 - scheduler - INFO - Foydalanuvchi 232 tizimga kirdi, sessiya 4a4de069ac08
2024-05-01 10:03:03,912 - scheduler - ERROR - DB ulanishi uzildi: timeout after 396ms host=db-771
2024-05-01 10:03:24,323 - worker.email - INFO - So'rov bajarildi: GET /api/v1/orders — 3897ms
2024-05-01 10:03:27,459 - worker.email - INFO - Foydalanuvchi 791 tizimga kirdi, sessiya 6b2083cbc1e8
2024-05-01 10:03:29,313 - scheduler - ERROR - DB ulanishi uzildi: timeout after 1531ms host=db-530
2024-05-01 10:03:33,852 - worker.email - DEBUG - Cache hit key=user:588 ttl=776s
2024-05-01 10:03:51,619 - cache.redis - DEBUG - Cache hit key=user:402 ttl=3540s
2024-05-01 10:03:52,628 - worker.email - ERROR - To'lov rad etildi order=71668 kod=INSUFFICIENT_FUNDS
2024-05-01 10:03:54,036 - scheduler - INFO - Foydalanuvchi 856 tizimga kirdi, sessiya 6967fbe974d9
2024-05-01 10:04:05,185 - scheduler - DEBUG - Cache hit key=user:853 ttl=959s
2024-05-01 10:04:05,626 - payments.gateway - INFO - So'rov bajarildi: POST /api/v1/orders — 3985ms
2024-05-01 10:04:06,574 - api.auth - INFO - So'rov bajarildi: POST /login — 2344ms
2024-05-01 10:04:24,073 - payments.gateway - INFO - So'rov bajarildi: POST /login — 198ms
2024-05-01 10:04:25,096 - scheduler - INFO - Foydalanuvchi 865 tizimga kirdi, sessiya 02b769eba363
2024-05-01 10:04:25,367 - api.orders - INFO - Foydalanuvchi 266 tizimga kirdi, sessiya 0b470fe3cf84
2024-05-01 10:04:30,505 - payments.gateway - INFO - Foydalanuvchi 597 tizimga kirdi, sessiya f04ade80fada
2024-05-01 10:04:37,040 - worker.email - INFO - Buyurtma yaratildi id=85493 summa=2276839.2
2024-05-01 10:05:05,436 - db.pool - WARN - Ulanishlar hovuzi 1217% to'lgan
2024-05-01 10:05:12,229 - cache.redis - WARN - Sekin so'rov: /login 322ms chegaradan oshdi
2024-05-01 10:05:13,358 - scheduler - INFO - Foydalanuvchi 586 tizimga kirdi, sessiya 3945f67adc8e
2024-05-01 10:05:24,825 - db.pool - INFO - Foydalanuvchi 773 tizimga kirdi, sessiya fb751a3c08cd
2024-05-01 10:05:48,082 - api.orders - ERROR - To'lov rad etildi order=58458 kod=INSUFFICIENT_FUNDS
2024-05-01 10:06:02,980 - db.pool - INFO - So'rov bajarildi: POST /api/v1/users — 398ms
2024-05-01 10:06:09,410 - scheduler - INFO - Foydalanuvchi 603 tizimga kirdi, sessiya 107c5c50b16f
2024-05-01 10:06:12,494 - worker.email - DEBUG - Cache hit key=user:84 ttl=2707s
2024-05-01 10:06:37,189 - api.auth - INFO - Foydalanuvchi 119 tizimga kirdi, sessiya 135df8258a58
2024-05-01 10:06:38,639 - api.orders - INFO - Buyurtma yaratildi id=57795 summa=3772114.72
2024-05-01 10:06:38,674 - db.pool - INFO - So'rov bajarildi: GET /api/v1/orders — 2231ms
2024-05-01 10:06:45,123 - api.orders - INFO - So'rov bajarildi: POST /login — 2641ms
2024-05-01 10:06:50,459 - api.orders - INFO - Foydalanuvchi 21 tizimga kirdi, sessiya 18d01baa1401
2024-05-01 10:07:01,027 - scheduler - WARN - Sekin so'rov: /login 1512ms chegaradan oshdi
2024-05-01 10:07:23,383 - payments.gateway - INFO - So'rov bajarildi: POST /api/v1/orders — 3391ms
2024-05-01 10:07:49,557 - cache.redis - INFO - Buyurtma yaratildi id=70341 summa=3554752.63
2024-05-01 10:07:57,827 - payments.gateway - INFO - Foydalanuvchi 649 tizimga kirdi, sessiya 97b4dfbc4b9b
2024-05-01 10:08:00,001 - db.pool - INFO - Foydalanuvchi 318 tizimga kirdi, sessiya 422d09568b00
2024-05-01 10:08:17,466 - cache.redis - INFO - Buyurtma yaratildi id=73225 summa=3524022.53
2024-05-01 10:08:20,468 - worker.email - ERROR - DB ulanishi uzildi: timeout after 155ms host=db-572
2024-05-01 10:08:33,578 - cache.redis - INFO - So'rov bajarildi: POST /login — 2109ms
2024-05-01 10:08:43,237 - db.pool - INFO - Foydalanuvchi 65 tizimga kirdi, sessiya ae599e5b4b4a
2024-05-01 10:08:43,965 - cache.redis - DEBUG - Cache hit key=user:455 ttl=2752s
2024-05-01 10:08:48,376 - db.pool - INFO - So'rov bajarildi: GET /login — 3856ms
2024-05-01 10:08:53,636 - cache.redis - WARN - Ulanishlar hovuzi 2271% to'lgan
2024-05-01 10:09:13,659 - api.auth - INFO - Buyurtma yaratildi id=65633 summa=1665516.01
2024-05-01 10:09:48,622 - cache.redis - WARN - Sekin so'rov: /login 385ms chegaradan oshdi
2024-05-01 10:09:54,092 - cache.redis - INFO - So'rov bajarildi: POST /api/v1/users — 2959ms
2024-05-01 10:10:23,841 - api.orders - DEBUG - Cache hit key=user:222 ttl=2419s
2024-05-01 10:10:30,202 - payments.gateway - INFO - Buyurtma yaratildi id=31403 summa=1110788.04
2024-05-01 10:10:47,797 - scheduler - INFO - Foydalanuvchi 47 tizimga kirdi, sessiya a6272317cff6
2024-05-01 10:11:04,986 - cache.redis - DEBUG - Cache hit key=user:599 ttl=1989s
2024-05-01 10:11:05,592 - api.orders - CRITICAL - Xizmat javob bermayapti: worker-226 qayta ishga tushirilmoqda
2024-05-01 10:11:08,940 - api.orders - WARN - Ulanishlar hovuzi 3610% to'lgan
2024-05-01 10:11:18,134 - cache.redis - INFO - So'rov bajarildi: POST /login — 3717ms
2024-05-01 10:11:25,217 - payments.gateway - INFO - Buyurtma yaratildi id=19520 summa=1882192.42
2024-05-01 10:11:36,625 - payments.gateway - INFO - Buyurtma yaratildi id=95899 summa=347873.68
2024-05-01 10:11:39,167 - api.orders - INFO - So'rov bajarildi: POST /login — 3350ms
2024-05-01 10:11:42,450 - cache.redis - INFO - So'rov bajarildi: GET /api/v1/users — 2376ms
2024-05-01 10:11:44,268 - worker.email - INFO - Buyurtma yaratildi id=90305 summa=911942.42
2024-05-01 10:11:55,172 - scheduler - INFO - So'rov bajarildi: POST /api/v1/users — 1424ms
2024-05-01 10:11:57,355 - scheduler - DEBUG - Cache hit key=user:788 ttl=1689s
2024-05-01 10:11:58,403 - db.pool - WARN - Sekin so'rov: /api/v1/orders 1550ms chegaradan oshdi
2024-05-01 10:12:03,681 - worker.email - ERROR - DB ulanishi uzildi: timeout after 1638ms host=db-839
2024-05-01 10:12:30,901 - scheduler - INFO - Foydalanuvchi 87 tizimga kirdi, sessiya a4b67d5afecb
2024-05-01 10:12:35,069 - scheduler - INFO - So'rov bajarildi: GET /login — 2823ms
2024-05-01 10:12:40,064 - api.orders - ERROR - To'lov rad etildi order=67116 kod=INSUFFICIENT_FUNDS
2024-05-01 10:12:45,457 - worker.email - INFO - So'rov bajarildi: GET /api/v1/orders — 3140ms
2024-05-01 10:12:49,625 - worker.email - INFO - So'rov bajarildi: POST /api/v1/orders — 3743ms
2024-05-01 10:12:49,668 - api.auth - INFO - So'rov bajarildi: GET /login — 362ms
2024-05-01 10:12:54,674 - api.orders - INFO - So'rov bajarildi: GET /api/v1/orders — 15ms
2024-05-01 10:13:02,280 - api.auth - INFO - Foydalanuvchi 617 tizimga kirdi, sessiya 5fcf7822b9e6
2024-05-01 10:13:08,926 - api.auth - INFO - So'rov bajarildi: POST /login — 3253ms
2024-05-01 10:13:09,094 - db.pool - INFO - So'rov bajarildi: GET /api/v1/orders — 1238ms
2024-05-01 10:13:30,965 - api.orders - INFO - So'rov bajarildi: GET /api/v1/users — 1709ms
2024-05-01 10:13:36,125 - scheduler - INFO - So'rov bajarildi: GET /api/v1/orders — 3585ms
2024-05-01 10:14:21,328 - cache.redis - INFO - Foydalanuvchi 499 tizimga kirdi, sessiya 66fe251f68ed
2024-05-01 10:14:22,815 - payments.gateway - INFO - Buyurtma yaratildi id=53958 summa=590992.57
2024-05-01 10:14:28,234 - db.pool - INFO - So'rov bajarildi: POST /login — 2393ms
2024-05-01 10:14:31,144 - payments.gateway - INFO - So'rov bajarildi: POST /login — 1502ms
2024-05-01 10:14:54,610 - api.orders - INFO - So'rov bajarildi: POST /api/v1/orders — 501ms
2024-05-01 10:15:02,087 - payments.gateway - INFO - Foydalanuvchi 146 tizimga kirdi, sessiya 06559b20fb32
2024-05-01 10:15:02,972 - worker.email - ERROR - DB ulanishi uzildi: timeout after 630ms host=db-423
2024-05-01 10:15:03,931 - api.auth - INFO - Foydalanuvchi 411 tizimga kirdi, sessiya a7b9547d3d69
2024-05-01 10:15:06,528 - worker.email - INFO - Foydalanuvchi 468 tizimga kirdi, sessiya 5e09ce48d43b
2024-05-01 10:15:08,744 - payments.gateway - ERROR - DB ulanishi uzildi: timeout after 3856ms host=db-412
2024-05-01 10:15:14,923 - scheduler - INFO - So'rov bajarildi: POST /api/v1/orders — 902ms
2024-05-01 10:15:16,041 - db.pool - ERROR - DB ulanishi uzildi: timeout after 4098ms host=db-229
2024-05-01 10:15:27,678 - scheduler - INFO - So'rov bajarildi: POST /login — 3145ms
2024-05-01 10:16:03,201 - cache.redis - ERROR - DB ulanishi uzildi: timeout after 3252ms host=db-886
2024-05-01 10:16:18,611 - cache.redis - INFO - So'rov bajarildi: GET /api/v1/orders — 467ms
2024-05-01 10:16:19,310 - cache.redis - INFO - So'rov bajarildi: POST /api/v1/orders — 749ms
2024-05-01 10:16:30,244 - api.orders - DEBUG - Cache hit key=user:847 ttl=2759s
2024-05-01 10:16:56,686 - api.orders - WARN - Ulanishlar hovuzi 4083% to'lgan
2024-05-01 10:17:07,652 - payments.gateway - INFO - Foydalanuvchi 197 tizimga kirdi, sessiya 77e197a2f575
2024-05-01 10:17:15,961 - payments.gateway - INFO - Foydalanuvchi 456 tizimga kirdi, sessiya 39ef4ed1116c
2024-05-01 10:17:16,730 - api.orders - WARN - Ulanishlar hovuzi 1418% to'lgan
2024-05-01 10:17:20,163 - api.auth - DEBUG - Cache hit key=user:317 ttl=745s
2024-05-01 10:17:41,720 - db.pool - INFO - Foydalanuvchi 374 tizimga kirdi, sessiya efbc1364d7cb
2024-05-01 10:17:54,094 - db.pool - INFO - So'rov bajarildi: GET /api/v1/users — 2888ms
2024-05-01 10:17:58,132 - payments.gateway - ERROR - To'lov rad etildi order=65759 kod=INSUFFICIENT_FUNDS
2024-05-01 10:18:01,714 - api.auth - WARN - Sekin so'rov: /api/v1/orders 3011ms chegaradan oshdi
2024-05-01 10:18:10,866 - worker.email - ERROR - DB ulanishi uzildi: timeout after 3285ms host=db-885
2024-05-01 10:18:33,834 - scheduler - ERROR - DB ulanishi uzildi: timeout after 2328ms host=db-433
2024-05-01 10:18:38,276 - cache.redis - ERROR - DB ulanishi uzildi: timeout after 2453ms host=db-504
2024-05-01 10:18:38,311 - cache.redis - INFO - Foydalanuvchi 499 tizimga kirdi, sessiya 0e682ec82cc1
2024-05-01 10:19:00,722 - worker.email - WARN - Ulanishlar hovuzi 2497% to'lgan
2024-05-01 10:19:02,171 - db.pool - INFO - So'rov bajarildi: GET /api/v1/orders — 1374ms
2024-05-01 10:19:03,585 - api.orders - INFO - Buyurtma yaratildi id=42625 summa=1802547.51
2024-05-01 10:19:04,433 - cache.redis - INFO - Foydalanuvchi 470 tizimga kirdi, sessiya d33ff1951658
2024-05-01 10:19:18,432 - cache.redis - INFO - So'rov bajarildi: GET /api/v1/users — 128ms
2024-05-01 10:19:54,479 - api.orders - INFO - So'rov bajarildi: GET /api/v1/users — 2096ms
2024-05-01 10:19:56,942 - cache.redis - ERROR - DB ulanishi uzildi: timeout after 2708ms host=db-275
2024-05-01 10:20:07,902 - db.pool - ERROR - DB ulanishi uzildi: timeout after 3952ms host=db-305
2024-05-01 10:20:08,694 - worker.email - INFO - Foydalanuvchi 847 tizimga kirdi, sessiya 810068e18447
2024-05-01 10:20:13,274 - scheduler - INFO - So'rov bajarildi: POST /api/v1/users — 3762ms
2024-05-01 10:20:33,673 - cache.redis - CRITICAL - Xizmat javob bermayapti: worker-802 qayta ishga tushirilmoqda
2024-05-01 10:20:48,816 - cache.redis - WARN - Sekin so'rov: /api/v1/users 720ms chegaradan oshdi
2024-05-01 10:20:54,316 - api.auth - DEBUG - Cache hit key=user:859 ttl=3740s
2024-05-01 10:20:56,491 - api.auth - WARN - Ulanishlar hovuzi 2000% to'lgan
2024-05-01 10:20:59,925 - scheduler - INFO - So'rov bajarildi: GET /api/v1/users — 1484ms
2024-05-01 10:21:18,213 - scheduler - INFO - Buyurtma yaratildi id=83979 summa=3444238.61
2024-05-01 10:21:20,924 - worker.email - ERROR - DB ulanishi uzildi: timeout after 1102ms host=db-638
2024-05-01 10:21:24,013 - db.pool - INFO - So'rov bajarildi: GET /login — 2130ms
2024-05-01 10:21:42,560 - payments.gateway - WARN - Sekin so'rov: /login 4124ms chegaradan oshdi
2024-05-01 10:21:44,272 - payments.gateway - INFO - Buyurtma yaratildi id=75876 summa=605036.31
2024-05-01 10:21:49,044 - worker.email - DEBUG - Cache hit key=user:741 ttl=3632s
2024-05-01 10:21:52,124 - db.pool - INFO - So'rov bajarildi: POST /api/v1/users — 2976ms
2024-05-01 10:22:56,978 - scheduler - INFO - Buyurtma yaratildi id=93361 summa=1724449.07
2024-05-01 10:23:01,834 - payments.gateway - INFO - So'rov bajarildi: POST /api/v1/orders — 4126ms
2024-05-01 10:23:02,244 - api.orders - DEBUG - Cache hit key=user:431 ttl=2514s
2024-05-01 10:23:04,274 - api.orders - DEBUG - Cache hit key=user:861 ttl=4165s
2024-05-01 10:23:06,057 - scheduler - INFO - Foydalanuvchi 590 tizimga kirdi, sessiya 33a4e4bf69a9
2024-05-01 10:23:09,626 - db.pool - INFO - So'rov bajarildi: GET /api/v1/orders — 2023ms
2024-05-01 10:23:28,863 - db.pool - CRITICAL - Xizmat javob bermayapti: worker-802 qayta ishga tushirilmoqda
2024-05-01 10:23:30,384 - cache.redis - INFO - Buyurtma yaratildi id=91507 summa=2286401.74
2024-05-01 10:23:40,095 - cache.redis - INFO - Foydalanuvchi 501 tizimga kirdi, sessiya d8dc75938ca8
2024-05-01 10:24:01,077 - api.orders - INFO - So'rov bajarildi: POST /api/v1/orders — 2823ms
2024-05-01 10:24:07,536 - scheduler - WARN - Sekin so'rov: /login 3123ms chegaradan oshdi
2024-05-01 10:24:24,322 - payments.gateway - DEBUG - Cache hit key=user:79 ttl=3513s
2024-05-01 10:24:30,353 - db.pool - INFO - Buyurtma yaratildi id=93902 summa=1023315.89
2024-05-01 10:24:56,309 - api.auth - WARN - Ulanishlar hovuzi 3498% to'lgan
2024-05-01 10:24:57,930 - payments.gateway - INFO - So'rov bajarildi: POST /api/v1/orders — 482ms
2024-05-01 10:25:04,185 - scheduler - WARN - Ulanishlar hovuzi 910% to'lgan
2024-05-01 10:25:22,169 - api.auth - INFO - So'rov bajarildi: POST /login — 369ms
2024-05-01 10:25:34,319 - payments.gateway - WARN - Sekin so'rov: /login 408ms chegaradan oshdi
2024-05-01 10:25:36,712 - api.orders - INFO - Foydalanuvchi 484 tizimga kirdi, sessiya bb662e24547d
2024-05-01 10:25:38,541 - worker.email - DEBUG - Cache hit key=user:315 ttl=3353s
2024-05-01 10:25:54,398 - api.auth - INFO - So'rov bajarildi: POST /login — 540ms
2024-05-01 10:26:03,117 - db.pool - INFO - Foydalanuvchi 520 tizimga kirdi, sessiya bb05676aecf4
2024-05-01 10:26:06,425 - db.pool - INFO - Buyurtma yaratildi id=60244 summa=2755291.36
2024-05-01 10:26:25,547 - worker.email - INFO - Foydalanuvchi 297 tizimga kirdi, sessiya 2c2737cfaaa1
2024-05-01 10:26:33,369 - api.auth - INFO - So'rov bajarildi: POST /api/v1/orders — 4193ms
2024-05-01 10:26:56,884 - cache.redis - INFO - So'rov bajarildi: GET /api/v1/orders — 2011ms
2024-05-01 10:27:04,476 - worker.email - INFO - So'rov bajarildi: POST /api/v1/orders — 833ms
2024-05-01 10:27:06,615 - worker.email - INFO - Foydalanuvchi 83 tizimga kirdi, sessiya f6ebbd3a00e2
2024-05-01 10:27:10,139 - scheduler - INFO - Foydalanuvchi 286 tizimga kirdi, sessiya 30bc2a3659e1
2024-05-01 10:27:34,815 - db.pool - INFO - So'rov bajarildi: POST /api/v1/users — 3224ms
2024-05-01 10:27:38,627 - api.orders - WARN - Sekin so'rov: /api/v1/orders 3416ms chegaradan oshdi
2024-05-01 10:27:51,484 - db.pool - DEBUG - Cache hit key=user:631 ttl=2753s
2024-05-01 10:28:09,464 - worker.email - WARN - Ulanishlar hovuzi 361% to'lgan
2024-05-01 10:28:16,650 - payments.gateway - INFO - So'rov bajarildi: POST /login — 2862ms
2024-05-01 10:28:17,205 - cache.redis - INFO - So'rov bajarildi: POST /api/v1/users — 961ms
2024-05-01 10:28:34,326 - cache.redis - WARN - Ulanishlar hovuzi 3662% to'lgan
2024-05-01 10:28:41,387 - db.pool - INFO - So'rov bajarildi: GET /api/v1/orders — 1006ms
2024-05-01 10:28:49,029 - scheduler - INFO - Foydalanuvchi 647 tizimga kirdi, sessiya ed7083d7836b
2024-05-01 10:28:50,735 - api.auth - WARN - Ulanishlar hovuzi 1332% to'lgan
2024-05-01 10:28:53,174 - payments.gateway - INFO - Foydalanuvchi 606 tizimga kirdi, sessiya 42af31616003
2024-05-01 10:28:56,446 - cache.redis - WARN - Ulanishlar hovuzi 587% to'lgan
2024-05-01 10:29:01,162 - db.pool - INFO - So'rov bajarildi: POST /api/v1/orders — 824ms
2024-05-01 10:29:06,444 - api.orders - INFO - So'rov bajarildi: GET /login — 1608ms
2024-05-01 10:29:10,538 - payments.gateway - DEBUG - Cache hit key=user:123 ttl=2333s
2024-05-01 10:29:13,890 - payments.gateway - INFO - So'rov bajarildi: GET /login — 2244ms
2024-05-01 10:29:30,429 - db.pool - WARN - Ulanishlar hovuzi 3771% to'lgan
2024-05-01 10:29:33,271 - db.pool - INFO - So'rov bajarildi: GET /api/v1/users — 2157ms
2024-05-01 10:29:43,035 - worker.email - INFO - Foydalanuvchi 764 tizimga kirdi, sessiya fe81caad5207
2024-05-01 10:29:44,943 - payments.gateway - INFO - So'rov bajarildi: POST /login — 2355ms
2024-05-01 10:30:10,945 - payments.gateway - WARN - Ulanishlar hovuzi 1552% to'lgan
2024-05-01 10:30:11,601 - worker.email - INFO - Buyurtma yaratildi id=47984 summa=1657392.94
2024-05-01 10:30:24,523 - worker.email - INFO - Buyurtma yaratildi id=46221 summa=2394868.22
2024-05-01 10:30:42,869 - payments.gateway - WARN - Ulanishlar hovuzi 3498% to'lgan
2024-05-01 10:30:43,781 - cache.redis - INFO - Buyurtma yaratildi id=59411 summa=2879914.67
2024-05-01 10:30:49,591 - scheduler - INFO - So'rov bajarildi: POST /api/v1/orders — 2046ms
2024-05-01 10:30:51,498 - payments.gateway - ERROR - DB ulanishi uzildi: timeout after 3539ms host=db-256
2024-05-01 10:31:01,133 - payments.gateway - WARN - Sekin so'rov: /api/v1/users 2316ms chegaradan oshdi
2024-05-01 10:31:01,731 - scheduler - INFO - So'rov bajarildi: POST /api/v1/users — 2021ms
2024-05-01 10:31:04,710 - db.pool - WARN - Sekin so'rov: /login 3972ms chegaradan oshdi
2024-05-01 10:31:10,309 - db.pool - DEBUG - Cache hit key=user:737 ttl=1332s
2024-05-01 10:31:10,709 - cache.redis - INFO - So'rov bajarildi: GET /login — 3840ms
2024-05-01 10:31:18,398 - api.auth - DEBUG - Cache hit key=user:590 ttl=696s
2024-05-01 10:31:18,804 - api.auth - INFO - Buyurtma yaratildi id=10127 summa=1185420.94
2024-05-01 10:31:19,532 - api.auth - INFO - Buyurtma yaratildi id=35323 summa=3508723.13
2024-05-01 10:31:22,945 - worker.email - ERROR - DB ulanishi uzildi: timeout after 975ms host=db-877
2024-05-01 10:31:24,291 - scheduler - INFO - So'rov bajarildi: GET /api/v1/orders — 1068ms
2024-05-01 10:31:24,668 - cache.redis - INFO - Buyurtma yaratildi id=17286 summa=57229.07
2024-05-01 10:31:39,600 - cache.redis - INFO - Foydalanuvchi 644 tizimga kirdi, sessiya 423a99345a09
2024-05-01 10:31:48,397 - api.auth - INFO - Foydalanuvchi 211 tizimga kirdi, sessiya 838652987f4b
2024-05-01 10:31:51,947 - db.pool - INFO - So'rov bajarildi: POST /login — 1034ms
2024-05-01 10:31:58,649 - api.auth - WARN - Sekin so'rov: /api/v1/users 2848ms chegaradan oshdi
2024-05-01 10:31:59,760 - payments.gateway - DEBUG - Cache hit key=user:729 ttl=1224s
2024-05-01 10:32:19,923 - payments.gateway - INFO - So'rov bajarildi: GET /login — 2721ms
2024-05-01 10:32:31,503 - cache.redis - INFO - So'rov bajarildi: GET /login — 2532ms
2024-05-01 10:32:31,849 - scheduler - INFO - So'rov bajarildi: POST /login — 1809ms
2024-05-01 10:32:37,893 - payments.gateway - INFO - Foydalanuvchi 614 tizimga kirdi, sessiya 6d451d920ee9
2024-05-01 10:33:27,420 - api.auth - INFO - So'rov bajarildi: POST /login — 1791ms
2024-05-01 10:33:32,486 - scheduler - WARN - Ulanishlar hovuzi 417% to'lgan
2024-05-01 10:33:33,288 - cache.redis - INFO - So'rov bajarildi: GET /api/v1/orders — 2659ms
2024-05-01 10:33:41,069 - worker.email - DEBUG - Cache hit key=user:874 ttl=120s
2024-05-01 10:33:46,830 - api.auth - CRITICAL - Xizmat javob bermayapti: worker-288 qayta ishga tushirilmoqda
2024-05-01 10:33:53,266 - api.orders - WARN - Sekin so'rov: /login 129ms chegaradan oshdi
2024-05-01 10:33:56,870 - cache.redis - INFO - Foydalanuvchi 743 tizimga kirdi, sessiya 080c2340ac1b
2024-05-01 10:33:57,217 - db.pool - INFO - So'rov bajarildi: GET /api/v1/users — 1768ms
2024-05-01 10:34:18,969 - scheduler - DEBUG - Cache hit key=user:662 ttl=3553s
2024-05-01 10:34:22,150 - api.orders - INFO - So'rov bajarildi: GET /api/v1/orders — 2147ms
2024-05-01 10:34:26,324 - payments.gateway - WARN - Ulanishlar hovuzi 2835% to'lgan
2024-05-01 10:34:28,516 - cache.redis - DEBUG - Cache hit key=user:96 ttl=449s
2024-05-01 10:34:35,570 - db.pool - CRITICAL - Xizmat javob bermayapti: worker-431 qayta ishga tushirilmoqda
2024-05-01 10:34:40,672 - cache.redis - WARN - Ulanishlar hovuzi 775% to'lgan
2024-05-01 10:34:41,861 - scheduler - INFO - So'rov bajarildi: GET /api/v1/users — 1250ms
2024-05-01 10:34:48,437 - worker.email - INFO - Foydalanuvchi 702 tizimga kirdi, sessiya 11b2a2e4c615
2024-05-01 10:34:53,257 - cache.redis - WARN - Sekin so'rov: /api/v1/orders 3776ms chegaradan oshdi
2024-05-01 10:35:01,066 - payments.gateway - INFO - So'rov bajarildi: GET /api/v1/users — 2009ms
2024-05-01 10:35:08,264 - cache.redis - INFO - So'rov bajarildi: GET /api/v1/users — 333ms
2024-05-01 10:35:16,756 - scheduler - DEBUG - Cache hit key=user:85 ttl=5s
2024-05-01 10:35:23,921 - scheduler - INFO - So'rov bajarildi: GET /api/v1/users — 781ms
2024-05-01 10:35:25,212 - db.pool - INFO - So'rov bajarildi: GET /login — 3059ms
2024-05-01 10:35:55,482 - api.auth - INFO - Buyurtma yaratildi id=10455 summa=3247159.37
2024-05-01 10:36:00,352 - api.orders - INFO - So'rov bajarildi: GET /api/v1/orders — 1838ms
2024-05-01 10:36:04,377 - api.orders - WARN - Sekin so'rov: /login 734ms chegaradan oshdi
2024-05-01 10:36:33,303 - api.orders - INFO - Foydalanuvchi 281 tizimga kirdi, sessiya e5b950540006
2024-05-01 10:36:38,146 - payments.gateway - INFO - So'rov bajarildi: GET /api/v1/orders — 3035ms
2024-05-01 10:36:39,474 - db.pool - INFO - So'rov bajarildi: POST /api/v1/orders — 1901ms
2024-05-01 10:36:39,568 - worker.email - INFO - Foydalanuvchi 861 tizimga kirdi, sessiya 945e68499ac3
2024-05-01 10:36:51,945 - api.auth - INFO - So'rov bajarildi: POST /api/v1/orders — 1249ms
2024-05-01 10:37:03,463 - scheduler - INFO - So'rov bajarildi: GET /api/v1/users — 1208ms
2024-05-01 10:37:07,970 - cache.redis - INFO - Foydalanuvchi 243 tizimga kirdi, sessiya 374882d783f0
2024-05-01 10:37:11,040 - worker.email - INFO - Buyurtma yaratildi id=93277 summa=1381390.57
2024-05-01 10:37:15,705 - payments.gateway - INFO - Buyurtma yaratildi id=77156 summa=2657497.85
2024-05-01 10:37:27,017 - scheduler - DEBUG - Cache hit key=user:118 ttl=678s
2024-05-01 10:37:33,129 - worker.email - INFO - Buyurtma yaratildi id=51793 summa=1178557.7
2024-05-01 10:37:49,633 - api.auth - DEBUG - Cache hit key=user:78 ttl=3163s
2024-05-01 10:37:51,760 - cache.redis - CRITICAL - Xizmat javob bermayapti: worker-257 qayta ishga tushirilmoqda
2024-05-01 10:38:14,296 - payments.gateway - ERROR - DB ulanishi uzildi: timeout after 1842ms host=db-464
2024-05-01 10:38:15,851 - payments.gateway - INFO - Foydalanuvchi 267 tizimga kirdi, sessiya 1b9a6acdcf4a
2024-05-01 10:38:16,850 - scheduler - INFO - Buyurtma yaratildi id=72623 summa=3954806.72
2024-05-01 10:38:21,801 - cache.redis - INFO - Foydalanuvchi 609 tizimga kirdi, sessiya 8663b988d2cb
2024-05-01 10:38:25,311 - api.orders - WARN - Sekin so'rov: /api/v1/users 936ms chegaradan oshdi
2024-05-01 10:38:26,183 - worker.email - WARN - Ulanishlar hovuzi 3320% to'lgan
2024-05-01 10:38:38,543 - payments.gateway - DEBUG - Cache hit key=user:30 ttl=3950s
2024-05-01 10:38:49,209 - db.pool - INFO - So'rov bajarildi: POST /login — 856ms
2024-05-01 10:39:08,000 - api.orders - WARN - Sekin so'rov: /login 1568ms chegaradan oshdi
2024-05-01 10:39:22,545 - db.pool - DEBUG - Cache hit key=user:726 ttl=2914s
2024-05-01 10:39:30,665 - payments.gateway - INFO - Buyurtma yaratildi id=79775 summa=1846864.17
2024-05-01 10:39:40,091 - scheduler - INFO - Foydalanuvchi 548 tizimga kirdi, sessiya c51ac9965ebd
2024-05-01 10:40:02,435 - scheduler - INFO - Foydalanuvchi 627 tizimga kirdi, sessiya b364ebcbfc32
2024-05-01 10:40:07,392 - api.orders - ERROR - DB ulanishi uzildi: timeout after 588ms host=db-531
2024-05-01 10:40:16,871 - db.pool - INFO - So'rov bajarildi: POST /api/v1/orders — 3790ms
2024-05-01 10:40:18,809 - scheduler - INFO - So'rov bajarildi: GET /login — 1822ms
2024-05-01 10:40:20,666 - scheduler - INFO - Foydalanuvchi 193 tizimga kirdi, sessiya 122a1fdae918
2024-05-01 10:40:24,520 - payments.gateway - INFO - So'rov bajarildi: GET /login — 517ms
2024-05-01 10:40:30,919 - cache.redis - INFO - So'rov bajarildi: GET /login — 1421ms
2024-05-01 10:40:48,390 - cache.redis - INFO - Buyurtma yaratildi id=24278 summa=2460590.05
2024-05-01 10:40:49,498 - api.orders - INFO - Foydalanuvchi 174 tizimga kirdi, sessiya 8849e1ddceda
2024-05-01 10:41:03,895 - scheduler - WARN - Ulanishlar hovuzi 2484% to'lgan
2024-05-01 10:41:04,415 - payments.gateway - INFO - So'rov bajarildi: GET /api/v1/users — 3957ms
2024-05-01 10:41:35,921 - scheduler - INFO - So'rov bajarildi: POST /login — 2392ms
2024-05-01 10:41:38,536 - worker.email - INFO - So'rov bajarildi: POST /api/v1/users — 3158ms
2024-05-01 10:41:42,053 - worker.email - INFO - Foydalanuvchi 747 tizimga kirdi, sessiya 66ba96e280db
2024-05-01 10:41:47,355 - db.pool - WARN - Ulanishlar hovuzi 3429% to'lgan
2024-05-01 10:41:53,187 - cache.redis - INFO - So'rov bajarildi: POST /api/v1/users — 1031ms
2024-05-01 10:41:57,301 - cache.redis - INFO - So'rov bajarildi: POST /api/v1/orders — 1903ms
2024-05-01 10:42:06,218 - api.auth - INFO - Foydalanuvchi 99 tizimga kirdi, sessiya 8fb98fd63ca9
2024-05-01 10:42:12,775 - api.auth - DEBUG - Cache hit key=user:577 ttl=3771s
2024-05-01 10:42:19,318 - worker.email - INFO - So'rov bajarildi: POST /login — 1602ms
2024-05-01 10:42:33,584 - payments.gateway - INFO - So'rov bajarildi: POST /login — 3365ms
2024-05-01 10:42:35,272 - cache.redis - WARN - Ulanishlar hovuzi 1529% to'lgan
2024-05-01 10:42:40,807 - payments.gateway - INFO - Buyurtma yaratildi id=66092 summa=461965.08
2024-05-01 10:42:41,025 - payments.gateway - INFO - So'rov bajarildi: POST /login — 2630ms
2024-05-01 10:42:43,013 - scheduler - INFO - So'rov bajarildi: GET /api/v1/orders — 347ms
2024-05-01 10:42:48,559 - payments.gateway - INFO - Buyurtma yaratildi id=92369 summa=3200071.45
2024-05-01 10:42:53,206 - cache.redis - INFO - Foydalanuvchi 32 tizimga kirdi, sessiya f07e7706eb2c
2024-05-01 10:43:10,151 - api.auth - INFO - So'rov bajarildi: POST /api/v1/orders — 680ms
2024-05-01 10:43:18,142 - api.orders - INFO - So'rov bajarildi: POST /login — 1515ms
2024-05-01 10:43:18,270 - api.orders - ERROR - To'lov rad etildi order=16142 kod=INSUFFICIENT_FUNDS
2024-05-01 10:43:19,053 - payments.gateway - INFO - Foydalanuvchi 582 tizimga kirdi, sessiya 2f098d42da23
2024-05-01 10:43:22,594 - cache.redis - ERROR - To'lov rad etildi order=60957 kod=INSUFFICIENT_FUNDS
2024-05-01 10:43:28,712 - worker.email - WARN - Sekin so'rov: /login 703ms chegaradan oshdi
2024-05-01 10:43:34,953 - worker.email - WARN - Ulanishlar hovuzi 385% to'lgan
2024-05-01 10:43:57,439 - api.orders - DEBUG - Cache hit key=user:881 ttl=762s
2024-05-01 10:43:59,013 - worker.email - DEBUG - Cache hit key=user:232 ttl=1759s
2024-05-01 10:44:24,135 - worker.email - INFO - So'rov bajarildi: POST /api/v1/users — 3185ms
2024-05-01 10:44:33,152 - api.auth - INFO - So'rov bajarildi: GET /api/v1/orders — 45ms
2024-05-01 10:45:01,345 - scheduler - INFO - So'rov bajarildi: POST /api/v1/orders — 1293ms
2024-05-01 10:45:06,690 - api.orders - CRITICAL - Xizmat javob bermayapti: worker-366 qayta ishga tushirilmoqda
2024-05-01 10:45:18,095 - db.pool - WARN - Ulanishlar hovuzi 3204% to'lgan
2024-05-01 10:45:19,725 - api.orders - WARN - Sekin so'rov: /login 1342ms chegaradan oshdi
2024-05-01 10:45:33,175 - api.auth - WARN - Sekin so'rov: /api/v1/orders 416ms chegaradan oshdi
2024-05-01 10:45:36,747 - db.pool - DEBUG - Cache hit key=user:290 ttl=2345s
2024-05-01 10:45:52,966 - db.pool - INFO - Foydalanuvchi 447 tizimga kirdi, sessiya 65adf75eabbe
2024-05-01 10:46:02,730 - api.orders - INFO - So'rov bajarildi: GET /api/v1/users — 2949ms
2024-05-01 10:46:03,356 - api.auth - DEBUG - Cache hit key=user:749 ttl=1114s
2024-05-01 10:46:11,464 - worker.email - INFO - So'rov bajarildi: POST /api/v1/orders — 3118ms
2024-05-01 10:46:13,308 - payments.gateway - DEBUG - Cache hit key=user:472 ttl=3972s
2024-05-01 10:46:28,930 - api.orders - INFO - Foydalanuvchi 221 tizimga kirdi, sessiya 65c76adfc383
2024-05-01 10:46:29,774 - api.orders - INFO - So'rov bajarildi: GET /login — 3996ms
2024-05-01 10:46:55,827 - cache.redis - INFO - Buyurtma yaratildi id=19274 summa=1790725.62
2024-05-01 10:46:56,875 - api.orders - INFO - So'rov bajarildi: POST /api/v1/orders — 2624ms
2024-05-01 10:47:20,499 - api.orders - WARN - Ulanishlar hovuzi 2605% to'lgan
2024-05-01 10:47:23,642 - scheduler - INFO - Foydalanuvchi 633 tizimga kirdi, sessiya 8323da107c4b
2024-05-01 10:47:25,793 - api.auth - INFO - So'rov bajarildi: POST /api/v1/users — 3064ms
2024-05-01 10:47:27,764 - cache.redis - INFO - Foydalanuvchi 534 tizimga kirdi, sessiya ac1947fbc436
2024-05-01 10:47:32,609 - worker.email - INFO - Buyurtma yaratildi id=96545 summa=3023648.54
2024-05-01 10:47:44,791 - payments.gateway - INFO - So'rov bajarildi: GET /api/v1/users — 1699ms
2024-05-01 10:47:49,472 - payments.gateway - INFO - Foydalanuvchi 670 tizimga kirdi, sessiya df3298b43a67
2024-05-01 10:47:52,093 - scheduler - INFO - Buyurtma yaratildi id=79863 summa=2687804.85
2024-05-01 10:47:55,062 - api.auth - DEBUG - Cache hit key=user:652 ttl=1419s
2024-05-01 10:48:05,080 - scheduler - INFO - So'rov bajarildi: POST /api/v1/users — 2437ms
2024-05-01 10:48:05,384 - scheduler - INFO - Foydalanuvchi 312 tizimga kirdi, sessiya b51b4fce1d93
2024-05-01 10:48:07,813 - worker.email - DEBUG - Cache hit key=user:117 ttl=3462s
2024-05-01 10:48:23,991 - scheduler - WARN - Ulanishlar hovuzi 1630% to'lgan
2024-05-01 10:48:25,798 - payments.gateway - INFO - So'rov bajarildi: POST /api/v1/users — 1731ms
2024-05-01 10:48:44,077 - cache.redis - INFO - So'rov bajarildi: GET /api/v1/users — 2008ms
2024-05-01 10:48:54,590 - worker.email - INFO - Foydalanuvchi 642 tizimga kirdi, sessiya 9c3e569a16d1
2024-05-01 10:49:03,506 - worker.email - INFO - So'rov bajarildi: POST /api/v1/orders — 1382ms
2024-05-01 10:49:07,365 - api.orders - INFO - So'rov bajarildi: POST /login — 1648ms
2024-05-01 10:49:19,414 - worker.email - INFO - Buyurtma yaratildi id=57115 summa=714968.35
2024-05-01 10:49:37,126 - db.pool - WARN - Sekin so'rov: /api/v1/orders 1272ms chegaradan oshdi
2024-05-01 10:50:30,213 - api.auth - INFO - Foydalanuvchi 622 tizimga kirdi, sessiya 712b9e32b716
2024-05-01 10:50:33,983 - api.auth - WARN - Ulanishlar hovuzi 1216% to'lgan
2024-05-01 10:50:35,476 - scheduler - ERROR - DB ulanishi uzildi: timeout after 1889ms host=db-499
2024-05-01 10:50:41,606 - worker.email - INFO - Foydalanuvchi 535 tizimga kirdi, sessiya faf295ec90c6
2024-05-01 10:50:55,750 - worker.email - CRITICAL - Xizmat javob bermayapti: worker-659 qayta ishga tushirilmoqda
2024-05-01 10:51:03,173 - cache.redis - INFO - Buyurtma yaratildi id=98541 summa=1897314.69
2024-05-01 10:51:23,549 - cache.redis - INFO - Foydalanuvchi 860 tizimga kirdi, sessiya 99173c6dda7e
2024-05-01 10:51:23,643 - db.pool - INFO - So'rov bajarildi: POST /api/v1/users — 1823ms
2024-05-01 10:51:32,473 - cache.redis - INFO - So'rov bajarildi: GET /login — 1017ms
2024-05-01 10:51:36,747 - api.orders - INFO - So'rov bajarildi: GET /login — 3858ms
2024-05-01 10:51:50,070 - worker.email - INFO - Foydalanuvchi 482 tizimga kirdi, sessiya f5a4226d5774
2024-05-01 10:51:55,301 - api.orders - INFO - So'rov bajarildi: GET /login — 1182ms
2024-05-01 10:52:06,203 - scheduler - INFO - Foydalanuvchi 728 tizimga kirdi, sessiya 2af3d080c6a4
2024-05-01 10:52:09,880 - scheduler - INFO - Foydalanuvchi 555 tizimga kirdi, sessiya ee219ca960b2
2024-05-01 10:52:19,460 - api.orders - INFO - So'rov bajarildi: POST /api/v1/orders — 4187ms
2024-05-01 10:52:32,963 - payments.gateway - ERROR - To'lov rad etildi order=29341 kod=INSUFFICIENT_FUNDS
2024-05-01 10:52:45,044 - api.auth - ERROR - To'lov rad etildi order=76423 kod=INSUFFICIENT_FUNDS
2024-05-01 10:53:12,687 - worker.email - INFO - So'rov bajarildi: GET /login — 1428ms
2024-05-01 10:53:14,927 - api.auth - ERROR - DB ulanishi uzildi: timeout after 4160ms host=db-789
2024-05-01 10:53:17,616 - api.orders - INFO - So'rov bajarildi: GET /api/v1/users — 2795ms
2024-05-01 10:53:36,039 - db.pool - INFO - So'rov bajarildi: GET /login — 2512ms
2024-05-01 10:53:47,464 - cache.redis - DEBUG - Cache hit key=user:114 ttl=626s
2024-05-01 10:53:51,930 - api.orders - INFO - So'rov bajarildi: POST /api/v1/orders — 2875ms
2024-05-01 10:53:52,226 - scheduler - WARN - Ulanishlar hovuzi 2961% to'lgan
2024-05-01 10:54:08,692 - cache.redis - DEBUG - Cache hit key=user:566 ttl=3201s
2024-05-01 10:54:08,748 - db.pool - WARN - Sekin so'rov: /login 3521ms chegaradan oshdi
2024-05-01 10:54:51,278 - scheduler - ERROR - DB ulanishi uzildi: timeout after 1048ms host=db-368
2024-05-01 10:55:02,327 - scheduler - DEBUG - Cache hit key=user:389 ttl=1008s
2024-05-01 10:55:10,532 - db.pool - DEBUG - Cache hit key=user:806 ttl=1150s
2024-05-01 10:55:12,625 - api.orders - INFO - Foydalanuvchi 663 tizimga kirdi, sessiya 16906f983be9
2024-05-01 10:55:14,044 - worker.email - INFO - So'rov bajarildi: POST /api/v1/users — 2506ms
2024-05-01 10:55:16,095 - api.orders - WARN - Sekin so'rov: /api/v1/users 3901ms chegaradan oshdi
2024-05-01 10:55:16,677 - api.orders - DEBUG - Cache hit key=user:267 ttl=975s
2024-05-01 10:55:23,545 - worker.email - ERROR - To'lov rad etildi order=50312 kod=INSUFFICIENT_FUNDS
2024-05-01 10:55:29,587 - payments.gateway - ERROR - DB ulanishi uzildi: timeout after 2228ms host=db-746
2024-05-01 10:55:40,142 - scheduler - INFO - So'rov bajarildi: GET /api/v1/users — 898ms
2024-05-01 10:56:01,521 - api.auth - INFO - So'rov bajarildi: POST /login — 2974ms
2024-05-01 10:56:05,676 - worker.email - DEBUG - Cache hit key=user:567 ttl=1408s
2024-05-01 10:56:09,273 - payments.gateway - INFO - Foydalanuvchi 597 tizimga kirdi, sessiya 73caa20d3cf7
2024-05-01 10:56:19,922 - api.auth - INFO - Foydalanuvchi 538 tizimga kirdi, sessiya e4db04b86473
2024-05-01 10:56:21,849 - worker.email - ERROR - DB ulanishi uzildi: timeout after 439ms host=db-322
2024-05-01 10:56:46,450 - cache.redis - INFO - So'rov bajarildi: GET /login — 839ms
2024-05-01 10:56:51,636 - db.pool - INFO - Foydalanuvchi 399 tizimga kirdi, sessiya 3f45f368fa94
2024-05-01 10:56:59,943 - api.orders - DEBUG - Cache hit key=user:879 ttl=1694s
2024-05-01 10:57:12,262 - db.pool - WARN - Sekin so'rov: /api/v1/users 4001ms chegaradan oshdi
2024-05-01 10:57:33,436 - cache.redis - INFO - So'rov bajarildi: GET /api/v1/orders — 3898ms
2024-05-01 10:57:46,285 - cache.redis - INFO - So'rov bajarildi: GET /login — 323ms
2024-05-01 10:57:50,771 - scheduler - INFO - Foydalanuvchi 103 tizimga kirdi, sessiya ee214a35d62d
2024-05-01 10:58:02,246 - db.pool - WARN - Ulanishlar hovuzi 1893% to'lgan
2024-05-01 10:58:11,269 - db.pool - ERROR - DB ulanishi uzildi: timeout after 3125ms host=db-452
2024-05-01 10:58:19,558 - api.orders - DEBUG - Cache hit key=user:480 ttl=1153s
2024-05-01 10:58:38,956 - db.pool - INFO - Buyurtma yaratildi id=59029 summa=3452025.25
2024-05-01 10:58:54,235 - worker.email - CRITICAL - Xizmat javob bermayapti: worker-842 qayta ishga tushirilmoqda
2024-05-01 10:59:21,693 - scheduler - INFO - Foydalanuvchi 819 tizimga kirdi, sessiya 60b0a8073d5c
2024-05-01 10:59:24,711 - worker.email - INFO - Foydalanuvchi 651 tizimga kirdi, sessiya bcdba39568fe
2024-05-01 10:59:53,447 - payments.gateway - DEBUG - Cache hit key=user:710 ttl=425s
2024-05-01 11:00:22,998 - db.pool - INFO - So'rov bajarildi: POST /login — 3086ms
2024-05-01 11:00:34,366 - api.auth - INFO - So'rov bajarildi: POST /api/v1/orders — 830ms
2024-05-01 11:00:38,542 - scheduler - INFO - Foydalanuvchi 781 tizimga kirdi, sessiya 77a3cff33019
2024-05-01 11:00:41,524 - payments.gateway - INFO - Foydalanuvchi 775 tizimga kirdi, sessiya a80915ac35d3
2024-05-01 11:00:48,590 - api.auth - DEBUG - Cache hit key=user:213 ttl=1215s
2024-05-01 11:00:54,465 - cache.redis - DEBUG - Cache hit key=user:182 ttl=1645s
2024-05-01 11:00:58,582 - payments.gateway - INFO - Buyurtma yaratildi id=25987 summa=1023916.12
2024-05-01 11:01:10,075 - scheduler - INFO - So'rov bajarildi: POST /login — 3053ms
2024-05-01 11:01:11,996 - cache.redis - DEBUG - Cache hit key=user:689 ttl=1735s
2024-05-01 11:01:23,658 - scheduler - INFO - So'rov bajarildi: POST /api/v1/orders — 2491ms
2024-05-01 11:01:27,487 - api.orders - INFO - So'rov bajarildi: GET /login — 369ms
2024-05-01 11:01:27,588 - api.orders - INFO - Foydalanuvchi 304 tizimga kirdi, sessiya 2ec8466ee96f
2024-05-01 11:01:32,364 - api.auth - INFO - Foydalanuvchi 337 tizimga kirdi, sessiya b20fe8a0faae
2024-05-01 11:01:38,060 - api.auth - DEBUG - Cache hit key=user:691 ttl=485s
2024-05-01 11:01:56,146 - cache.redis - INFO - Foydalanuvchi 370 tizimga kirdi, sessiya fffd2e829bbf
2024-05-01 11:02:10,725 - payments.gateway - DEBUG - Cache hit key=user:36 ttl=1607s
2024-05-01 11:02:12,971 - scheduler - INFO - Foydalanuvchi 368 tizimga kirdi, sessiya 0ef455aed109
2024-05-01 11:02:15,614 - db.pool - WARN - Sekin so'rov: /api/v1/users 3462ms chegaradan oshdi
2024-05-01 11:02:31,658 - api.auth - INFO - So'rov bajarildi: POST /api/v1/orders — 4093ms
2024-05-01 11:02:41,717 - payments.gateway - WARN - Ulanishlar hovuzi 3897% to'lgan
2024-05-01 11:02:50,053 - worker.email - DEBUG - Cache hit key=user:400 ttl=3652s
2024-05-01 11:02:52,161 - scheduler - DEBUG - Cache hit key=user:11 ttl=3448s
2024-05-01 11:03:11,163 - cache.redis - INFO - Foydalanuvchi 848 tizimga kirdi, sessiya 65531c66c86d
2024-05-01 11:03:12,044 - scheduler - INFO - So'rov bajarildi: POST /login — 689ms
2024-05-01 11:03:12,545 - scheduler - INFO - Buyurtma yaratildi id=93031 summa=253956.19
2024-05-01 11:03:37,507 - payments.gateway - WARN - Ulanishlar hovuzi 1470% to'lgan
2024-05-01 11:03:41,386 - db.pool - INFO - So'rov bajarildi: POST /login — 1739ms
2024-05-01 11:03:56,453 - cache.redis - DEBUG - Cache hit key=user:253 ttl=2096s
2024-05-01 11:04:00,492 - db.pool - WARN - Sekin so'rov: /api/v1/users 1808ms chegaradan oshdi
2024-05-01 11:04:09,584 - payments.gateway - DEBUG - Cache hit key=user:807 ttl=138s
2024-05-01 11:04:09,895 - payments.gateway - INFO - So'rov bajarildi: GET /login — 80ms
2024-05-01 11:04:14,068 - db.pool - INFO - Buyurtma yaratildi id=52712 summa=1099182.9
2024-05-01 11:04:28,302 - worker.email - INFO - So'rov bajarildi: GET /api/v1/orders — 896ms
2024-05-01 11:04:38,216 - cache.redis - INFO - So'rov bajarildi: GET /api/v1/orders — 1571ms
2024-05-01 11:04:40,781 - api.auth - ERROR - DB ulanishi uzildi: timeout after 3487ms host=db-263
2024-05-01 11:04:51,585 - worker.email - INFO - Buyurtma yaratildi id=94109 summa=2595590.65
2024-05-01 11:04:51,993 - worker.email - INFO - So'rov bajarildi: POST /api/v1/users — 3222ms
2024-05-01 11:04:56,422 - scheduler - INFO - So'rov bajarildi: GET /api/v1/users — 3341ms
2024-05-01 11:05:00,091 - api.orders - INFO - So'rov bajarildi: POST /api/v1/orders — 46ms
2024-05-01 11:05:25,559 - api.orders - DEBUG - Cache hit key=user:244 ttl=1261s
2024-05-01 11:05:37,973 - api.auth - INFO - Foydalanuvchi 100 tizimga kirdi, sessiya 368edf343a35
2024-05-01 11:05:45,359 - api.orders - WARN - Sekin so'rov: /login 3468ms chegaradan oshdi
2024-05-01 11:06:15,929 - scheduler - CRITICAL - Xizmat javob bermayapti: worker-11 qayta ishga tushirilmoqda
2024-05-01 11:06:21,239 - cache.redis - INFO - So'rov bajarildi: GET /api/v1/orders — 1742ms
2024-05-01 11:06:32,073 - cache.redis - DEBUG - Cache hit key=user:133 ttl=1742s
2024-05-01 11:06:49,579 - payments.gateway - INFO - Foydalanuvchi 425 tizimga kirdi, sessiya 04939211d7ec
2024-05-01 11:07:12,060 - db.pool - INFO - Foydalanuvchi 695 tizimga kirdi, sessiya f1c620f4efdc
2024-05-01 11:07:21,357 - api.auth - DEBUG - Cache hit key=user:474 ttl=3563s
2024-05-01 11:07:24,427 - worker.email - INFO - Foydalanuvchi 875 tizimga kirdi, sessiya d0509ce13053
2024-05-01 11:07:30,642 - db.pool - DEBUG - Cache hit key=user:643 ttl=4031s
2024-05-01 11:07:49,130 - scheduler - WARN - Sekin so'rov: /api/v1/orders 1068ms chegaradan oshdi
2024-05-01 11:07:50,329 - worker.email - INFO - So'rov bajarildi: POST /api/v1/orders — 418ms
2024-05-01 11:07:58,721 - payments.gateway - INFO - Foydalanuvchi 507 tizimga kirdi, sessiya 553b04c8c22b
2024-05-01 11:08:01,866 - api.auth - INFO - So'rov bajarildi: GET /api/v1/users — 876ms
2024-05-01 11:08:03,438 - db.pool - DEBUG - Cache hit key=user:331 ttl=1155s
2024-05-01 11:08:15,144 - payments.gateway - INFO - Foydalanuvchi 713 tizimga kirdi, sessiya 0186ec98e80c
2024-05-01 11:08:27,951 - api.orders - INFO - Foydalanuvchi 601 tizimga kirdi, sessiya 70293c1ebddc
2024-05-01 11:08:28,114 - payments.gateway - INFO - Foydalanuvchi 309 tizimga kirdi, sessiya c9297c764ae6
2024-05-01 11:08:32,436 - db.pool - CRITICAL - Xizmat javob bermayapti: worker-485 qayta ishga tushirilmoqda
2024-05-01 11:08:40,382 - api.orders - INFO - So'rov bajarildi: POST /api/v1/orders — 3774ms
2024-05-01 11:08:44,411 - db.pool - INFO - Foydalanuvchi 502 tizimga kirdi, sessiya b4b17fb2809b
2024-05-01 11:08:54,964 - scheduler - WARN - Sekin so'rov: /api/v1/users 1613ms chegaradan oshdi
2024-05-01 11:09:07,537 - api.orders - DEBUG - Cache hit key=user:120 ttl=920s
2024-05-01 11:09:12,052 - worker.email - DEBUG - Cache hit key=user:562 ttl=401s
2024-05-01 11:09:25,086 - db.pool - INFO - Foydalanuvchi 756 tizimga kirdi, sessiya 108fbd7ce9a3
2024-05-01 11:09:34,234 - payments.gateway - INFO - So'rov bajarildi: POST /api/v1/orders — 68ms
2024-05-01 11:09:35,480 - scheduler - INFO - So'rov bajarildi: GET /api/v1/orders — 1544ms
2024-05-01 11:09:47,827 - scheduler - INFO - So'rov bajarildi: POST /login — 135ms
2024-05-01 11:10:01,642 - worker.email - INFO - So'rov bajarildi: POST /login — 182ms
2024-05-01 11:10:17,093 - cache.redis - INFO - Buyurtma yaratildi id=41350 summa=325590.26
2024-05-01 11:10:30,608 - api.auth - INFO - Foydalanuvchi 387 tizimga kirdi, sessiya bf26fd1a5094
2024-05-01 11:11:05,922 - worker.email - WARN - Sekin so'rov: /api/v1/users 584ms chegaradan oshdi
2024-05-01 11:11:30,017 - api.orders - INFO - So'rov bajarildi: POST /login — 1301ms
2024-05-01 11:11:32,914 - api.orders - INFO - Buyurtma yaratildi id=91683 summa=3014222.2
2024-05-01 11:11:58,417 - worker.email - WARN - Ulanishlar hovuzi 2904% to'lgan
2024-05-01 11:12:09,005 - worker.email - WARN - Ulanishlar hovuzi 2936% to'lgan
2024-05-01 11:12:14,503 - payments.gateway - INFO - So'rov bajarildi: POST /api/v1/orders — 1717ms
2024-05-01 11:12:20,790 - payments.gateway - INFO - So'rov bajarildi: POST /api/v1/orders — 1423ms
2024-05-01 11:12:31,510 - api.auth - INFO - Buyurtma yaratildi id=93894 summa=583872.35
2024-05-01 11:12:32,379 - worker.email - INFO - Foydalanuvchi 606 tizimga kirdi, sessiya f6031fc4d6f4
2024-05-01 11:12:47,974 - payments.gateway - ERROR - DB ulanishi uzildi: timeout after 1981ms host=db-434
2024-05-01 11:12:51,224 - worker.email - WARN - Sekin so'rov: /login 84ms chegaradan oshdi
2024-05-01 11:12:56,306 - api.orders - INFO - Buyurtma yaratildi id=46618 summa=598998.91
2024-05-01 11:13:00,164 - scheduler - INFO - Buyurtma yaratildi id=94801 summa=3496002.01
2024-05-01 11:13:25,455 - payments.gateway - INFO - So'rov bajarildi: POST /login — 3947ms
2024-05-01 11:13:30,214 - db.pool - INFO - Foydalanuvchi 481 tizimga kirdi, sessiya aac5fbd3525a
2024-05-01 11:13:33,469 - cache.redis - INFO - Buyurtma yaratildi id=25054 summa=3627840.07
2024-05-01 11:13:35,270 - api.auth - DEBUG - Cache hit key=user:523 ttl=3214s
2024-05-01 11:13:36,376 - cache.redis - DEBUG - Cache hit key=user:108 ttl=411s
2024-05-01 11:14:09,474 - worker.email - DEBUG - Cache hit key=user:242 ttl=2073s
2024-05-01 11:14:17,794 - payments.gateway - INFO - Foydalanuvchi 623 tizimga kirdi, sessiya dd426f68e416
2024-05-01 11:14:19,760 - scheduler - WARN - Ulanishlar hovuzi 1457% to'lgan
2024-05-01 11:14:19,895 - db.pool - WARN - Sekin so'rov: /api/v1/orders 561ms chegaradan oshdi
2024-05-01 11:14:28,155 - api.orders - DEBUG - Cache hit key=user:476 ttl=1404s
2024-05-01 11:14:34,711 - payments.gateway - INFO - Foydalanuvchi 113 tizimga kirdi, sessiya 364ce661290e
2024-05-01 11:14:35,462 - payments.gateway - INFO - So'rov bajarildi: POST /api/v1/users — 455ms
2024-05-01 11:14:36,995 - db.pool - INFO - So'rov bajarildi: POST /api/v1/orders — 1620ms
2024-05-01 11:15:04,545 - cache.redis - INFO - Foydalanuvchi 600 tizimga kirdi, sessiya 7b54b447821e
2024-05-01 11:15:15,401 - payments.gateway - ERROR - DB ulanishi uzildi: timeout after 4092ms host=db-243
2024-05-01 11:15:19,908 - cache.redis - ERROR - DB ulanishi uzildi: timeout after 2974ms host=db-396
2024-05-01 11:15:26,819 - scheduler - INFO - So'rov bajarildi: POST /api/v1/users — 378ms
2024-05-01 11:15:31,682 - db.pool - CRITICAL - Xizmat javob bermayapti: worker-674 qayta ishga tushirilmoqda
2024-05-01 11:15:38,957 - api.auth - INFO - Buyurtma yaratildi id=55682 summa=2573327.7
2024-05-01 11:15:49,311 - cache.redis - INFO - So'rov bajarildi: GET /login — 2169ms
2024-05-01 11:15:57,493 - cache.redis - INFO - Buyurtma yaratildi id=88853 summa=949927.9
2024-05-01 11:16:02,691 - cache.redis - WARN - Sekin so'rov: /api/v1/users 3117ms chegaradan oshdi
2024-05-01 11:16:23,263 - api.orders - INFO - So'rov bajarildi: GET /api/v1/users — 2508ms
2024-05-01 11:16:33,330 - cache.redis - INFO - So'rov bajarildi: GET /api/v1/orders — 3102ms
2024-05-01 11:16:34,938 - api.orders - ERROR - To'lov rad etildi order=20943 kod=INSUFFICIENT_FUNDS
2024-05-01 11:16:39,069 - scheduler - WARN - Ulanishlar hovuzi 88% to'lgan
2024-05-01 11:16:50,518 - cache.redis - INFO - Foydalanuvchi 677 tizimga kirdi, sessiya 787f4163c20e
2024-05-01 11:16:51,860 - db.pool - INFO - So'rov bajarildi: GET /api/v1/orders — 1041ms
2024-05-01 11:16:57,596 - payments.gateway - INFO - Foydalanuvchi 576 tizimga kirdi, sessiya 098dda6b73fc
2024-05-01 11:17:07,528 - api.auth - INFO - Buyurtma yaratildi id=87614 summa=1393553.91
2024-05-01 11:17:27,456 - cache.redis - INFO - Buyurtma yaratildi id=29717 summa=132955.2
2024-05-01 11:17:33,710 - db.pool - INFO - Buyurtma yaratildi id=36654 summa=3309740.64
2024-05-01 11:17:48,046 - payments.gateway - INFO - So'rov bajarildi: GET /api/v1/users — 4048ms
2024-05-01 11:17:58,580 - worker.email - INFO - Buyurtma yaratildi id=87199 summa=2219486.8
2024-05-01 11:17:59,041 - api.auth - INFO - So'rov bajarildi: GET /api/v1/orders — 3841ms
2024-05-01 11:17:59,466 - cache.redis - INFO - Buyurtma yaratildi id=16053 summa=738669.38
2024-05-01 11:18:00,579 - cache.redis - INFO - So'rov bajarildi: GET /login — 4145ms
2024-05-01 11:18:02,421 - payments.gateway - INFO - So'rov bajarildi: GET /login — 3392ms
2024-05-01 11:18:07,856 - api.orders - INFO - Buyurtma yaratildi id=65124 summa=1111061.95
2024-05-01 11:18:07,912 - payments.gateway - INFO - Foydalanuvchi 896 tizimga kirdi, sessiya 1cb56e0b2ffe
2024-05-01 11:18:08,544 - scheduler - DEBUG - Cache hit key=user:783 ttl=1718s
2024-05-01 11:18:10,646 - api.orders - WARN - Sekin so'rov: /api/v1/users 1736ms chegaradan oshdi
2024-05-01 11:18:51,181 - payments.gateway - WARN - Ulanishlar hovuzi 4048% to'lgan
2024-05-01 11:19:15,757 - db.pool - INFO - So'rov bajarildi: GET /login — 1145ms
2024-05-01 11:19:19,764 - db.pool - INFO - Buyurtma yaratildi id=71687 summa=3715148.99
2024-05-01 11:19:23,398 - api.auth - ERROR - To'lov rad etildi order=47380 kod=INSUFFICIENT_FUNDS
2024-05-01 11:19:33,088 - worker.email - INFO - Buyurtma yaratildi id=71958 summa=2188745.23
2024-05-01 11:19:42,430 - worker.email - ERROR - To'lov rad etildi order=20441 kod=INSUFFICIENT_FUNDS
2024-05-01 11:19:49,731 - db.pool - INFO - Foydalanuvchi 595 tizimga kirdi, sessiya d1c25970ed2e
2024-05-01 11:19:56,668 - api.auth - INFO - Buyurtma yaratildi id=80663 summa=853105.92
2024-05-01 11:20:04,477 - api.auth - INFO - So'rov bajarildi: POST /api/v1/users — 4096ms
2024-05-01 11:20:06,845 - payments.gateway - INFO - Foydalanuvchi 806 tizimga kirdi, sessiya 500d6c4fa8cb
2024-05-01 11:20:27,512 - api.orders - INFO - Buyurtma yaratildi id=98453 summa=2226647.07
2024-05-01 11:20:32,280 - worker.email - INFO - So'rov bajarildi: POST /login — 534ms
2024-05-01 11:20:33,981 - scheduler - INFO - So'rov bajarildi: POST /api/v1/orders — 842ms
2024-05-01 11:20:44,721 - cache.redis - INFO - So'rov bajarildi: POST /api/v1/users — 164ms
2024-05-01 11:21:00,190 - api.orders - INFO - Foydalanuvchi 764 tizimga kirdi, sessiya 88a211611e52
2024-05-01 11:21:08,932 - payments.gateway - INFO - Buyurtma yaratildi id=85640 summa=534894.57
2024-05-01 11:21:10,156 - api.auth - ERROR - DB ulanishi uzildi: timeout after 181ms host=db-212
2024-05-01 11:21:11,337 - scheduler - INFO - So'rov bajarildi: GET /login — 2551ms
2024-05-01 11:21:19,750 - worker.email - INFO - So'rov bajarildi: GET /api/v1/users — 364ms
2024-05-01 11:21:35,632 - payments.gateway - DEBUG - Cache hit key=user:120 ttl=4037s
2024-05-01 11:21:39,822 - worker.email - DEBUG - Cache hit key=user:388 ttl=2693s
2024-05-01 11:21:44,944 - api.orders - INFO - Foydalanuvchi 626 tizimga kirdi, sessiya a8250a7e3a97
2024-05-01 11:21:46,602 - payments.gateway - INFO - So'rov bajarildi: POST /api/v1/users — 3743ms
2024-05-01 11:21:47,439 - api.auth - INFO - Buyurtma yaratildi id=82295 summa=2933131.57
2024-05-01 11:21:53,152 - api.orders - INFO - So'rov bajarildi: GET /api/v1/orders — 1123ms
2024-05-01 11:22:08,791 - worker.email - INFO - Foydalanuvchi 77 tizimga kirdi, sessiya 4bd2a230e75f
2024-05-01 11:22:08,995 - worker.email - INFO - Foydalanuvchi 144 tizimga kirdi, sessiya e6fa150f1adb
2024-05-01 11:22:14,488 - api.orders - INFO - So'rov bajarildi: POST /login — 888ms
2024-05-01 11:22:15,454 - db.pool - WARN - Sekin so'rov: /login 757ms chegaradan oshdi
2024-05-01 11:22:20,377 - payments.gateway - ERROR - DB ulanishi uzildi: timeout after 3234ms host=db-183
2024-05-01 11:22:21,709 - db.pool - ERROR - To'lov rad etildi order=39595 kod=INSUFFICIENT_FUNDS
2024-05-01 11:22:23,014 - cache.redis - DEBUG - Cache hit key=user:810 ttl=4188s
2024-05-01 11:22:24,253 - api.orders - INFO - So'rov bajarildi: POST /api/v1/orders — 1171ms
2024-05-01 11:22:28,097 - db.pool - INFO - Foydalanuvchi 836 tizimga kirdi, sessiya abdfcfd4c9b8
2024-05-01 11:22:32,070 - scheduler - WARN - Sekin so'rov: /login 318ms chegaradan oshdi
2024-05-01 11:22:33,746 - cache.redis - DEBUG - Cache hit key=user:337 ttl=3303s
2024-05-01 11:22:35,378 - db.pool - ERROR - DB ulanishi uzildi: timeout after 156ms host=db-173
2024-05-01 11:22:46,734 - scheduler - DEBUG - Cache hit key=user:454 ttl=3990s
2024-05-01 11:22:48,888 - api.orders - WARN - Sekin so'rov: /api/v1/users 191ms chegaradan oshdi
2024-05-01 11:22:53,462 - payments.gateway - INFO - Foydalanuvchi 231 tizimga kirdi, sessiya e680b4601fdc
2024-05-01 11:23:00,996 - payments.gateway - WARN - Sekin so'rov: /api/v1/users 611ms chegaradan oshdi
2024-05-01 11:23:09,706 - payments.gateway - INFO - Buyurtma yaratildi id=79414 summa=3976228.29
2024-05-01 11:23:20,866 - api.orders - WARN - Sekin so'rov: /login 2328ms chegaradan oshdi
2024-05-01 11:23:23,448 - cache.redis - ERROR - DB ulanishi uzildi: timeout after 532ms host=db-434
2024-05-01 11:23:24,460 - db.pool - INFO - So'rov bajarildi: POST /api/v1/users — 4122ms
2024-05-01 11:23:26,467 - api.auth - DEBUG - Cache hit key=user:17 ttl=3992s
2024-05-01 11:23:58,762 - api.orders - DEBUG - Cache hit key=user:171 ttl=3868s
2024-05-01 11:23:59,082 - payments.gateway - ERROR - To'lov rad etildi order=62655 kod=INSUFFICIENT_FUNDS
2024-05-01 11:24:06,324 - db.pool - INFO - Foydalanuvchi 339 tizimga kirdi, sessiya f2f627cd1800
2024-05-01 11:24:10,860 - api.orders - WARN - Ulanishlar hovuzi 2244% to'lgan
2024-05-01 11:24:22,606 - scheduler - DEBUG - Cache hit key=user:787 ttl=1075s
2024-05-01 11:24:23,432 - cache.redis - INFO - Foydalanuvchi 598 tizimga kirdi, sessiya 7088eb443831
2024-05-01 11:24:23,436 - api.orders - WARN - Ulanishlar hovuzi 1390% to'lgan
2024-05-01 11:24:26,044 - api.auth - INFO - Foydalanuvchi 460 tizimga kirdi, sessiya dae8784ff42c
2024-05-01 11:24:53,903 - cache.redis - INFO - So'rov bajarildi: GET /api/v1/orders — 3134ms
2024-05-01 11:25:16,131 - payments.gateway - WARN - Ulanishlar hovuzi 2067% to'lgan
2024-05-01 11:25:19,684 - worker.email - WARN - Sekin so'rov: /login 429ms chegaradan oshdi
2024-05-01 11:25:22,063 - scheduler - INFO - Foydalanuvchi 199 tizimga kirdi, sessiya ac302a7df5ef
2024-05-01 11:25:42,276 - api.auth - INFO - So'rov bajarildi: POST /api/v1/orders — 1758ms
2024-05-01 11:25:42,319 - payments.gateway - DEBUG - Cache hit key=user:843 ttl=3096s
2024-05-01 11:25:43,078 - worker.email - DEBUG - Cache hit key=user:405 ttl=1360s
2024-05-01 11:25:53,548 - cache.redis - INFO - Buyurtma yaratildi id=68402 summa=3998407.84
2024-05-01 11:26:01,937 - cache.redis - INFO - So'rov bajarildi: GET /api/v1/orders — 4007ms
2024-05-01 11:26:02,848 - scheduler - INFO - Buyurtma yaratildi id=11766 summa=2796825.95
2024-05-01 11:26:18,037 - api.auth - INFO - Buyurtma yaratildi id=88850 summa=2904991.36
2024-05-01 11:26:22,437 - scheduler - INFO - So'rov bajarildi: POST /api/v1/orders — 3103ms
2024-05-01 11:26:26,224 - cache.redis - INFO - So'rov bajarildi: GET /api/v1/users — 3397ms
2024-05-01 11:26:33,178 - worker.email - DEBUG - Cache hit key=user:741 ttl=3505s
2024-05-01 11:26:33,625 - scheduler - WARN - Ulanishlar hovuzi 611% to'lgan
2024-05-01 11:26:37,764 - api.auth - CRITICAL - Xizmat javob bermayapti: worker-787 qayta ishga tushirilmoqda
2024-05-01 11:26:48,397 - cache.redis - WARN - Ulanishlar hovuzi 3692% to'lgan
2024-05-01 11:27:01,029 - cache.redis - INFO - So'rov bajarildi: GET /login — 4125ms
2024-05-01 11:27:01,427 - db.pool - INFO - So'rov bajarildi: GET /login — 1332ms
2024-05-01 11:27:03,719 - db.pool - INFO - Foydalanuvchi 457 tizimga kirdi, sessiya 1d75d43d4955
2024-05-01 11:27:06,529 - payments.gateway - WARN - Sekin so'rov: /api/v1/orders 18ms chegaradan oshdi
2024-05-01 11:27:07,938 - api.auth - INFO - So'rov bajarildi: GET /api/v1/orders — 287ms
2024-05-01 11:27:08,206 - cache.redis - INFO - So'rov bajarildi: GET /api/v1/orders — 3469ms
2024-05-01 11:27:20,046 - scheduler - INFO - Buyurtma yaratildi id=13951 summa=2576326.8
2024-05-01 11:27:38,303 - scheduler - WARN - Sekin so'rov: /api/v1/users 3194ms chegaradan oshdi
2024-05-01 11:27:39,623 - api.auth - INFO - So'rov bajarildi: POST /api/v1/users — 2159ms
2024-05-01 11:28:02,889 - scheduler - INFO - Buyurtma yaratildi id=69331 summa=1097422.25
2024-05-01 11:28:29,798 - api.orders - INFO - So'rov bajarildi: POST /api/v1/users — 1537ms
2024-05-01 11:28:37,782 - api.orders - WARN - Ulanishlar hovuzi 142% to'lgan
2024-05-01 11:28:37,948 - api.orders - INFO - So'rov bajarildi: GET /api/v1/users — 384ms
2024-05-01 11:28:50,760 - api.auth - INFO - Foydalanuvchi 643 tizimga kirdi, sessiya 27b67297f548
2024-05-01 11:29:06,744 - cache.redis - INFO - So'rov bajarildi: GET /login — 2421ms
2024-05-01 11:29:07,473 - api.auth - INFO - So'rov bajarildi: POST /login — 3384ms
2024-05-01 11:29:25,475 - payments.gateway - INFO - So'rov bajarildi: POST /api/v1/users — 1934ms
2024-05-01 11:29:29,917 - api.orders - INFO - Buyurtma yaratildi id=87288 summa=1059588.29
2024-05-01 11:29:35,291 - db.pool - DEBUG - Cache hit key=user:600 ttl=1552s
2024-05-01 11:29:40,372 - scheduler - INFO - Foydalanuvchi 778 tizimga kirdi, sessiya 824f6252aad8
2024-05-01 11:29:49,469 - api.auth - INFO - Buyurtma yaratildi id=36201 summa=3353621.34
2024-05-01 11:30:06,578 - payments.gateway - ERROR - DB ulanishi uzildi: timeout after 2098ms host=db-623
2024-05-01 11:30:16,745 - payments.gateway - INFO - Foydalanuvchi 747 tizimga kirdi, sessiya 04b3c7793f6d
2024-05-01 11:31:14,900 - cache.redis - INFO - Buyurtma yaratildi id=29959 summa=1927489.78
2024-05-01 11:31:15,874 - payments.gateway - ERROR - DB ulanishi uzildi: timeout after 3490ms host=db-127
2024-05-01 11:31:22,776 - payments.gateway - INFO - Foydalanuvchi 391 tizimga kirdi, sessiya 743e7fe25060
2024-05-01 11:31:28,774 - payments.gateway - INFO - Buyurtma yaratildi id=54491 summa=2675567.86
2024-05-01 11:31:47,891 - scheduler - DEBUG - Cache hit key=user:887 ttl=1588s
2024-05-01 11:32:07,624 - db.pool - INFO - Foydalanuvchi 860 tizimga kirdi, sessiya 2ab19393690c
2024-05-01 11:32:26,283 - api.orders - WARN - Ulanishlar hovuzi 3706% to'lgan
2024-05-01 11:32:34,693 - worker.email - ERROR - DB ulanishi uzildi: timeout after 461ms host=db-214
2024-05-01 11:32:43,600 - api.orders - DEBUG - Cache hit key=user:816 ttl=1528s
2024-05-01 11:32:52,335 - api.auth - INFO - Foydalanuvchi 105 tizimga kirdi, sessiya a5c543a40699
2024-05-01 11:33:14,519 - api.auth - INFO - Foydalanuvchi 2 tizimga kirdi, sessiya 06131e4ed3d7
2024-05-01 11:33:20,238 - api.auth - INFO - Buyurtma yaratildi id=70921 summa=367344.66
2024-05-01 11:33:29,201 - cache.redis - DEBUG - Cache hit key=user:15 ttl=2567s
2024-05-01 11:33:33,129 - scheduler - INFO - So'rov bajarildi: GET /api/v1/orders — 3394ms
2024-05-01 11:33:38,188 - cache.redis - INFO - Foydalanuvchi 274 tizimga kirdi, sessiya 3c2a3b5fa92c
2024-05-01 11:33:51,979 - payments.gateway - INFO - So'rov bajarildi: GET /login — 3842ms
2024-05-01 11:34:29,514 - worker.email - INFO - Foydalanuvchi 585 tizimga kirdi, sessiya 01796b41943c
2024-05-01 11:34:30,322 - db.pool - DEBUG - Cache hit key=user:156 ttl=3841s
2024-05-01 11:34:31,538 - payments.gateway - ERROR - DB ulanishi uzildi: timeout after 2186ms host=db-486
2024-05-01 11:34:44,956 - payments.gateway - INFO - So'rov bajarildi: POST /api/v1/users — 2714ms
2024-05-01 11:34:47,491 - api.auth - INFO - So'rov bajarildi: POST /api/v1/orders — 2170ms
2024-05-01 11:34:53,658 - worker.email - INFO - So'rov bajarildi: POST /api/v1/users — 3151ms
2024-05-01 11:34:54,234 - cache.redis - INFO - So'rov bajarildi: POST /api/v1/orders — 63ms
2024-05-01 11:34:59,775 - scheduler - DEBUG - Cache hit key=user:441 ttl=3992s
2024-05-01 11:35:11,368 - cache.redis - INFO - Foydalanuvchi 172 tizimga kirdi, sessiya 59f846d1e37a
2024-05-01 11:35:15,364 - cache.redis - WARN - Sekin so'rov: /api/v1/users 2926ms chegaradan oshdi
2024-05-01 11:35:17,581 - scheduler - WARN - Ulanishlar hovuzi 733% to'lgan
2024-05-01 11:35:26,078 - db.pool - INFO - Foydalanuvchi 227 tizimga kirdi, sessiya 5530021b8d29
2024-05-01 11:35:41,651 - cache.redis - INFO - Foydalanuvchi 787 tizimga kirdi, sessiya c41b2b4cab82
2024-05-01 11:35:43,901 - api.orders - DEBUG - Cache hit key=user:313 ttl=3157s
2024-05-01 11:35:47,510 - api.auth - INFO - Buyurtma yaratildi id=54023 summa=1084968.68
2024-05-01 11:36:00,070 - db.pool - INFO - Buyurtma yaratildi id=10568 summa=1898394.97
2024-05-01 11:36:04,149 - scheduler - ERROR - DB ulanishi uzildi: timeout after 3430ms host=db-173
2024-05-01 11:36:09,178 - scheduler - INFO - Buyurtma yaratildi id=13706 summa=1470448.54
2024-05-01 11:36:17,075 - worker.email - INFO - Foydalanuvchi 392 tizimga kirdi, sessiya f78d4becd27e
2024-05-01 11:36:17,697 - scheduler - ERROR - To'lov rad etildi order=77301 kod=INSUFFICIENT_FUNDS
2024-05-01 11:36:20,197 - payments.gateway - INFO - So'rov bajarildi: GET /api/v1/orders — 2221ms
2024-05-01 11:36:21,144 - api.auth - DEBUG - Cache hit key=user:805 ttl=2680s
2024-05-01 11:36:41,725 - payments.gateway - INFO - Buyurtma yaratildi id=79533 summa=513651.91
2024-05-01 11:36:47,259 - api.orders - INFO - Foydalanuvchi 707 tizimga kirdi, sessiya 984fc84e5c03
2024-05-01 11:37:03,498 - api.orders - ERROR - DB ulanishi uzildi: timeout after 3365ms host=db-159
2024-05-01 11:37:15,618 - scheduler - DEBUG - Cache hit key=user:339 ttl=3865s
2024-05-01 11:37:24,449 - worker.email - WARN - Ulanishlar hovuzi 4003% to'lgan
2024-05-01 11:37:47,110 - payments.gateway - INFO - So'rov bajarildi: POST /login — 3584ms
2024-05-01 11:37:54,725 - payments.gateway - DEBUG - Cache hit key=user:505 ttl=1611s
2024-05-01 11:37:56,963 - api.auth - WARN - Sekin so'rov: /login 3599ms chegaradan oshdi
2024-05-01 11:37:59,184 - worker.email - DEBUG - Cache hit key=user:453 ttl=93s
2024-05-01 11:38:15,424 - scheduler - WARN - Ulanishlar hovuzi 2658% to'lgan
2024-05-01 11:38:29,647 - db.pool - INFO - Buyurtma yaratildi id=66944 summa=2501821.24
2024-05-01 11:38:33,239 - payments.gateway - INFO - So'rov bajarildi: POST /api/v1/users — 3729ms
2024-05-01 11:38:37,570 - api.orders - DEBUG - Cache hit key=user:874 ttl=2135s
2024-05-01 11:38:46,379 - api.auth - INFO - So'rov bajarildi: GET /login — 1650ms
2024-05-01 11:38:48,731 - db.pool - DEBUG - Cache hit key=user:457 ttl=2611s
2024-05-01 11:38:56,338 - api.orders - DEBUG - Cache hit key=user:888 ttl=3592s
2024-05-01 11:38:59,561 - cache.redis - ERROR - DB ulanishi uzildi: timeout after 2310ms host=db-502
2024-05-01 11:39:26,747 - scheduler - ERROR - DB ulanishi uzildi: timeout after 228ms host=db-255
2024-05-01 11:39:33,864 - api.auth - INFO - So'rov bajarildi: GET /api/v1/orders — 168ms
2024-05-01 11:39:35,048 - payments.gateway - WARN - Ulanishlar hovuzi 1857% to'lgan
2024-05-01 11:39:57,782 - api.auth - DEBUG - Cache hit key=user:35 ttl=2390s
2024-05-01 11:40:03,632 - api.auth - INFO - So'rov bajarildi: GET /login — 3808ms
2024-05-01 11:40:03,914 - db.pool - INFO - Buyurtma yaratildi id=52575 summa=590529.21
2024-05-01 11:40:16,237 - payments.gateway - DEBUG - Cache hit key=user:802 ttl=2694s
2024-05-01 11:40:19,565 - api.auth - INFO - So'rov bajarildi: POST /api/v1/orders — 3666ms
2024-05-01 11:40:34,018 - api.auth - ERROR - DB ulanishi uzildi: timeout after 304ms host=db-774
2024-05-01 11:40:44,558 - worker.email - INFO - So'rov bajarildi: POST /api/v1/users — 2975ms
2024-05-01 11:40:49,009 - api.auth - INFO - So'rov bajarildi: POST /login — 584ms
2024-05-01 11:41:09,375 - worker.email - DEBUG - Cache hit key=user:508 ttl=2542s
2024-05-01 11:41:11,115 - api.orders - INFO - So'rov bajarildi: POST /api/v1/users — 2537ms
2024-05-01 11:41:16,260 - api.orders - INFO - So'rov bajarildi: POST /api/v1/users — 1639ms
2024-05-01 11:41:23,467 - api.orders - DEBUG - Cache hit key=user:431 ttl=2067s
2024-05-01 11:41:50,595 - scheduler - INFO - Foydalanuvchi 782 tizimga kirdi, sessiya 5fefedd0daa6
2024-05-01 11:41:51,280 - worker.email - INFO - Buyurtma yaratildi id=52135 summa=797455.83
2024-05-01 11:41:57,593 - db.pool - INFO - So'rov bajarildi: GET /login — 3648ms
2024-05-01 11:42:00,071 - payments.gateway - DEBUG - Cache hit key=user:768 ttl=689s
2024-05-01 11:42:19,125 - cache.redis - DEBUG - Cache hit key=user:34 ttl=393s
2024-05-01 11:42:19,329 - worker.email - INFO - Buyurtma yaratildi id=44211 summa=2652396.65
2024-05-01 11:42:19,474 - worker.email - WARN - Ulanishlar hovuzi 2297% to'lgan
2024-05-01 11:42:23,203 - payments.gateway - INFO - Buyurtma yaratildi id=40175 summa=554869.64
2024-05-01 11:42:23,610 - scheduler - INFO - So'rov bajarildi: GET /login — 2343ms
2024-05-01 11:42:30,273 - payments.gateway - INFO - Buyurtma yaratildi id=64758 summa=1111768.24
2024-05-01 11:42:34,852 - db.pool - INFO - So'rov bajarildi: GET /api/v1/orders — 2203ms
2024-05-01 11:42:44,746 - cache.redis - INFO - Foydalanuvchi 545 tizimga kirdi, sessiya 29baace12014
2024-05-01 11:42:51,263 - worker.email - INFO - So'rov bajarildi: GET /login — 3042ms
2024-05-01 11:42:53,625 - db.pool - INFO - So'rov bajarildi: POST /api/v1/orders — 954ms
2024-05-01 11:42:56,354 - api.auth - INFO - Buyurtma yaratildi id=56981 summa=2397865.79
2024-05-01 11:43:07,997 - db.pool - INFO - So'rov bajarildi: POST /api/v1/users — 4122ms
2024-05-01 11:43:12,362 - db.pool - WARN - Sekin so'rov: /login 1479ms chegaradan oshdi
2024-05-01 11:43:27,517 - worker.email - DEBUG - Cache hit key=user:886 ttl=623s
2024-05-01 11:43:37,814 - worker.email - INFO - Buyurtma yaratildi id=56877 summa=1078462.04
2024-05-01 11:43:40,926 - payments.gateway - INFO - Buyurtma yaratildi id=29132 summa=584570.52
2024-05-01 11:43:42,350 - api.orders - INFO - So'rov bajarildi: POST /api/v1/users — 1335ms
2024-05-01 11:44:11,358 - cache.redis - WARN - Ulanishlar hovuzi 2935% to'lgan
2024-05-01 11:44:25,589 - db.pool - WARN - Sekin so'rov: /login 3337ms chegaradan oshdi
2024-05-01 11:44:42,791 - payments.gateway - WARN - Sekin so'rov: /api/v1/orders 2757ms chegaradan oshdi
2024-05-01 11:45:00,953 - payments.gateway - INFO - So'rov bajarildi: POST /login — 1169ms
2024-05-01 11:45:07,546 - api.orders - INFO - So'rov bajarildi: GET /login — 1777ms
2024-05-01 11:45:20,451 - api.auth - ERROR - DB ulanishi uzildi: timeout after 548ms host=db-748
2024-05-01 11:45:22,827 - cache.redis - INFO - Foydalanuvchi 101 tizimga kirdi, sessiya d15d1740a080
2024-05-01 11:45:29,683 - db.pool - DEBUG - Cache hit key=user:807 ttl=3443s
2024-05-01 11:45:43,024 - db.pool - WARN - Sekin so'rov: /api/v1/users 3407ms chegaradan oshdi
2024-05-01 11:45:47,457 - payments.gateway - WARN - Ulanishlar hovuzi 1217% to'lgan
2024-05-01 11:45:47,535 - payments.gateway - INFO - Foydalanuvchi 117 tizimga kirdi, sessiya a447fb433db3
2024-05-01 11:45:47,746 - worker.email - INFO - So'rov bajarildi: POST /api/v1/users — 3903ms
2024-05-01 11:46:08,242 - db.pool - WARN - Ulanishlar hovuzi 3246% to'lgan
2024-05-01 11:46:14,276 - scheduler - INFO - Foydalanuvchi 777 tizimga kirdi, sessiya 78cc8a408b50
2024-05-01 11:46:26,284 - worker.email - INFO - So'rov bajarildi: POST /api/v1/orders — 1704ms
2024-05-01 11:46:28,456 - worker.email - INFO - Buyurtma yaratildi id=23475 summa=3546401.11
2024-05-01 11:46:36,252 - api.auth - ERROR - DB ulanishi uzildi: timeout after 3528ms host=db-138
2024-05-01 11:46:53,713 - scheduler - INFO - Foydalanuvchi 392 tizimga kirdi, sessiya 218088e95e97
2024-05-01 11:47:49,177 - scheduler - WARN - Sekin so'rov: /login 1559ms chegaradan oshdi
2024-05-01 11:48:12,727 - payments.gateway - INFO - So'rov bajarildi: POST /login — 3584ms
2024-05-01 11:48:14,005 - api.orders - CRITICAL - Xizmat javob bermayapti: worker-57 qayta ishga tushirilmoqda
2024-05-01 11:48:15,641 - cache.redis - INFO - Buyurtma yaratildi id=10280 summa=2309747.4
2024-05-01 11:48:19,343 - db.pool - INFO - Foydalanuvchi 523 tizimga kirdi, sessiya 1b76d767cc01
2024-05-01 11:48:48,806 - api.orders - WARN - Ulanishlar hovuzi 3418% to'lgan
2024-05-01 11:48:54,988 - cache.redis - INFO - Buyurtma yaratildi id=47682 summa=3433361.24
2024-05-01 11:49:00,005 - db.pool - INFO - So'rov bajarildi: GET /api/v1/users — 2222ms
2024-05-01 11:49:00,303 - cache.redis - INFO - Buyurtma yaratildi id=63591 summa=756329.81
2024-05-01 11:49:03,765 - cache.redis - INFO - So'rov bajarildi: POST /api/v1/orders — 2646ms
2024-05-01 11:49:26,397 - payments.gateway - INFO - So'rov bajarildi: POST /login — 958ms
2024-05-01 11:50:13,993 - payments.gateway - INFO - So'rov bajarildi: GET /login — 25ms
2024-05-01 11:50:15,570 - cache.redis - ERROR - DB ulanishi uzildi: timeout after 709ms host=db-459
2024-05-01 11:50:20,860 - api.orders - INFO - Buyurtma yaratildi id=33928 summa=1060460.15
2024-05-01 11:50:35,688 - api.auth - WARN - Ulanishlar hovuzi 1386% to'lgan
2024-05-01 11:50:43,218 - api.auth - INFO - So'rov bajarildi: POST /api/v1/orders — 3909ms
2024-05-01 11:50:44,869 - api.auth - DEBUG - Cache hit key=user:624 ttl=4093s
2024-05-01 11:50:49,758 - scheduler - WARN - Sekin so'rov: /login 512ms chegaradan oshdi
2024-05-01 11:50:59,378 - cache.redis - DEBUG - Cache hit key=user:817 ttl=939s
2024-05-01 11:51:00,655 - scheduler - INFO - So'rov bajarildi: POST /api/v1/users — 3962ms
2024-05-01 11:51:01,800 - cache.redis - INFO - Buyurtma yaratildi id=20554 summa=1719015.82
2024-05-01 11:51:12,342 - scheduler - ERROR - To'lov rad etildi order=86911 kod=INSUFFICIENT_FUNDS
2024-05-01 11:51:28,140 - api.orders - INFO - Buyurtma yaratildi id=85093 summa=3884800.72
2024-05-01 11:51:28,948 - scheduler - INFO - So'rov bajarildi: POST /login — 568ms
2024-05-01 11:51:32,405 - scheduler - DEBUG - Cache hit key=user:556 ttl=2072s
2024-05-01 11:51:45,217 - payments.gateway - INFO - So'rov bajarildi: POST /api/v1/users — 2077ms
2024-05-01 11:52:07,131 - payments.gateway - INFO - Foydalanuvchi 565 tizimga kirdi, sessiya c88018bd44b9
2024-05-01 11:52:20,962 - cache.redis - INFO - So'rov bajarildi: POST /api/v1/orders — 3005ms
2024-05-01 11:52:30,498 - payments.gateway - INFO - Foydalanuvchi 213 tizimga kirdi, sessiya 10d44cbe27d8
2024-05-01 11:52:53,094 - db.pool - INFO - Foydalanuvchi 856 tizimga kirdi, sessiya 50eb0709fe16
2024-05-01 11:53:02,439 - scheduler - INFO - So'rov bajarildi: GET /login — 1932ms
2024-05-01 11:53:12,425 - db.pool - INFO - Foydalanuvchi 651 tizimga kirdi, sessiya 52cd4de23153
2024-05-01 11:53:20,024 - db.pool - INFO - Buyurtma yaratildi id=43453 summa=2323415.51
2024-05-01 11:53:37,210 - worker.email - INFO - Foydalanuvchi 660 tizimga kirdi, sessiya 6f31d69af283
2024-05-01 11:53:41,975 - payments.gateway - INFO - So'rov bajarildi: POST /api/v1/orders — 974ms
2024-05-01 11:53:51,256 - payments.gateway - INFO - Foydalanuvchi 823 tizimga kirdi, sessiya addd1e4ce118
2024-05-01 11:54:08,172 - worker.email - INFO - Foydalanuvchi 97 tizimga kirdi, sessiya 21d64c6a65f9
2024-05-01 11:54:08,497 - cache.redis - INFO - Foydalanuvchi 277 tizimga kirdi, sessiya 5f80159a9047
2024-05-01 11:54:23,409 - scheduler - INFO - So'rov bajarildi: POST /api/v1/orders — 2793ms
2024-05-01 11:54:28,272 - api.orders - WARN - Sekin so'rov: /api/v1/users 838ms chegaradan oshdi
2024-05-01 11:54:36,513 - api.auth - INFO - Foydalanuvchi 40 tizimga kirdi, sessiya 03f21ea7d28e
2024-05-01 11:54:56,027 - api.auth - INFO - So'rov bajarildi: GET /login — 1405ms
2024-05-01 11:55:03,791 - worker.email - INFO - So'rov bajarildi: POST /api/v1/users — 3862ms
2024-05-01 11:55:10,327 - payments.gateway - INFO - So'rov bajarildi: GET /api/v1/users — 798ms
2024-05-01 11:55:28,987 - scheduler - INFO - So'rov bajarildi: POST /api/v1/users — 1395ms
2024-05-01 11:55:29,154 - api.orders - INFO - So'rov bajarildi: POST /login — 203ms
2024-05-01 11:55:29,484 - scheduler - INFO - Buyurtma yaratildi id=13097 summa=2216553.39
2024-05-01 11:55:41,486 - api.orders - INFO - So'rov bajarildi: GET /api/v1/users — 328ms
2024-05-01 11:55:50,032 - api.orders - ERROR - DB ulanishi uzildi: timeout after 1831ms host=db-262
2024-05-01 11:55:56,613 - db.pool - INFO - Buyurtma yaratildi id=33659 summa=2978699.8
2024-05-01 11:55:59,465 - db.pool - INFO - So'rov bajarildi: POST /api/v1/orders — 1964ms
2024-05-01 11:56:03,034 - api.orders - INFO - So'rov bajarildi: GET /api/v1/users — 4054ms
2024-05-01 11:56:05,240 - cache.redis - INFO - Buyurtma yaratildi id=36420 summa=2773247.44
2024-05-01 11:56:12,431 - db.pool - INFO - Foydalanuvchi 205 tizimga kirdi, sessiya 0081eb097eca
2024-05-01 11:56:22,057 - api.auth - INFO - Buyurtma yaratildi id=51035 summa=213437.44
2024-05-01 11:56:23,140 - payments.gateway - DEBUG - Cache hit key=user:322 ttl=2557s
2024-05-01 11:56:26,392 - payments.gateway - INFO - Foydalanuvchi 777 tizimga kirdi, sessiya 761dd6d0cf51
2024-05-01 11:56:29,464 - db.pool - ERROR - DB ulanishi uzildi: timeout after 468ms host=db-292
2024-05-01 11:56:33,483 - payments.gateway - DEBUG - Cache hit key=user:602 ttl=454s
2024-05-01 11:56:34,338 - scheduler - CRITICAL - Xizmat javob bermayapti: worker-547 qayta ishga tushirilmoqda
2024-05-01 11:56:37,776 - worker.email - INFO - Foydalanuvchi 389 tizimga kirdi, sessiya e8e73c09811a
2024-05-01 11:56:43,322 - api.auth - INFO - Foydalanuvchi 717 tizimga kirdi, sessiya acbc5cc77515
2024-05-01 11:56:47,674 - worker.email - INFO - Buyurtma yaratildi id=53032 summa=1809792.84
2024-05-01 11:56:50,229 - api.auth - ERROR - DB ulanishi uzildi: timeout after 1073ms host=db-136
2024-05-01 11:56:59,220 - scheduler - INFO - Foydalanuvchi 270 tizimga kirdi, sessiya 9f066bbdd067
2024-05-01 11:57:01,788 - cache.redis - INFO - So'rov bajarildi: POST /api/v1/users — 799ms
2024-05-01 11:57:35,154 - scheduler - INFO - Foydalanuvchi 312 tizimga kirdi, sessiya 71f3aa2ccf7e
2024-05-01 11:58:16,042 - scheduler - INFO - Foydalanuvchi 365 tizimga kirdi, sessiya 8313434ff946
2024-05-01 11:58:18,578 - scheduler - ERROR - To'lov rad etildi order=44820 kod=INSUFFICIENT_FUNDS
2024-05-01 11:58:22,836 - api.orders - INFO - So'rov bajarildi: GET /api/v1/users — 1472ms
2024-05-01 11:58:29,196 - api.orders - INFO - So'rov bajarildi: GET /api/v1/users — 2971ms
2024-05-01 11:58:45,301 - api.orders - INFO - Buyurtma yaratildi id=27995 summa=3195562.54
2024-05-01 11:58:48,671 - worker.email - INFO - So'rov bajarildi: POST /api/v1/users — 998ms
2024-05-01 11:58:53,580 - payments.gateway - INFO - So'rov bajarildi: GET /api/v1/orders — 3710ms
2024-05-01 11:59:10,927 - scheduler - INFO - Buyurtma yaratildi id=87715 summa=474993.4
2024-05-01 11:59:11,215 - api.orders - INFO - So'rov bajarildi: GET /api/v1/orders — 2682ms
2024-05-01 11:59:12,805 - worker.email - ERROR - DB ulanishi uzildi: timeout after 3683ms host=db-653
2024-05-01 11:59:14,049 - api.orders - WARN - Ulanishlar hovuzi 3008% to'lgan
2024-05-01 11:59:23,675 - db.pool - INFO - So'rov bajarildi: GET /login — 3583ms
2024-05-01 11:59:24,805 - cache.redis - WARN - Sekin so'rov: /login 2248ms chegaradan oshdi
2024-05-01 11:59:48,666 - payments.gateway - INFO - Foydalanuvchi 412 tizimga kirdi, sessiya 71a90f864d56
2024-05-01 11:59:52,303 - worker.email - INFO - So'rov bajarildi: POST /api/v1/users — 3296ms
2024-05-01 11:59:55,852 - scheduler - INFO - Foydalanuvchi 688 tizimga kirdi, sessiya 70186749940e
2024-05-01 12:00:01,092 - db.pool - DEBUG - Cache hit key=user:185 ttl=1174s
2024-05-01 12:00:28,738 - api.orders - INFO - So'rov bajarildi: POST /api/v1/users — 2793ms
2024-05-01 12:00:35,522 - payments.gateway - INFO - Buyurtma yaratildi id=49746 summa=2659590.22
2024-05-01 12:00:39,201 - api.auth - INFO - Buyurtma yaratildi id=57723 summa=2742928.1
2024-05-01 12:00:40,139 - scheduler - WARN - Ulanishlar hovuzi 4152% to'lgan
2024-05-01 12:00:40,799 - api.auth - DEBUG - Cache hit key=user:708 ttl=172s
2024-05-01 12:00:48,205 - payments.gateway - DEBUG - Cache hit key=user:273 ttl=1212s
2024-05-01 12:00:50,927 - scheduler - INFO - Foydalanuvchi 371 tizimga kirdi, sessiya 8315a6b62e57
2024-05-01 12:01:00,510 - cache.redis - INFO - Buyurtma yaratildi id=51505 summa=3925094.52
2024-05-01 12:01:02,408 - payments.gateway - INFO - Foydalanuvchi 749 tizimga kirdi, sessiya a2d4856c131e
2024-05-01 12:01:16,267 - api.auth - INFO - Foydalanuvchi 300 tizimga kirdi, sessiya 8383fdb01864
2024-05-01 12:01:36,279 - api.orders - WARN - Ulanishlar hovuzi 3117% to'lgan
2024-05-01 12:01:43,561 - worker.email - INFO - Buyurtma yaratildi id=40479 summa=1471985.19
2024-05-01 12:01:58,089 - worker.email - WARN - Sekin so'rov: /login 1942ms chegaradan oshdi
2024-05-01 12:01:58,346 - api.orders - INFO - Foydalanuvchi 527 tizimga kirdi, sessiya 99dd36afccbc
2024-05-01 12:02:09,434 - worker.email - INFO - Buyurtma yaratildi id=84451 summa=461019.43
2024-05-01 12:02:52,828 - scheduler - INFO - Foydalanuvchi 629 tizimga kirdi, sessiya 635683065b6c
2024-05-01 12:02:59,528 - api.orders - INFO - Foydalanuvchi 286 tizimga kirdi, sessiya e3cfeb75e7f6
2024-05-01 12:02:59,609 - payments.gateway - INFO - So'rov bajarildi: POST /api/v1/users — 3592ms
2024-05-01 12:03:12,556 - cache.redis - INFO - Foydalanuvchi 189 tizimga kirdi, sessiya bca699a6149f
2024-05-01 12:03:20,160 - api.auth - INFO - So'rov bajarildi: GET /api/v1/users — 413ms
2024-05-01 12:03:23,392 - payments.gateway - INFO - So'rov bajarildi: GET /api/v1/users — 59ms
2024-05-01 12:03:29,611 - payments.gateway - INFO - Foydalanuvchi 537 tizimga kirdi, sessiya 7fa52a0b5d82
2024-05-01 12:03:34,407 - cache.redis - INFO - Foydalanuvchi 349 tizimga kirdi, sessiya 3d820c523879
2024-05-01 12:03:35,425 - payments.gateway - DEBUG - Cache hit key=user:816 ttl=2800s
2024-05-01 12:03:36,196 - worker.email - INFO - Buyurtma yaratildi id=66048 summa=3669138.23
2024-05-01 12:03:44,272 - db.pool - INFO - So'rov bajarildi: POST /api/v1/users — 704ms
2024-05-01 12:04:35,761 - cache.redis - INFO - Foydalanuvchi 298 tizimga kirdi, sessiya 1e5075d1896c
2024-05-01 12:04:42,545 - api.orders - INFO - Foydalanuvchi 417 tizimga kirdi, sessiya fa3661abff39
2024-05-01 12:05:00,659 - db.pool - INFO - So'rov bajarildi: POST /api/v1/orders — 196ms
2024-05-01 12:05:04,570 - scheduler - ERROR - To'lov rad etildi order=43596 kod=INSUFFICIENT_FUNDS
2024-05-01 12:05:13,630 - cache.redis - INFO - Foydalanuvchi 330 tizimga kirdi, sessiya 09aed88b4230
2024-05-01 12:05:22,310 - scheduler - INFO - Foydalanuvchi 765 tizimga kirdi, sessiya 44bc071d3f89
2024-05-01 12:05:35,031 - api.auth - INFO - So'rov bajarildi: GET /api/v1/users — 1059ms
2024-05-01 12:05:56,369 - api.orders - INFO - Foydalanuvchi 720 tizimga kirdi, sessiya 0828b5a174db
2024-05-01 12:06:05,641 - scheduler - INFO - So'rov bajarildi: POST /api/v1/orders — 1000ms
2024-05-01 12:06:07,362 - api.orders - INFO - So'rov bajarildi: POST /login — 1691ms
2024-05-01 12:06:14,257 - db.pool - WARN - Sekin so'rov: /api/v1/users 1356ms chegaradan oshdi
2024-05-01 12:06:20,932 - scheduler - INFO - Buyurtma yaratildi id=13892 summa=3612461.81
2024-05-01 12:06:23,361 - api.auth - INFO - So'rov bajarildi: GET /api/v1/orders — 965ms
2024-05-01 12:06:30,465 - cache.redis - WARN - Sekin so'rov: /api/v1/orders 2881ms chegaradan oshdi
2024-05-01 12:06:40,486 - db.pool - WARN - Ulanishlar hovuzi 3042% to'lgan
2024-05-01 12:06:46,895 - cache.redis - ERROR - DB ulanishi uzildi: timeout after 2734ms host=db-893
2024-05-01 12:06:48,003 - api.auth - INFO - So'rov bajarildi: GET /api/v1/users — 394ms
2024-05-01 12:06:49,999 - worker.email - DEBUG - Cache hit key=user:345 ttl=425s
2024-05-01 12:06:52,962 - api.auth - ERROR - DB ulanishi uzildi: timeout after 3958ms host=db-418
2024-05-01 12:07:13,428 - api.orders - DEBUG - Cache hit key=user:798 ttl=766s
2024-05-01 12:07:19,519 - cache.redis - INFO - Foydalanuvchi 663 tizimga kirdi, sessiya 05efa5a641ad
2024-05-01 12:07:51,777 - payments.gateway - DEBUG - Cache hit key=user:604 ttl=1452s
2024-05-01 12:07:54,735 - payments.gateway - INFO - So'rov bajarildi: POST /api/v1/users — 3221ms
2024-05-01 12:08:04,814 - cache.redis - INFO - Foydalanuvchi 685 tizimga kirdi, sessiya 35e22d04d7ab
2024-05-01 12:08:07,208 - api.auth - INFO - So'rov bajarildi: POST /api/v1/orders — 1178ms
2024-05-01 12:08:24,163 - api.orders - ERROR - DB ulanishi uzildi: timeout after 2329ms host=db-111
2024-05-01 12:09:43,507 - api.orders - INFO - Buyurtma yaratildi id=41094 summa=1737288.65
2024-05-01 12:09:46,122 - api.orders - INFO - So'rov bajarildi: POST /login — 3703ms
2024-05-01 12:09:46,744 - payments.gateway - INFO - Foydalanuvchi 646 tizimga kirdi, sessiya 6a06ee71b057
2024-05-01 12:09:47,555 - scheduler - INFO - So'rov bajarildi: POST /login — 1196ms
2024-05-01 12:09:58,835 - payments.gateway - ERROR - DB ulanishi uzildi: timeout after 1365ms host=db-282
2024-05-01 12:10:06,971 - payments.gateway - INFO - So'rov bajarildi: POST /api/v1/users — 1602ms
2024-05-01 12:10:08,088 - payments.gateway - DEBUG - Cache hit key=user:816 ttl=1149s
2024-05-01 12:10:18,256 - api.auth - ERROR - To'lov rad etildi order=20324 kod=INSUFFICIENT_FUNDS
2024-05-01 12:10:24,845 - db.pool - INFO - So'rov bajarildi: GET /api/v1/orders — 1032ms
2024-05-01 12:10:35,076 - api.auth - DEBUG - Cache hit key=user:511 ttl=3235s
2024-05-01 12:10:46,885 - api.orders - INFO - Foydalanuvchi 241 tizimga kirdi, sessiya 264708b2fa71
2024-05-01 12:10:50,579 - api.auth - WARN - Sekin so'rov: /api/v1/users 2864ms chegaradan oshdi
2024-05-01 12:10:53,464 - api.orders - INFO - So'rov bajarildi: GET /api/v1/orders — 1063ms
2024-05-01 12:10:54,297 - worker.email - WARN - Sekin so'rov: /api/v1/orders 1191ms chegaradan oshdi
2024-05-01 12:11:08,312 - api.auth - INFO - So'rov bajarildi: POST /api/v1/users — 892ms
2024-05-01 12:11:10,937 - payments.gateway - DEBUG - Cache hit key=user:52 ttl=155s
2024-05-01 12:11:26,049 - api.auth - INFO - So'rov bajarildi: GET /api/v1/orders — 110ms
2024-05-01 12:11:26,332 - db.pool - INFO - Foydalanuvchi 22 tizimga kirdi, sessiya 46e3fbf88415
2024-05-01 12:11:30,543 - payments.gateway - INFO - So'rov bajarildi: POST /login — 3260ms
2024-05-01 12:11:32,755 - db.pool - INFO - So'rov bajarildi: GET /login — 250ms
2024-05-01 12:11:39,142 - db.pool - INFO - Buyurtma yaratildi id=92735 summa=1832510.48
2024-05-01 12:11:50,463 - scheduler - INFO - Foydalanuvchi 266 tizimga kirdi, sessiya d0953cf74651
2024-05-01 12:11:54,731 - db.pool - DEBUG - Cache hit key=user:689 ttl=3265s
2024-05-01 12:12:18,344 - worker.email - INFO - Buyurtma yaratildi id=47258 summa=3940132.02
2024-05-01 12:12:34,326 - payments.gateway - WARN - Ulanishlar hovuzi 955% to'lgan
2024-05-01 12:12:44,634 - scheduler - DEBUG - Cache hit key=user:362 ttl=2963s
2024-05-01 12:12:44,895 - api.auth - ERROR - To'lov rad etildi order=56426 kod=INSUFFICIENT_FUNDS
2024-05-01 12:12:55,633 - worker.email - INFO - Buyurtma yaratildi id=76259 summa=1803004.17
2024-05-01 12:13:20,522 - scheduler - INFO - Foydalanuvchi 473 tizimga kirdi, sessiya 673e34e5eff0
2024-05-01 12:13:21,398 - api.orders - ERROR - DB ulanishi uzildi: timeout after 1179ms host=db-228
2024-05-01 12:13:23,623 - cache.redis - ERROR - DB ulanishi uzildi: timeout after 3623ms host=db-524
2024-05-01 12:13:35,260 - db.pool - INFO - So'rov bajarildi: POST /api/v1/users — 1883ms
2024-05-01 12:13:39,464 - scheduler - INFO - So'rov bajarildi: POST /api/v1/orders — 2648ms
2024-05-01 12:13:43,901 - scheduler - INFO - Buyurtma yaratildi id=40758 summa=2110613.55
2024-05-01 12:13:44,443 - api.auth - INFO - Buyurtma yaratildi id=37641 summa=1643878.8
2024-05-01 12:13:52,796 - cache.redis - ERROR - To'lov rad etildi order=80467 kod=INSUFFICIENT_FUNDS
2024-05-01 12:14:02,942 - api.auth - ERROR - DB ulanishi uzildi: timeout after 922ms host=db-855
2024-05-01 12:14:06,081 - scheduler - INFO - Buyurtma yaratildi id=40747 summa=1413124.51
2024-05-01 12:14:12,521 - api.auth - INFO - Buyurtma yaratildi id=34764 summa=3888843.15
2024-05-01 12:14:27,948 - payments.gateway - WARN - Sekin so'rov: /api/v1/orders 2311ms chegaradan oshdi
2024-05-01 12:14:37,012 - db.pool - INFO - So'rov bajarildi: POST /login — 1319ms
2024-05-01 12:14:43,629 - api.auth - INFO - Foydalanuvchi 452 tizimga kirdi, sessiya 69be937fdc34
2024-05-01 12:14:44,075 - api.auth - INFO - So'rov bajarildi: POST /login — 590ms
2024-05-01 12:14:57,727 - api.orders - WARN - Ulanishlar hovuzi 620% to'lgan
2024-05-01 12:15:01,312 - api.orders - INFO - Foydalanuvchi 213 tizimga kirdi, sessiya 1667d0b6c52a
2024-05-01 12:15:01,737 - api.auth - INFO - So'rov bajarildi: POST /api/v1/users — 1200ms
2024-05-01 12:15:03,546 - api.orders - INFO - So'rov bajarildi: POST /api/v1/orders — 3633ms
2024-05-01 12:15:06,583 - api.auth - INFO - Foydalanuvchi 552 tizimga kirdi, sessiya 133b561a2d2a
2024-05-01 12:15:17,138 - worker.email - INFO - Foydalanuvchi 225 tizimga kirdi, sessiya 84483ec7f93e
2024-05-01 12:15:48,222 - api.auth - WARN - Ulanishlar hovuzi 1184% to'lgan
2024-05-01 12:15:57,797 - payments.gateway - INFO - So'rov bajarildi: POST /login — 3036ms
2024-05-01 12:15:58,793 - scheduler - INFO - So'rov bajarildi: GET /login — 229ms
2024-05-01 12:16:06,836 - worker.email - INFO - Buyurtma yaratildi id=14730 summa=2837318.07
2024-05-01 12:16:25,393 - api.orders - INFO - Buyurtma yaratildi id=59630 summa=84310.97
2024-05-01 12:16:29,704 - scheduler - INFO - So'rov bajarildi: POST /api/v1/orders — 2546ms
2024-05-01 12:16:45,439 - api.auth - WARN - Sekin so'rov: /login 3858ms chegaradan oshdi
2024-05-01 12:16:56,761 - db.pool - DEBUG - Cache hit key=user:144 ttl=3811s
2024-05-01 12:17:02,661 - api.auth - INFO - So'rov bajarildi: GET /api/v1/users — 873ms
2024-05-01 12:17:02,961 - worker.email - INFO - So'rov bajarildi: POST /api/v1/users — 1607ms
2024-05-01 12:17:12,890 - db.pool - ERROR - DB ulanishi uzildi: timeout after 1463ms host=db-195
2024-05-01 12:17:12,894 - worker.email - INFO - So'rov bajarildi: GET /api/v1/orders — 1809ms
2024-05-01 12:17:13,572 - cache.redis - DEBUG - Cache hit key=user:849 ttl=3174s
2024-05-01 12:17:26,550 - scheduler - WARN - Sekin so'rov: /api/v1/orders 3043ms chegaradan oshdi
2024-05-01 12:17:29,025 - cache.redis - DEBUG - Cache hit key=user:592 ttl=4044s
2024-05-01 12:17:46,269 - api.auth - INFO - So'rov bajarildi: GET /login — 2204ms
2024-05-01 12:17:57,602 - cache.redis - ERROR - DB ulanishi uzildi: timeout after 4040ms host=db-236
2024-05-01 12:17:59,041 - payments.gateway - INFO - Foydalanuvchi 399 tizimga kirdi, sessiya a3fbfb481881
2024-05-01 12:18:05,569 - cache.redis - INFO - Foydalanuvchi 247 tizimga kirdi, sessiya f22c49cb519b
2024-05-01 12:18:29,498 - db.pool - WARN - Ulanishlar hovuzi 3784% to'lgan
2024-05-01 12:18:41,848 - cache.redis - INFO - Buyurtma yaratildi id=32426 summa=516766.89
2024-05-01 12:19:01,421 - payments.gateway - INFO - So'rov bajarildi: GET /login — 1740ms
2024-05-01 12:19:13,045 - scheduler - INFO - Foydalanuvchi 888 tizimga kirdi, sessiya 08a67d52bf42
2024-05-01 12:19:33,182 - api.auth - INFO - So'rov bajarildi: POST /api/v1/orders — 2707ms
2024-05-01 12:19:42,591 - payments.gateway - INFO - So'rov bajarildi: POST /api/v1/users — 3453ms
2024-05-01 12:20:17,265 - db.pool - WARN - Sekin so'rov: /api/v1/users 2493ms chegaradan oshdi
2024-05-01 12:20:18,427 - api.auth - WARN - Sekin so'rov: /api/v1/users 1920ms chegaradan oshdi
2024-05-01 12:20:34,651 - cache.redis - INFO - Foydalanuvchi 35 tizimga kirdi, sessiya 4f9baa2a45c4
2024-05-01 12:20:35,771 - cache.redis - DEBUG - Cache hit key=user:147 ttl=2707s
2024-05-01 12:20:49,886 - scheduler - INFO - Foydalanuvchi 201 tizimga kirdi, sessiya a0303a6e1006
2024-05-01 12:20:58,991 - db.pool - INFO - So'rov bajarildi: POST /login — 7ms
2024-05-01 12:21:03,933 - api.orders - WARN - Ulanishlar hovuzi 882% to'lgan
2024-05-01 12:21:11,681 - cache.redis - INFO - So'rov bajarildi: GET /api/v1/orders — 2782ms
2024-05-01 12:21:13,661 - cache.redis - INFO - So'rov bajarildi: POST /api/v1/users — 2147ms
2024-05-01 12:21:37,813 - db.pool - INFO - Buyurtma yaratildi id=26547 summa=3533950.89
2024-05-01 12:21:38,074 - db.pool - INFO - Foydalanuvchi 116 tizimga kirdi, sessiya 0e97124c6524
2024-05-01 12:21:40,357 - cache.redis - DEBUG - Cache hit key=user:576 ttl=716s
2024-05-01 12:21:49,232 - worker.email - INFO - So'rov bajarildi: GET /api/v1/orders — 1349ms
2024-05-01 12:21:54,054 - scheduler - INFO - Foydalanuvchi 31 tizimga kirdi, sessiya b4d0a68b423a
2024-05-01 12:22:17,901 - api.orders - INFO - Foydalanuvchi 763 tizimga kirdi, sessiya c44d17314d1d
2024-05-01 12:22:19,229 - db.pool - DEBUG - Cache hit key=user:412 ttl=3784s
2024-05-01 12:22:41,262 - db.pool - INFO - So'rov bajarildi: POST /api/v1/orders — 1161ms
2024-05-01 12:22:51,517 - api.auth - INFO - Foydalanuvchi 495 tizimga kirdi, sessiya 537a70edd2db
2024-05-01 12:22:57,537 - scheduler - DEBUG - Cache hit key=user:227 ttl=692s
2024-05-01 12:23:04,572 - worker.email - INFO - Foydalanuvchi 273 tizimga kirdi, sessiya a5c06ac87581
2024-05-01 12:23:07,512 - api.orders - INFO - Foydalanuvchi 519 tizimga kirdi, sessiya 27290388b8fb
2024-05-01 12:23:10,225 - api.auth - INFO - Foydalanuvchi 633 tizimga kirdi, sessiya f43efad6e259
2024-05-01 12:23:15,902 - api.orders - ERROR - DB ulanishi uzildi: timeout after 2552ms host=db-505
2024-05-01 12:23:16,577 - api.orders - INFO - Foydalanuvchi 145 tizimga kirdi, sessiya ad96aae23fac
2024-05-01 12:23:35,294 - api.auth - INFO - So'rov bajarildi: GET /api/v1/orders — 1218ms
2024-05-01 12:23:35,386 - api.auth - DEBUG - Cache hit key=user:688 ttl=2098s
2024-05-01 12:23:39,170 - db.pool - INFO - Foydalanuvchi 460 tizimga kirdi, sessiya 0d299ba80cf0
2024-05-01 12:23:54,063 - cache.redis - ERROR - DB ulanishi uzildi: timeout after 3198ms host=db-276
2024-05-01 12:24:03,327 - scheduler - INFO - So'rov bajarildi: GET /api/v1/users — 2597ms
2024-05-01 12:24:05,228 - cache.redis - WARN - Ulanishlar hovuzi 2019% to'lgan
2024-05-01 12:24:06,206 - worker.email - INFO - Buyurtma yaratildi id=93568 summa=1686466.78
2024-05-01 12:24:13,110 - db.pool - INFO - So'rov bajarildi: GET /login — 252ms
2024-05-01 12:24:15,388 - scheduler - INFO - So'rov bajarildi: POST /login — 327ms
2024-05-01 12:24:17,722 - api.auth - INFO - So'rov bajarildi: POST /api/v1/users — 3773ms
2024-05-01 12:24:41,698 - cache.redis - INFO - Foydalanuvchi 416 tizimga kirdi, sessiya 087e8466d954
2024-05-01 12:24:49,049 - cache.redis - INFO - Foydalanuvchi 551 tizimga kirdi, sessiya ff4b7d311649
2024-05-01 12:24:52,413 - cache.redis - DEBUG - Cache hit key=user:433 ttl=4146s
2024-05-01 12:25:21,999 - api.orders - INFO - Foydalanuvchi 800 tizimga kirdi, sessiya 8ca6ced24a99
2024-05-01 12:25:33,479 - payments.gateway - INFO - So'rov bajarildi: GET /api/v1/users — 1764ms
2024-05-01 12:25:56,427 - db.pool - INFO - Foydalanuvchi 454 tizimga kirdi, sessiya 74225e2654c0
2024-05-01 12:26:08,079 - cache.redis - INFO - Foydalanuvchi 466 tizimga kirdi, sessiya 1a1690995e85
2024-05-01 12:26:09,428 - cache.redis - WARN - Ulanishlar hovuzi 221% to'lgan
2024-05-01 12:26:09,498 - payments.gateway - INFO - Foydalanuvchi 275 tizimga kirdi, sessiya ae3d44f80c4d
2024-05-01 12:26:36,471 - payments.gateway - DEBUG - Cache hit key=user:540 ttl=85s
2024-05-01 12:26:50,352 - cache.redis - INFO - So'rov bajarildi: GET /api/v1/users — 1017ms
2024-05-01 12:27:00,187 - api.auth - ERROR - DB ulanishi uzildi: timeout after 1013ms host=db-563
2024-05-01 12:27:00,836 - api.orders - INFO - So'rov bajarildi: POST /api/v1/orders — 2162ms
2024-05-01 12:27:14,273 - worker.email - INFO - Foydalanuvchi 678 tizimga kirdi, sessiya 1c2909ab19bf
2024-05-01 12:27:36,937 - scheduler - INFO - Buyurtma yaratildi id=38060 summa=118168.65
2024-05-01 12:27:38,293 - api.auth - INFO - Foydalanuvchi 722 tizimga kirdi, sessiya 83c0c53b499d
2024-05-01 12:27:50,971 - scheduler - ERROR - To'lov rad etildi order=22154 kod=INSUFFICIENT_FUNDS
2024-05-01 12:28:04,529 - api.auth - ERROR - To'lov rad etildi order=12900 kod=INSUFFICIENT_FUNDS
2024-05-01 12:28:11,753 - db.pool - INFO - Buyurtma yaratildi id=26782 summa=3971372.35
2024-05-01 12:28:19,814 - scheduler - INFO - Foydalanuvchi 831 tizimga kirdi, sessiya 5a3497e8369f
2024-05-01 12:28:32,319 - db.pool - INFO - So'rov bajarildi: POST /login — 132ms
2024-05-01 12:28:41,586 - cache.redis - INFO - So'rov bajarildi: GET /api/v1/orders — 835ms
2024-05-01 12:29:11,696 - db.pool - INFO - Buyurtma yaratildi id=77519 summa=2800746.19
2024-05-01 12:29:16,771 - api.orders - INFO - So'rov bajarildi: POST /login — 3256ms
2024-05-01 12:29:34,124 - scheduler - INFO - So'rov bajarildi: POST /api/v1/orders — 2454ms
2024-05-01 12:29:43,616 - cache.redis - WARN - Ulanishlar hovuzi 4114% to'lgan
2024-05-01 12:30:01,340 - api.auth - DEBUG - Cache hit key=user:47 ttl=3850s
2024-05-01 12:30:04,854 - api.orders - INFO - Foydalanuvchi 7 tizimga kirdi, sessiya 605967363b37
2024-05-01 12:30:08,636 - payments.gateway - INFO - Buyurtma yaratildi id=82698 summa=2850484.81
2024-05-01 12:30:26,582 - db.pool - CRITICAL - Xizmat javob bermayapti: worker-707 qayta ishga tushirilmoqda
2024-05-01 12:31:11,116 - payments.gateway - INFO - So'rov bajarildi: POST /login — 3545ms
2024-05-01 12:31:15,457 - cache.redis - ERROR - DB ulanishi uzildi: timeout after 2701ms host=db-707
2024-05-01 12:31:17,595 - api.auth - INFO - So'rov bajarildi: GET /api/v1/users — 1298ms
2024-05-01 12:31:40,090 - api.auth - INFO - So'rov bajarildi: POST /api/v1/orders — 3189ms
2024-05-01 12:31:40,767 - api.auth - INFO - Buyurtma yaratildi id=30253 summa=930806.24
2024-05-01 12:31:43,616 - payments.gateway - INFO - Buyurtma yaratildi id=66701 summa=3120071.9
2024-05-01 12:31:48,904 - api.auth - DEBUG - Cache hit key=user:427 ttl=2968s
2024-05-01 12:31:51,633 - worker.email - ERROR - DB ulanishi uzildi: timeout after 3741ms host=db-883
2024-05-01 12:32:12,427 - db.pool - ERROR - DB ulanishi uzildi: timeout after 3562ms host=db-31
2024-05-01 12:32:28,856 - cache.redis - INFO - So'rov bajarildi: GET /login — 3543ms
2024-05-01 12:32:50,012 - scheduler - INFO - So'rov bajarildi: GET /api/v1/orders — 814ms
2024-05-01 12:33:09,898 - db.pool - INFO - So'rov bajarildi: GET /api/v1/users — 3875ms
2024-05-01 12:33:42,238 - payments.gateway - DEBUG - Cache hit key=user:239 ttl=1404s
2024-05-01 12:33:47,427 - payments.gateway - ERROR - DB ulanishi uzildi: timeout after 2465ms host=db-800
2024-05-01 12:33:58,303 - cache.redis - INFO - Foydalanuvchi 29 tizimga kirdi, sessiya fbec4c6fc053
2024-05-01 12:34:01,291 - cache.redis - ERROR - To'lov rad etildi order=45614 kod=INSUFFICIENT_FUNDS
2024-05-01 12:34:01,560 - cache.redis - DEBUG - Cache hit key=user:188 ttl=3650s
2024-05-01 12:34:10,678 - payments.gateway - ERROR - DB ulanishi uzildi: timeout after 2288ms host=db-170
2024-05-01 12:34:20,389 - cache.redis - INFO - Foydalanuvchi 485 tizimga kirdi, sessiya bec9ad434cbf
2024-05-01 12:34:28,791 - worker.email - WARN - Sekin so'rov: /login 2614ms chegaradan oshdi
2024-05-01 12:34:44,040 - scheduler - WARN - Ulanishlar hovuzi 3593% to'lgan
2024-05-01 12:34:51,877 - payments.gateway - DEBUG - Cache hit key=user:234 ttl=2721s
2024-05-01 12:34:57,055 - payments.gateway - INFO - Buyurtma yaratildi id=67482 summa=3925474.48
2024-05-01 12:35:10,706 - payments.gateway - WARN - Sekin so'rov: /api/v1/orders 2184ms chegaradan oshdi
2024-05-01 12:35:11,564 - api.orders - INFO - So'rov bajarildi: GET /api/v1/users — 2864ms
2024-05-01 12:35:13,721 - api.auth - INFO - Foydalanuvchi 858 tizimga kirdi, sessiya e8817428508a
2024-05-01 12:35:17,961 - payments.gateway - INFO - So'rov bajarildi: GET /login — 548ms
2024-05-01 12:35:31,103 - db.pool - INFO - So'rov bajarildi: GET /api/v1/orders — 2563ms
2024-05-01 12:35:39,722 - api.orders - INFO - Foydalanuvchi 438 tizimga kirdi, sessiya 56b4c319e138
2024-05-01 12:35:42,934 - api.orders - DEBUG - Cache hit key=user:765 ttl=3150s
2024-05-01 12:35:46,630 - worker.email - INFO - Foydalanuvchi 574 tizimga kirdi, sessiya c35fefd2f14d
2024-05-01 12:35:50,332 - api.orders - INFO - Buyurtma yaratildi id=53444 summa=915891.49
2024-05-01 12:36:22,744 - db.pool - ERROR - DB ulanishi uzildi: timeout after 1940ms host=db-131
2024-05-01 12:36:23,355 - api.orders - INFO - So'rov bajarildi: POST /api/v1/orders — 943ms
2024-05-01 12:36:35,580 - api.orders - WARN - Sekin so'rov: /api/v1/orders 4132ms chegaradan oshdi
2024-05-01 12:36:40,548 - api.auth - INFO - Foydalanuvchi 396 tizimga kirdi, sessiya a2191cd31d80
2024-05-01 12:36:54,756 - api.orders - INFO - So'rov bajarildi: POST /api/v1/orders — 885ms
2024-05-01 12:37:01,983 - cache.redis - DEBUG - Cache hit key=user:85 ttl=3408s
2024-05-01 12:37:20,298 - scheduler - INFO - So'rov bajarildi: POST /api/v1/orders — 1288ms
2024-05-01 12:37:27,264 - cache.redis - INFO - So'rov bajarildi: GET /login — 1835ms
2024-05-01 12:37:46,581 - api.auth - DEBUG - Cache hit key=user:640 ttl=4099s
2024-05-01 12:38:17,344 - scheduler - WARN - Sekin so'rov: /login 2529ms chegaradan oshdi
2024-05-01 12:38:21,621 - api.orders - DEBUG - Cache hit key=user:408 ttl=4177s
2024-05-01 12:38:38,033 - scheduler - INFO - Buyurtma yaratildi id=70821 summa=638873.54
2024-05-01 12:38:40,511 - db.pool - INFO - Foydalanuvchi 419 tizimga kirdi, sessiya e19a4867c5c8
2024-05-01 12:38:51,254 - worker.email - WARN - Sekin so'rov: /api/v1/orders 1511ms chegaradan oshdi
2024-05-01 12:38:53,971 - cache.redis - WARN - Sekin so'rov: /api/v1/users 3047ms chegaradan oshdi
2024-05-01 12:38:58,212 - db.pool - INFO - Foydalanuvchi 580 tizimga kirdi, sessiya 4180821adfac
2024-05-01 12:39:00,841 - cache.redis - ERROR - DB ulanishi uzildi: timeout after 3119ms host=db-197
2024-05-01 12:39:06,339 - cache.redis - INFO - Buyurtma yaratildi id=12236 summa=3292392.05
2024-05-01 12:39:06,491 - scheduler - INFO - Foydalanuvchi 899 tizimga kirdi, sessiya dbcec9bec639
2024-05-01 12:39:11,882 - cache.redis - INFO - Buyurtma yaratildi id=85457 summa=2481556.42
2024-05-01 12:39:22,585 - payments.gateway - INFO - So'rov bajarildi: GET /api/v1/orders — 3234ms
2024-05-01 12:39:23,096 - payments.gateway - INFO - Foydalanuvchi 218 tizimga kirdi, sessiya af11b9eb96a3
2024-05-01 12:39:38,692 - api.orders - INFO - Buyurtma yaratildi id=94143 summa=2383824.63
2024-05-01 12:39:41,288 - scheduler - INFO - Foydalanuvchi 547 tizimga kirdi, sessiya c4e804ca40a0
2024-05-01 12:39:43,803 - payments.gateway - INFO - So'rov bajarildi: GET /api/v1/users — 925ms
2024-05-01 12:40:00,175 - cache.redis - INFO - Foydalanuvchi 2 tizimga kirdi, sessiya 3a333f9979ed
2024-05-01 12:40:04,596 - api.auth - INFO - Buyurtma yaratildi id=58212 summa=3663238.58
2024-05-01 12:40:05,548 - api.orders - DEBUG - Cache hit key=user:549 ttl=873s
2024-05-01 12:40:07,903 - worker.email - INFO - Foydalanuvchi 198 tizimga kirdi, sessiya 95a5f2d218a9
2024-05-01 12:40:09,146 - api.orders - WARN - Sekin so'rov: /api/v1/users 3984ms chegaradan oshdi
2024-05-01 12:40:20,298 - cache.redis - ERROR - DB ulanishi uzildi: timeout after 1359ms host=db-138
2024-05-01 12:40:22,625 - scheduler - INFO - So'rov bajarildi: POST /api/v1/users — 171ms
2024-05-01 12:40:33,989 - api.orders - INFO - Buyurtma yaratildi id=58410 summa=2412353.96
2024-05-01 12:40:35,783 - api.auth - INFO - Foydalanuvchi 518 tizimga kirdi, sessiya e83e8a23c383
2024-05-01 12:40:59,448 - worker.email - CRITICAL - Xizmat javob bermayapti: worker-476 qayta ishga tushirilmoqda
2024-05-01 12:41:16,001 - api.auth - INFO - Foydalanuvchi 74 tizimga kirdi, sessiya acf7149df322
2024-05-01 12:41:17,311 - api.orders - INFO - Buyurtma yaratildi id=55256 summa=1433098.96
2024-05-01 12:41:19,100 - api.orders - ERROR - DB ulanishi uzildi: timeout after 2582ms host=db-651
2024-05-01 12:41:21,232 - db.pool - INFO - Foydalanuvchi 350 tizimga kirdi, sessiya 4bf072e3ec7d
2024-05-01 12:41:21,356 - payments.gateway - INFO - Foydalanuvchi 147 tizimga kirdi, sessiya 27a52b0af167
2024-05-01 12:41:47,229 - db.pool - INFO - So'rov bajarildi: GET /api/v1/orders — 2859ms
2024-05-01 12:41:54,436 - db.pool - INFO - Buyurtma yaratildi id=63970 summa=529934.64
2024-05-01 12:42:08,276 - api.auth - INFO - So'rov bajarildi: GET /login — 930ms
2024-05-01 12:42:10,153 - scheduler - ERROR - DB ulanishi uzildi: timeout after 441ms host=db-384
2024-05-01 12:42:14,258 - db.pool - INFO - Buyurtma yaratildi id=38450 summa=1806435.12
2024-05-01 12:42:18,169 - db.pool - INFO - Foydalanuvchi 792 tizimga kirdi, sessiya 3683622f882e
2024-05-01 12:42:21,831 - worker.email - INFO - So'rov bajarildi: POST /api/v1/users — 1043ms
2024-05-01 12:42:24,050 - api.orders - INFO - Foydalanuvchi 806 tizimga kirdi, sessiya 9b95250045f8
2024-05-01 12:42:24,419 - cache.redis - INFO - Foydalanuvchi 90 tizimga kirdi, sessiya 4a9442f3e9f3
2024-05-01 12:42:30,230 - db.pool - INFO - Foydalanuvchi 702 tizimga kirdi, sessiya 1e4e1d3ef86e
2024-05-01 12:42:31,863 - db.pool - INFO - So'rov bajarildi: GET /login — 2488ms
2024-05-01 12:42:42,209 - db.pool - DEBUG - Cache hit key=user:731 ttl=3925s
2024-05-01 12:42:53,074 - worker.email - INFO - So'rov bajarildi: POST /api/v1/orders — 3219ms
2024-05-01 12:42:54,717 - cache.redis - WARN - Sekin so'rov: /api/v1/users 1012ms chegaradan oshdi
2024-05-01 12:43:26,489 - scheduler - INFO - So'rov bajarildi: GET /api/v1/users — 1769ms
2024-05-01 12:43:35,095 - cache.redis - ERROR - To'lov rad etildi order=29018 kod=INSUFFICIENT_FUNDS
2024-05-01 12:43:42,680 - cache.redis - INFO - So'rov bajarildi: POST /login — 3409ms
2024-05-01 12:43:43,186 - payments.gateway - DEBUG - Cache hit key=user:432 ttl=3900s
2024-05-01 12:43:55,651 - db.pool - INFO - Buyurtma yaratildi id=53373 summa=66086.17
2024-05-01 12:44:16,167 - worker.email - INFO - So'rov bajarildi: POST /login — 1117ms
2024-05-01 12:44:24,946 - db.pool - INFO - Foydalanuvchi 261 tizimga kirdi, sessiya e98306390ca2
2024-05-01 12:44:56,650 - payments.gateway - INFO - Foydalanuvchi 804 tizimga kirdi, sessiya 911595134c87
2024-05-01 12:45:01,281 - cache.redis - WARN - Ulanishlar hovuzi 3255% to'lgan
2024-05-01 12:45:12,151 - cache.redis - WARN - Ulanishlar hovuzi 1210% to'lgan
2024-05-01 12:45:12,198 - payments.gateway - INFO - Buyurtma yaratildi id=45095 summa=1906827.52
2024-05-01 12:45:19,112 - payments.gateway - INFO - Buyurtma yaratildi id=14758 summa=1908450.47
2024-05-01 12:45:26,751 - api.orders - INFO - Foydalanuvchi 121 tizimga kirdi, sessiya 85acaa5b4ccf
2024-05-01 12:45:27,644 - api.auth - INFO - Buyurtma yaratildi id=62668 summa=2216273.65
2024-05-01 12:45:59,767 - api.orders - INFO - Buyurtma yaratildi id=61145 summa=2182446.4
2024-05-01 12:46:17,939 - cache.redis - WARN - Ulanishlar hovuzi 2613% to'lgan
2024-05-01 12:46:45,696 - payments.gateway - INFO - So'rov bajarildi: GET /api/v1/orders — 1005ms
2024-05-01 12:46:51,166 - scheduler - DEBUG - Cache hit key=user:739 ttl=1760s
2024-05-01 12:46:58,527 - cache.redis - ERROR - To'lov rad etildi order=16001 kod=INSUFFICIENT_FUNDS
2024-05-01 12:47:07,887 - api.orders - DEBUG - Cache hit key=user:27 ttl=1146s
2024-05-01 12:47:21,464 - scheduler - INFO - So'rov bajarildi: POST /api/v1/orders — 3266ms
2024-05-01 12:47:22,764 - worker.email - DEBUG - Cache hit key=user:445 ttl=695s
2024-05-01 12:47:25,213 - worker.email - INFO - So'rov bajarildi: POST /api/v1/users — 2619ms
2024-05-01 12:47:28,019 - cache.redis - ERROR - To'lov rad etildi order=54602 kod=INSUFFICIENT_FUNDS
2024-05-01 12:47:28,885 - api.auth - INFO - Buyurtma yaratildi id=36755 summa=1060290.67
2024-05-01 12:47:29,623 - cache.redis - INFO - Foydalanuvchi 270 tizimga kirdi, sessiya d19b599e252c
2024-05-01 12:47:37,378 - api.auth - INFO - So'rov bajarildi: GET /login — 355ms
2024-05-01 12:47:42,679 - worker.email - INFO - So'rov bajarildi: POST /login — 1296ms
2024-05-01 12:47:51,506 - api.auth - WARN - Ulanishlar hovuzi 1420% to'lgan
2024-05-01 12:47:58,438 - api.orders - INFO - Foydalanuvchi 774 tizimga kirdi, sessiya 8b7d5cf36dbd
2024-05-01 12:47:59,057 - worker.email - WARN - Sekin so'rov: /api/v1/users 2511ms chegaradan oshdi
2024-05-01 12:48:12,163 - api.auth - WARN - Ulanishlar hovuzi 3474% to'lgan
2024-05-01 12:48:23,602 - api.orders - DEBUG - Cache hit key=user:801 ttl=2448s
2024-05-01 12:48:29,561 - cache.redis - ERROR - To'lov rad etildi order=65881 kod=INSUFFICIENT_FUNDS
2024-05-01 12:48:31,478 - api.orders - INFO - Buyurtma yaratildi id=98443 summa=1131874.95
2024-05-01 12:48:36,007 - api.auth - INFO - So'rov bajarildi: GET /login — 3701ms
2024-05-01 12:48:37,859 - api.auth - INFO - Foydalanuvchi 553 tizimga kirdi, sessiya 25c25bcdeb7e
2024-05-01 12:48:39,172 - db.pool - DEBUG - Cache hit key=user:279 ttl=457s
2024-05-01 12:48:51,369 - payments.gateway - WARN - Sekin so'rov: /api/v1/orders 719ms chegaradan oshdi
2024-05-01 12:49:17,363 - api.orders - INFO - Foydalanuvchi 124 tizimga kirdi, sessiya b0b86531cf0e
2024-05-01 12:49:21,898 - db.pool - INFO - So'rov bajarildi: GET /api/v1/users — 4129ms
2024-05-01 12:49:23,335 - api.auth - WARN - Ulanishlar hovuzi 1633% to'lgan
2024-05-01 12:49:43,386 - cache.redis - INFO - Foydalanuvchi 378 tizimga kirdi, sessiya 56a049493f02
2024-05-01 12:50:07,471 - api.auth - INFO - Foydalanuvchi 332 tizimga kirdi, sessiya 05d2fc5b3a2d
2024-05-01 12:50:11,694 - api.auth - INFO - Foydalanuvchi 303 tizimga kirdi, sessiya 99dbd0d1ca35
2024-05-01 12:50:24,493 - db.pool - DEBUG - Cache hit key=user:808 ttl=2165s
2024-05-01 12:50:26,309 - cache.redis - WARN - Sekin so'rov: /login 2578ms chegaradan oshdi
2024-05-01 12:50:27,894 - scheduler - INFO - So'rov bajarildi: POST /api/v1/users — 3829ms
2024-05-01 12:50:42,999 - db.pool - INFO - So'rov bajarildi: GET /api/v1/users — 578ms
2024-05-01 12:50:48,017 - api.orders - INFO - So'rov bajarildi: GET /login — 334ms
2024-05-01 12:50:55,887 - api.orders - INFO - Buyurtma yaratildi id=73453 summa=3916676.7
2024-05-01 12:51:26,203 - worker.email - INFO - So'rov bajarildi: GET /api/v1/users — 2916ms
2024-05-01 12:51:28,372 - api.orders - INFO - Foydalanuvchi 635 tizimga kirdi, sessiya 6575699aa2ac
2024-05-01 12:51:52,816 - api.auth - INFO - Buyurtma yaratildi id=98701 summa=1765442.61
2024-05-01 12:52:12,698 - api.orders - INFO - So'rov bajarildi: GET /api/v1/orders — 11ms
2024-05-01 12:52:13,164 - scheduler - DEBUG - Cache hit key=user:75 ttl=1171s
2024-05-01 12:52:24,881 - worker.email - WARN - Sekin so'rov: /api/v1/orders 864ms chegaradan oshdi
2024-05-01 12:52:45,542 - db.pool - INFO - So'rov bajarildi: POST /api/v1/users — 385ms
2024-05-01 12:52:50,322 - api.orders - ERROR - DB ulanishi uzildi: timeout after 1435ms host=db-55
2024-05-01 12:53:13,454 - payments.gateway - INFO - Foydalanuvchi 267 tizimga kirdi, sessiya 33af9e3c70e0
2024-05-01 12:53:18,893 - worker.email - WARN - Sekin so'rov: /api/v1/users 2056ms chegaradan oshdi
2024-05-01 12:53:25,096 - db.pool - DEBUG - Cache hit key=user:163 ttl=699s
2024-05-01 12:53:26,164 - cache.redis - WARN - Sekin so'rov: /api/v1/users 2359ms chegaradan oshdi
2024-05-01 12:53:31,593 - payments.gateway - INFO - Foydalanuvchi 810 tizimga kirdi, sessiya 2393cccde07c
2024-05-01 12:53:31,606 - scheduler - INFO - So'rov bajarildi: GET /login — 2394ms
2024-05-01 12:53:41,779 - api.auth - INFO - Buyurtma yaratildi id=93185 summa=543897.81
2024-05-01 12:53:58,771 - api.orders - ERROR - To'lov rad etildi order=93318 kod=INSUFFICIENT_FUNDS
2024-05-01 12:54:03,176 - payments.gateway - WARN - Sekin so'rov: /login 720ms chegaradan oshdi
2024-05-01 12:54:08,657 - worker.email - DEBUG - Cache hit key=user:405 ttl=3944s
2024-05-01 12:54:11,177 - payments.gateway - INFO - Foydalanuvchi 479 tizimga kirdi, sessiya bca38a32f257
2024-05-01 12:54:12,754 - db.pool - INFO - Buyurtma yaratildi id=56182 summa=3786154.38
2024-05-01 12:54:12,997 - worker.email - ERROR - To'lov rad etildi order=13584 kod=INSUFFICIENT_FUNDS
2024-05-01 12:54:19,652 - cache.redis - INFO - Foydalanuvchi 114 tizimga kirdi, sessiya fa7b789a5c47
2024-05-01 12:54:26,754 - db.pool - INFO - Buyurtma yaratildi id=17216 summa=495148.69
2024-05-01 12:54:42,278 - api.auth - INFO - Foydalanuvchi 18 tizimga kirdi, sessiya f5148b5d4849
2024-05-01 12:54:55,637 - scheduler - INFO - Buyurtma yaratildi id=84497 summa=395095.07
2024-05-01 12:55:11,066 - cache.redis - DEBUG - Cache hit key=user:648 ttl=1830s
2024-05-01 12:55:18,968 - api.orders - INFO - Buyurtma yaratildi id=86484 summa=644965.82
2024-05-01 12:55:32,848 - api.orders - DEBUG - Cache hit key=user:41 ttl=2955s
2024-05-01 12:55:41,576 - db.pool - WARN - Ulanishlar hovuzi 1354% to'lgan
2024-05-01 12:55:46,535 - scheduler - WARN - Ulanishlar hovuzi 944% to'lgan
2024-05-01 12:56:08,860 - scheduler - INFO - So'rov bajarildi: GET /api/v1/users — 1763ms
2024-05-01 12:56:14,068 - db.pool - WARN - Sekin so'rov: /api/v1/users 2614ms chegaradan oshdi
2024-05-01 12:56:25,017 - scheduler - WARN - Sekin so'rov: /api/v1/users 3620ms chegaradan oshdi
2024-05-01 12:56:29,630 - scheduler - INFO - Foydalanuvchi 179 tizimga kirdi, sessiya 4d096af9712a
2024-05-01 12:56:59,839 - api.orders - ERROR - To'lov rad etildi order=98523 kod=INSUFFICIENT_FUNDS
2024-05-01 12:57:00,975 - api.auth - INFO - So'rov bajarildi: GET /api/v1/users — 27ms
2024-05-01 12:57:14,386 - payments.gateway - INFO - Buyurtma yaratildi id=96855 summa=2388973.24
2024-05-01 12:57:22,475 - cache.redis - WARN - Sekin so'rov: /login 1659ms chegaradan oshdi
2024-05-01 12:57:29,616 - db.pool - DEBUG - Cache hit key=user:80 ttl=2813s
2024-05-01 12:57:30,143 - worker.email - INFO - Buyurtma yaratildi id=66130 summa=2770652.06
2024-05-01 12:57:40,486 - api.auth - INFO - Foydalanuvchi 783 tizimga kirdi, sessiya 2b97c0c1fc23
2024-05-01 12:57:48,155 - db.pool - INFO - Foydalanuvchi 321 tizimga kirdi, sessiya a881a67845d6
2024-05-01 12:57:48,469 - payments.gateway - WARN - Ulanishlar hovuzi 932% to'lgan
2024-05-01 12:57:49,403 - api.orders - WARN - Sekin so'rov: /login 3015ms chegaradan oshdi
2024-05-01 12:57:50,334 - db.pool - DEBUG - Cache hit key=user:898 ttl=4015s
2024-05-01 12:57:53,179 - scheduler - INFO - Buyurtma yaratildi id=73786 summa=10148.47
2024-05-01 12:57:59,058 - api.auth - DEBUG - Cache hit key=user:789 ttl=658s
2024-05-01 12:58:00,790 - worker.email - DEBUG - Cache hit key=user:763 ttl=1924s
2024-05-01 12:58:02,377 - api.auth - CRITICAL - Xizmat javob bermayapti: worker-630 qayta ishga tushirilmoqda
2024-05-01 12:58:04,002 - api.auth - INFO - Foydalanuvchi 476 tizimga kirdi, sessiya 205e8cf77ee3
2024-05-01 12:58:32,636 - api.orders - INFO - So'rov bajarildi: POST /api/v1/orders — 181ms
2024-05-01 12:58:38,879 - db.pool - INFO - So'rov bajarildi: POST /api/v1/users — 304ms
2024-05-01 12:58:44,565 - api.auth - ERROR - DB ulanishi uzildi: timeout after 777ms host=db-687
2024-05-01 12:59:08,158 - db.pool - ERROR - To'lov rad etildi order=32214 kod=INSUFFICIENT_FUNDS
2024-05-01 12:59:11,004 - cache.redis - INFO - Buyurtma yaratildi id=95639 summa=2627599.15
2024-05-01 12:59:13,453 - scheduler - ERROR - DB ulanishi uzildi: timeout after 3273ms host=db-565
2024-05-01 12:59:13,771 - api.orders - INFO - So'rov bajarildi: POST /api/v1/orders — 2833ms
2024-05-01 12:59:45,185 - cache.redis - INFO - So'rov bajarildi: POST /api/v1/orders — 393ms
2024-05-01 12:59:48,259 - db.pool - DEBUG - Cache hit key=user:337 ttl=3975s
2024-05-01 12:59:48,384 - api.orders - WARN - Ulanishlar hovuzi 3720% to'lgan
2024-05-01 12:59:51,439 - worker.email - ERROR - DB ulanishi uzildi: timeout after 1666ms host=db-271
2024-05-01 12:59:55,331 - db.pool - DEBUG - Cache hit key=user:152 ttl=1007s
2024-05-01 13:00:16,092 - cache.redis - WARN - Sekin so'rov: /api/v1/users 10ms chegaradan oshdi
2024-05-01 13:00:18,373 - api.auth - INFO - Foydalanuvchi 595 tizimga kirdi, sessiya 031b6ef248fe
2024-05-01 13:00:21,520 - payments.gateway - DEBUG - Cache hit key=user:630 ttl=1167s
2024-05-01 13:00:28,192 - api.orders - DEBUG - Cache hit key=user:786 ttl=3466s
2024-05-01 13:00:36,162 - worker.email - INFO - So'rov bajarildi: POST /login — 3339ms
2024-05-01 13:00:48,387 - api.auth - INFO - So'rov bajarildi: GET /api/v1/users — 2678ms
2024-05-01 13:00:56,577 - db.pool - INFO - Foydalanuvchi 576 tizimga kirdi, sessiya dc93dba224a6
2024-05-01 13:01:00,787 - api.auth - INFO - Foydalanuvchi 154 tizimga kirdi, sessiya 6f6843989c8c
2024-05-01 13:01:08,846 - api.orders - INFO - Buyurtma yaratildi id=18235 summa=3788206.8
2024-05-01 13:01:43,808 - payments.gateway - ERROR - DB ulanishi uzildi: timeout after 241ms host=db-234
2024-05-01 13:01:44,967 - cache.redis - WARN - Ulanishlar hovuzi 4105% to'lgan
2024-05-01 13:01:45,017 - api.orders - INFO - So'rov bajarildi: GET /login — 3902ms
2024-05-01 13:01:45,183 - db.pool - INFO - So'rov bajarildi: GET /api/v1/users — 2491ms
2024-05-01 13:01:48,560 - api.orders - ERROR - To'lov rad etildi order=74626 kod=INSUFFICIENT_FUNDS
2024-05-01 13:01:49,098 - payments.gateway - WARN - Ulanishlar hovuzi 1873% to'lgan
2024-05-01 13:02:23,150 - payments.gateway - INFO - Foydalanuvchi 55 tizimga kirdi, sessiya 323e9130738f
2024-05-01 13:02:29,707 - scheduler - INFO - So'rov bajarildi: GET /login — 2086ms
2024-05-01 13:02:53,410 - worker.email - WARN - Sekin so'rov: /api/v1/users 1598ms chegaradan oshdi
2024-05-01 13:02:57,391 - api.auth - INFO - So'rov bajarildi: POST /api/v1/orders — 302ms
2024-05-01 13:03:01,254 - worker.email - DEBUG - Cache hit key=user:348 ttl=1175s
2024-05-01 13:03:03,814 - api.orders - INFO - Foydalanuvchi 225 tizimga kirdi, sessiya f6a6e517b4e9
2024-05-01 13:03:08,812 - db.pool - INFO - Foydalanuvchi 720 tizimga kirdi, sessiya 692757bfa980
2024-05-01 13:03:15,957 - scheduler - INFO - Foydalanuvchi 760 tizimga kirdi, sessiya 89d6130abefb
2024-05-01 13:03:24,936 - api.auth - INFO - So'rov bajarildi: GET /api/v1/users — 1553ms
2024-05-01 13:03:31,276 - db.pool - DEBUG - Cache hit key=user:286 ttl=517s
2024-05-01 13:03:39,985 - cache.redis - INFO - Buyurtma yaratildi id=80890 summa=2739367.97
2024-05-01 13:03:49,729 - payments.gateway - WARN - Sekin so'rov: /login 3248ms chegaradan oshdi
2024-05-01 13:04:16,146 - worker.email - DEBUG - Cache hit key=user:305 ttl=822s
2024-05-01 13:04:24,114 - payments.gateway - INFO - Buyurtma yaratildi id=17132 summa=1598407.78
2024-05-01 13:04:37,076 - api.auth - ERROR - To'lov rad etildi order=59648 kod=INSUFFICIENT_FUNDS
2024-05-01 13:04:56,618 - api.orders - DEBUG - Cache hit key=user:202 ttl=2677s
2024-05-01 13:05:03,561 - cache.redis - INFO - So'rov bajarildi: POST /login — 3510ms
2024-05-01 13:05:06,098 - db.pool - INFO - So'rov bajarildi: GET /api/v1/users — 3805ms
2024-05-01 13:05:17,423 - api.orders - INFO - So'rov bajarildi: POST /api/v1/users — 2182ms
2024-05-01 13:05:33,305 - worker.email - INFO - So'rov bajarildi: GET /api/v1/users — 929ms
2024-05-01 13:05:34,669 - api.orders - INFO - Foydalanuvchi 739 tizimga kirdi, sessiya 3e2597e494e3
2024-05-01 13:05:43,742 - cache.redis - INFO - Buyurtma yaratildi id=64743 summa=2015143.35
2024-05-01 13:05:58,980 - worker.email - INFO - Foydalanuvchi 479 tizimga kirdi, sessiya e88058fcd4b2
2024-05-01 13:06:03,597 - api.auth - INFO - Foydalanuvchi 279 tizimga kirdi, sessiya ad82e7197402
2024-05-01 13:06:16,723 - api.orders - INFO - So'rov bajarildi: POST /api/v1/orders — 3717ms
2024-05-01 13:06:33,269 - api.orders - INFO - So'rov bajarildi: POST /api/v1/users — 2466ms
2024-05-01 13:06:41,949 - payments.gateway - ERROR - To'lov rad etildi order=28668 kod=INSUFFICIENT_FUNDS
2024-05-01 13:06:42,872 - worker.email - ERROR - To'lov rad etildi order=89326 kod=INSUFFICIENT_FUNDS
2024-05-01 13:06:44,007 - api.orders - DEBUG - Cache hit key=user:660 ttl=450s
2024-05-01 13:06:55,798 - db.pool - INFO - Buyurtma yaratildi id=66487 summa=3343123.0
2024-05-01 13:06:58,710 - api.orders - INFO - So'rov bajarildi: POST /api/v1/users — 1790ms
2024-05-01 13:06:59,319 - scheduler - INFO - So'rov bajarildi: POST /login — 2010ms
2024-05-01 13:07:08,871 - db.pool - INFO - So'rov bajarildi: POST /api/v1/users — 954ms
2024-05-01 13:07:10,274 - worker.email - DEBUG - Cache hit key=user:391 ttl=3220s
2024-05-01 13:07:11,938 - api.auth - INFO - Foydalanuvchi 146 tizimga kirdi, sessiya f818cf483b8a
2024-05-01 13:07:30,436 - cache.redis - INFO - So'rov bajarildi: POST /api/v1/orders — 336ms
2024-05-01 13:07:37,858 - worker.email - INFO - Foydalanuvchi 302 tizimga kirdi, sessiya ae059212f9f8
2024-05-01 13:07:39,721 - payments.gateway - INFO - So'rov bajarildi: POST /login — 2051ms
2024-05-01 13:07:41,560 - api.auth - INFO - Foydalanuvchi 31 tizimga kirdi, sessiya 040d948d5661
2024-05-01 13:07:51,926 - api.auth - INFO - Buyurtma yaratildi id=67599 summa=3919226.4
2024-05-01 13:08:10,297 - worker.email - WARN - Sekin so'rov: /api/v1/users 125ms chegaradan oshdi
2024-05-01 13:08:22,649 - api.auth - INFO - So'rov bajarildi: POST /api/v1/orders — 1807ms
2024-05-01 13:08:35,363 - cache.redis - INFO - Foydalanuvchi 20 tizimga kirdi, sessiya 191fc23b8252
2024-05-01 13:08:35,895 - scheduler - DEBUG - Cache hit key=user:355 ttl=2365s
2024-05-01 13:08:39,507 - cache.redis - WARN - Ulanishlar hovuzi 824% to'lgan
2024-05-01 13:08:43,344 - payments.gateway - INFO - Foydalanuvchi 702 tizimga kirdi, sessiya 55394c905211
2024-05-01 13:09:08,119 - db.pool - INFO - So'rov bajarildi: GET /login — 214ms
2024-05-01 13:09:15,014 - worker.email - WARN - Sekin so'rov: /api/v1/users 456ms chegaradan oshdi
2024-05-01 13:09:19,371 - db.pool - DEBUG - Cache hit key=user:726 ttl=2060s
2024-05-01 13:09:46,260 - payments.gateway - WARN - Sekin so'rov: /api/v1/orders 3520ms chegaradan oshdi
2024-05-01 13:09:51,750 - scheduler - INFO - Foydalanuvchi 218 tizimga kirdi, sessiya 292991557fe9
2024-05-01 13:10:03,123 - cache.redis - INFO - So'rov bajarildi: POST /api/v1/orders — 2786ms
2024-05-01 13:10:09,075 - worker.email - INFO - Foydalanuvchi 563 tizimga kirdi, sessiya 0088bd2a397a
2024-05-01 13:10:22,903 - scheduler - INFO - So'rov bajarildi: POST /login — 1837ms
2024-05-01 13:10:32,136 - worker.email - INFO - Buyurtma yaratildi id=80656 summa=3071762.13
2024-05-01 13:10:38,802 - payments.gateway - INFO - Foydalanuvchi 428 tizimga kirdi, sessiya 629080a6d0f9
2024-05-01 13:10:58,836 - payments.gateway - WARN - Ulanishlar hovuzi 906% to'lgan
2024-05-01 13:11:08,995 - db.pool - INFO - So'rov bajarildi: POST /login — 824ms
2024-05-01 13:11:12,105 - cache.redis - INFO - So'rov bajarildi: GET /login — 3532ms
2024-05-01 13:11:35,473 - payments.gateway - WARN - Sekin so'rov: /api/v1/orders 3033ms chegaradan oshdi
2024-05-01 13:11:38,525 - api.auth - DEBUG - Cache hit key=user:829 ttl=2669s
2024-05-01 13:11:44,730 - db.pool - ERROR - DB ulanishi uzildi: timeout after 2584ms host=db-205
2024-05-01 13:11:47,627 - payments.gateway - DEBUG - Cache hit key=user:396 ttl=2109s
2024-05-01 13:11:52,443 - db.pool - INFO - Foydalanuvchi 411 tizimga kirdi, sessiya efcdd0d152d0
2024-05-01 13:11:53,970 - worker.email - INFO - So'rov bajarildi: GET /login — 491ms
2024-05-01 13:11:54,641 - payments.gateway - INFO - So'rov bajarildi: POST /api/v1/orders — 1627ms
2024-05-01 13:12:05,666 - payments.gateway - INFO - So'rov bajarildi: GET /api/v1/orders — 3712ms
2024-05-01 13:12:06,357 - cache.redis - INFO - Buyurtma yaratildi id=78815 summa=3432743.64
2024-05-01 13:12:09,458 - db.pool - INFO - So'rov bajarildi: POST /api/v1/orders — 667ms
2024-05-01 13:12:30,659 - scheduler - INFO - So'rov bajarildi: GET /api/v1/users — 1963ms
2024-05-01 13:12:34,351 - payments.gateway - WARN - Sekin so'rov: /login 625ms chegaradan oshdi
2024-05-01 13:13:00,928 - worker.email - DEBUG - Cache hit key=user:167 ttl=1428s
2024-05-01 13:13:09,096 - api.orders - INFO - Buyurtma yaratildi id=17361 summa=3637915.55
2024-05-01 13:13:20,767 - scheduler - INFO - Foydalanuvchi 429 tizimga kirdi, sessiya fe005b4990a8
2024-05-01 13:13:26,123 - payments.gateway - INFO - So'rov bajarildi: GET /api/v1/orders — 4047ms
2024-05-01 13:13:26,899 - api.auth - DEBUG - Cache hit key=user:457 ttl=2458s
2024-05-01 13:13:40,211 - api.orders - INFO - So'rov bajarildi: GET /api/v1/orders — 521ms
2024-05-01 13:13:41,484 - db.pool - INFO - Buyurtma yaratildi id=38493 summa=2142374.44
2024-05-01 13:13:59,465 - scheduler - WARN - Ulanishlar hovuzi 1979% to'lgan
2024-05-01 13:14:08,086 - scheduler - INFO - Foydalanuvchi 31 tizimga kirdi, sessiya 148d57cf1aa8
2024-05-01 13:14:16,592 - cache.redis - DEBUG - Cache hit key=user:352 ttl=2618s
2024-05-01 13:14:16,947 - cache.redis - ERROR - To'lov rad etildi order=37465 kod=INSUFFICIENT_FUNDS
2024-05-01 13:14:17,906 - payments.gateway - INFO - So'rov bajarildi: GET /api/v1/orders — 1099ms
2024-05-01 13:14:19,174 - scheduler - INFO - Foydalanuvchi 283 tizimga kirdi, sessiya 52c6110357f7
2024-05-01 13:14:22,070 - api.auth - INFO - Foydalanuvchi 738 tizimga kirdi, sessiya 4d53fd6d517d
2024-05-01 13:14:29,038 - payments.gateway - DEBUG - Cache hit key=user:638 ttl=782s
2024-05-01 13:14:33,633 - worker.email - INFO - Foydalanuvchi 518 tizimga kirdi, sessiya f4f9e552d845
2024-05-01 13:14:36,888 - db.pool - INFO - Foydalanuvchi 506 tizimga kirdi, sessiya 1c82020d4389
2024-05-01 13:14:46,515 - db.pool - INFO - Foydalanuvchi 340 tizimga kirdi, sessiya cafd8fbd32d8
2024-05-01 13:14:53,207 - api.orders - INFO - Foydalanuvchi 605 tizimga kirdi, sessiya 167ce468083c
2024-05-01 13:15:03,174 - api.orders - INFO - Foydalanuvchi 353 tizimga kirdi, sessiya 2883a755ed11
2024-05-01 13:15:03,178 - api.orders - INFO - So'rov bajarildi: POST /api/v1/users — 1816ms
2024-05-01 13:15:11,909 - worker.email - WARN - Sekin so'rov: /api/v1/users 2751ms chegaradan oshdi
2024-05-01 13:15:14,300 - api.auth - INFO - Buyurtma yaratildi id=73551 summa=2493884.82
2024-05-01 13:15:17,203 - worker.email - WARN - Sekin so'rov: /api/v1/users 1330ms chegaradan oshdi
2024-05-01 13:15:19,759 - db.pool - WARN - Ulanishlar hovuzi 1368% to'lgan
2024-05-01 13:15:43,087 - payments.gateway - INFO - So'rov bajarildi: GET /login — 3374ms
2024-05-01 13:16:08,214 - payments.gateway - INFO - Foydalanuvchi 353 tizimga kirdi, sessiya c5c0aeaac6f9
2024-05-01 13:16:13,917 - scheduler - INFO - Foydalanuvchi 872 tizimga kirdi, sessiya a141751c1ec1
2024-05-01 13:16:26,480 - api.orders - INFO - Foydalanuvchi 727 tizimga kirdi, sessiya b0e832a9b8db
2024-05-01 13:16:29,667 - api.auth - INFO - So'rov bajarildi: GET /api/v1/orders — 850ms
2024-05-01 13:16:41,496 - worker.email - INFO - So'rov bajarildi: GET /login — 51ms
2024-05-01 13:17:21,179 - api.orders - INFO - So'rov bajarildi: POST /api/v1/users — 2984ms
2024-05-01 13:17:35,765 - db.pool - DEBUG - Cache hit key=user:59 ttl=889s
2024-05-01 13:17:36,112 - api.auth - ERROR - DB ulanishi uzildi: timeout after 2628ms host=db-895
2024-05-01 13:17:42,559 - cache.redis - INFO - So'rov bajarildi: POST /api/v1/users — 1988ms
2024-05-01 13:17:43,869 - db.pool - INFO - Foydalanuvchi 827 tizimga kirdi, sessiya 7310a74e91a3
2024-05-01 13:17:46,482 - worker.email - WARN - Sekin so'rov: /api/v1/users 35ms chegaradan oshdi
2024-05-01 13:17:50,232 - cache.redis - INFO - So'rov bajarildi: GET /api/v1/orders — 3173ms
2024-05-01 13:17:55,901 - scheduler - WARN - Ulanishlar hovuzi 2126% to'lgan
2024-05-01 13:17:58,954 - cache.redis - INFO - Foydalanuvchi 219 tizimga kirdi, sessiya 14fd3cc6a0fb
2024-05-01 13:18:02,423 - worker.email - INFO - So'rov bajarildi: POST /api/v1/users — 2537ms
2024-05-01 13:18:06,144 - db.pool - ERROR - To'lov rad etildi order=31853 kod=INSUFFICIENT_FUNDS
2024-05-01 13:18:08,014 - scheduler - DEBUG - Cache hit key=user:186 ttl=1507s
2024-05-01 13:18:10,069 - scheduler - INFO - Foydalanuvchi 334 tizimga kirdi, sessiya 3829583042c0
2024-05-01 13:18:18,880 - cache.redis - CRITICAL - Xizmat javob bermayapti: worker-154 qayta ishga tushirilmoqda
2024-05-01 13:18:28,715 - api.auth - INFO - Foydalanuvchi 167 tizimga kirdi, sessiya 34e428272df5
2024-05-01 13:18:55,442 - api.orders - INFO - Foydalanuvchi 856 tizimga kirdi, sessiya a7954693fbe5
2024-05-01 13:18:56,042 - api.auth - INFO - So'rov bajarildi: GET /api/v1/orders — 2598ms
2024-05-01 13:19:16,800 - db.pool - DEBUG - Cache hit key=user:882 ttl=2199s
2024-05-01 13:19:18,470 - scheduler - INFO - So'rov bajarildi: POST /api/v1/orders — 2748ms
2024-05-01 13:19:26,942 - api.orders - DEBUG - Cache hit key=user:728 ttl=3555s
2024-05-01 13:19:31,940 - payments.gateway - INFO - So'rov bajarildi: POST /api/v1/users — 2184ms
2024-05-01 13:19:55,302 - worker.email - INFO - So'rov bajarildi: GET /api/v1/orders — 3914ms
2024-05-01 13:19:55,473 - worker.email - INFO - So'rov bajarildi: POST /api/v1/orders — 3092ms
2024-05-01 13:19:59,485 - cache.redis - WARN - Sekin so'rov: /login 3389ms chegaradan oshdi
2024-05-01 13:20:04,764 - api.auth - INFO - Buyurtma yaratildi id=20895 summa=1241917.45
2024-05-01 13:20:12,758 - worker.email - DEBUG - Cache hit key=user:16 ttl=816s
2024-05-01 13:20:29,447 - db.pool - ERROR - DB ulanishi uzildi: timeout after 2686ms host=db-618
2024-05-01 13:20:29,749 - db.pool - INFO - So'rov bajarildi: POST /login — 2872ms
2024-05-01 13:20:40,522 - api.auth - INFO - Buyurtma yaratildi id=57001 summa=3946238.98
2024-05-01 13:20:42,818 - scheduler - INFO - Foydalanuvchi 33 tizimga kirdi, sessiya 7f7bdb0828a8
2024-05-01 13:20:56,264 - api.auth - INFO - So'rov bajarildi: GET /api/v1/orders — 2448ms
2024-05-01 13:20:56,867 - cache.redis - INFO - So'rov bajarildi: POST /api/v1/orders — 1233ms
2024-05-01 13:21:04,769 - api.orders - INFO - So'rov bajarildi: POST /login — 600ms
2024-05-01 13:21:08,469 - worker.email - INFO - So'rov bajarildi: POST /login — 1470ms
2024-05-01 13:21:18,110 - worker.email - CRITICAL - Xizmat javob bermayapti: worker-336 qayta ishga tushirilmoqda
2024-05-01 13:21:31,588 - worker.email - INFO - Foydalanuvchi 343 tizimga kirdi, sessiya b345c773230a
2024-05-01 13:21:39,631 - scheduler - INFO - So'rov bajarildi: GET /login — 2794ms
2024-05-01 13:21:42,145 - cache.redis - INFO - Buyurtma yaratildi id=21570 summa=2749824.23
2024-05-01 13:21:43,925 - db.pool - DEBUG - Cache hit key=user:382 ttl=2437s
2024-05-01 13:21:46,344 - scheduler - INFO - So'rov bajarildi: GET /login — 1646ms
2024-05-01 13:21:49,357 - api.orders - DEBUG - Cache hit key=user:460 ttl=3544s
2024-05-01 13:21:49,728 - worker.email - WARN - Ulanishlar hovuzi 3014% to'lgan
2024-05-01 13:22:06,785 - scheduler - INFO - So'rov bajarildi: POST /api/v1/users — 4151ms
2024-05-01 13:22:08,049 - db.pool - INFO - Foydalanuvchi 444 tizimga kirdi, sessiya b29123be442d
2024-05-01 13:22:17,763 - cache.redis - WARN - Sekin so'rov: /api/v1/users 2495ms chegaradan oshdi
2024-05-01 13:22:31,299 - payments.gateway - INFO - Foydalanuvchi 32 tizimga kirdi, sessiya fc173a5f1d72
2024-05-01 13:23:07,181 - cache.redis - INFO - So'rov bajarildi: POST /api/v1/users — 1408ms
2024-05-01 13:23:08,579 - db.pool - INFO - So'rov bajarildi: GET /login — 3501ms
2024-05-01 13:23:22,054 - scheduler - WARN - Sekin so'rov: /api/v1/orders 1657ms chegaradan oshdi
2024-05-01 13:23:29,562 - scheduler - INFO - Foydalanuvchi 430 tizimga kirdi, sessiya 33644b4e575b
2024-05-01 13:23:31,287 - db.pool - INFO - So'rov bajarildi: GET /api/v1/users — 2250ms
2024-05-01 13:23:31,418 - worker.email - CRITICAL - Xizmat javob bermayapti: worker-531 qayta ishga tushirilmoqda
2024-05-01 13:23:32,253 - cache.redis - WARN - Ulanishlar hovuzi 3395% to'lgan
2024-05-01 13:23:41,564 - cache.redis - INFO - So'rov bajarildi: GET /login — 3397ms
2024-05-01 13:23:50,009 - payments.gateway - INFO - Foydalanuvchi 132 tizimga kirdi, sessiya fcfc4a2ec50f
2024-05-01 13:24:06,837 - api.auth - INFO - Foydalanuvchi 571 tizimga kirdi, sessiya 9a4c2e1b250d
2024-05-01 13:24:18,780 - cache.redis - INFO - Buyurtma yaratildi id=60372 summa=1709967.78
2024-05-01 13:24:18,892 - cache.redis - INFO - So'rov bajarildi: POST /api/v1/users — 1810ms
2024-05-01 13:24:21,406 - payments.gateway - INFO - Foydalanuvchi 179 tizimga kirdi, sessiya f49c0448e007
2024-05-01 13:24:26,405 - api.auth - WARN - Sekin so'rov: /login 108ms chegaradan oshdi
2024-05-01 13:24:28,292 - payments.gateway - INFO - So'rov bajarildi: GET /api/v1/users — 1719ms
2024-05-01 13:24:32,481 - payments.gateway - INFO - Buyurtma yaratildi id=40964 summa=2828696.07
2024-05-01 13:24:35,185 - scheduler - DEBUG - Cache hit key=user:237 ttl=3079s
2024-05-01 13:24:35,704 - api.auth - INFO - Foydalanuvchi 227 tizimga kirdi, sessiya 2195448f72bd
2024-05-01 13:24:53,929 - worker.email - INFO - So'rov bajarildi: GET /api/v1/orders — 3869ms
2024-05-01 13:25:02,059 - api.orders - INFO - Foydalanuvchi 552 tizimga kirdi, sessiya 48e0bb38a17e
2024-05-01 13:25:18,425 - scheduler - INFO - Foydalanuvchi 702 tizimga kirdi, sessiya 0c30a29d1eff
2024-05-01 13:25:31,399 - api.orders - DEBUG - Cache hit key=user:302 ttl=4180s
2024-05-01 13:26:13,094 - cache.redis - INFO - Foydalanuvchi 344 tizimga kirdi, sessiya 85140282f77a
2024-05-01 13:26:13,893 - db.pool - INFO - Foydalanuvchi 736 tizimga kirdi, sessiya e1792760b378
2024-05-01 13:26:20,317 - api.auth - INFO - Buyurtma yaratildi id=53030 summa=58064.33
2024-05-01 13:26:23,344 - db.pool - INFO - Buyurtma yaratildi id=36548 summa=3970365.68
2024-05-01 13:26:29,069 - api.orders - INFO - Foydalanuvchi 146 tizimga kirdi, sessiya 1e2a5b32f723
2024-05-01 13:27:03,441 - scheduler - INFO - So'rov bajarildi: POST /login — 3332ms
2024-05-01 13:27:08,261 - cache.redis - INFO - So'rov bajarildi: GET /api/v1/orders — 19ms
2024-05-01 13:27:10,760 - api.auth - CRITICAL - Xizmat javob bermayapti: worker-452 qayta ishga tushirilmoqda
2024-05-01 13:27:38,300 - scheduler - INFO - Foydalanuvchi 457 tizimga kirdi, sessiya 768227d34a36
2024-05-01 13:27:43,899 - cache.redis - INFO - Foydalanuvchi 528 tizimga kirdi, sessiya 12d4e0fa3539
2024-05-01 13:27:44,315 - api.auth - WARN - Sekin so'rov: /login 2808ms chegaradan oshdi
2024-05-01 13:27:59,377 - api.orders - INFO - So'rov bajarildi: GET /api/v1/users — 2775ms
2024-05-01 13:28:15,616 - api.auth - INFO - So'rov bajarildi: POST /api/v1/orders — 3968ms
2024-05-01 13:28:26,967 - api.orders - WARN - Ulanishlar hovuzi 1350% to'lgan
2024-05-01 13:28:33,866 - api.auth - INFO - So'rov bajarildi: GET /login — 583ms
2024-05-01 13:28:39,316 - scheduler - ERROR - DB ulanishi uzildi: timeout after 4051ms host=db-816
2024-05-01 13:28:59,738 - api.auth - INFO - So'rov bajarildi: GET /api/v1/orders — 2491ms
2024-05-01 13:29:20,467 - api.auth - INFO - So'rov bajarildi: GET /api/v1/users — 3753ms
2024-05-01 13:29:29,772 - worker.email - INFO - Buyurtma yaratildi id=71610 summa=396869.33
2024-05-01 13:29:35,995 - api.auth - INFO - Buyurtma yaratildi id=25329 summa=780690.94
2024-05-01 13:29:54,603 - scheduler - INFO - Buyurtma yaratildi id=58214 summa=252019.96
2024-05-01 13:29:57,653 - payments.gateway - INFO - Buyurtma yaratildi id=72441 summa=1821854.63
2024-05-01 13:30:01,911 - api.orders - WARN - Sekin so'rov: /api/v1/users 2818ms chegaradan oshdi
2024-05-01 13:30:11,554 - worker.email - WARN - Sekin so'rov: /api/v1/users 1282ms chegaradan oshdi
2024-05-01 13:30:17,656 - scheduler - INFO - Buyurtma yaratildi id=77591 summa=3042833.5
2024-05-01 13:30:27,810 - cache.redis - WARN - Sekin so'rov: /api/v1/orders 2626ms chegaradan oshdi
2024-05-01 13:30:30,059 - api.orders - INFO - So'rov bajarildi: POST /login — 2743ms
2024-05-01 13:30:35,813 - worker.email - CRITICAL - Xizmat javob bermayapti: worker-173 qayta ishga tushirilmoqda
2024-05-01 13:30:37,649 - cache.redis - INFO - So'rov bajarildi: GET /api/v1/orders — 3735ms
2024-05-01 13:30:38,262 - worker.email - ERROR - DB ulanishi uzildi: timeout after 3090ms host=db-749
2024-05-01 13:30:38,899 - api.orders - INFO - Foydalanuvchi 676 tizimga kirdi, sessiya 9a9c0c8f6a20
2024-05-01 13:30:41,200 - db.pool - INFO - So'rov bajarildi: POST /login — 1256ms
2024-05-01 13:30:52,076 - cache.redis - INFO - So'rov bajarildi: GET /login — 4075ms
2024-05-01 13:31:10,799 - cache.redis - ERROR - DB ulanishi uzildi: timeout after 2166ms host=db-76
2024-05-01 13:31:43,784 - scheduler - INFO - So'rov bajarildi: POST /api/v1/users — 477ms
2024-05-01 13:31:48,473 - api.orders - INFO - So'rov bajarildi: POST /api/v1/users — 1400ms
2024-05-01 13:32:18,272 - cache.redis - WARN - Ulanishlar hovuzi 39% to'lgan
2024-05-01 13:32:32,719 - api.orders - INFO - So'rov bajarildi: POST /login — 2376ms
2024-05-01 13:32:34,155 - worker.email - INFO - So'rov bajarildi: POST /api/v1/users — 1966ms
2024-05-01 13:32:55,408 - cache.redis - INFO - So'rov bajarildi: GET /login — 1817ms
2024-05-01 13:33:25,956 - payments.gateway - INFO - Foydalanuvchi 674 tizimga kirdi, sessiya 88ecd5759326
2024-05-01 13:33:35,580 - scheduler - INFO - So'rov bajarildi: POST /api/v1/orders — 1769ms
2024-05-01 13:33:35,638 - scheduler - WARN - Sekin so'rov: /api/v1/orders 3081ms chegaradan oshdi
2024-05-01 13:33:41,504 - scheduler - INFO - Foydalanuvchi 698 tizimga kirdi, sessiya 77450400e5d0
2024-05-01 13:33:58,166 - payments.gateway - INFO - Foydalanuvchi 802 tizimga kirdi, sessiya 3f82bef014ed
2024-05-01 13:33:59,190 - worker.email - INFO - Foydalanuvchi 495 tizimga kirdi, sessiya 690c4b33047c
2024-05-01 13:34:00,192 - api.orders - DEBUG - Cache hit key=user:374 ttl=1140s
2024-05-01 13:34:05,875 - scheduler - WARN - Sekin so'rov: /api/v1/users 3985ms chegaradan oshdi
2024-05-01 13:34:07,975 - payments.gateway - INFO - So'rov bajarildi: GET /api/v1/orders — 284ms
2024-05-01 13:34:11,259 - scheduler - INFO - Foydalanuvchi 654 tizimga kirdi, sessiya da61a33a3a54
2024-05-01 13:34:16,826 - db.pool - INFO - Buyurtma yaratildi id=65364 summa=3057541.15
2024-05-01 13:34:21,198 - cache.redis - INFO - Buyurtma yaratildi id=88093 summa=1471021.33
2024-05-01 13:34:40,550 - payments.gateway - INFO - Buyurtma yaratildi id=32945 summa=2658333.01
2024-05-01 13:34:55,806 - scheduler - INFO - So'rov bajarildi: GET /login — 1327ms
2024-05-01 13:35:11,940 - payments.gateway - INFO - So'rov bajarildi: POST /api/v1/users — 3556ms
2024-05-01 13:35:33,582 - scheduler - WARN - Ulanishlar hovuzi 2752% to'lgan
2024-05-01 13:35:34,651 - worker.email - INFO - Foydalanuvchi 788 tizimga kirdi, sessiya ad557da55565
2024-05-01 13:35:37,562 - api.auth - INFO - So'rov bajarildi: POST /api/v1/users — 819ms
2024-05-01 13:35:44,950 - api.orders - CRITICAL - Xizmat javob bermayapti: worker-708 qayta ishga tushirilmoqda
2024-05-01 13:35:58,532 - scheduler - INFO - So'rov bajarildi: POST /api/v1/orders — 739ms
2024-05-01 13:36:29,796 - api.orders - INFO - Buyurtma yaratildi id=31520 summa=206637.66
2024-05-01 13:36:30,575 - worker.email - INFO - So'rov bajarildi: GET /login — 3144ms
2024-05-01 13:36:31,414 - api.orders - WARN - Sekin so'rov: /api/v1/orders 2421ms chegaradan oshdi
2024-05-01 13:36:33,826 - worker.email - INFO - Foydalanuvchi 408 tizimga kirdi, sessiya 413c01ca88bf
2024-05-01 13:36:35,238 - api.auth - INFO - Buyurtma yaratildi id=44888 summa=3902333.65
2024-05-01 13:36:40,511 - api.orders - INFO - Foydalanuvchi 450 tizimga kirdi, sessiya 85c9d10fe35d
2024-05-01 13:37:00,737 - cache.redis - INFO - So'rov bajarildi: POST /api/v1/users — 2801ms
2024-05-01 13:37:13,793 - db.pool - INFO - So'rov bajarildi: GET /api/v1/users — 3354ms
2024-05-01 13:37:35,420 - worker.email - INFO - So'rov bajarildi: GET /api/v1/users — 929ms
2024-05-01 13:37:41,923 - payments.gateway - INFO - So'rov bajarildi: POST /login — 854ms
2024-05-01 13:37:49,416 - db.pool - ERROR - To'lov rad etildi order=99568 kod=INSUFFICIENT_FUNDS
2024-05-01 13:37:49,518 - scheduler - ERROR - To'lov rad etildi order=29747 kod=INSUFFICIENT_FUNDS
2024-05-01 13:37:54,634 - worker.email - INFO - Foydalanuvchi 264 tizimga kirdi, sessiya 9c2e9f9f9c05
2024-05-01 13:37:58,727 - payments.gateway - INFO - Buyurtma yaratildi id=86279 summa=1744471.36
2024-05-01 13:38:17,684 - scheduler - INFO - So'rov bajarildi: POST /login — 2715ms
2024-05-01 13:39:18,246 - api.orders - INFO - Foydalanuvchi 464 tizimga kirdi, sessiya 86d31e5994c6
2024-05-01 13:39:22,592 - payments.gateway - INFO - Foydalanuvchi 441 tizimga kirdi, sessiya 9a1401f2345c
2024-05-01 13:39:36,926 - payments.gateway - INFO - So'rov bajarildi: GET /api/v1/users — 995ms
2024-05-01 13:39:37,269 - worker.email - INFO - So'rov bajarildi: POST /api/v1/users — 4066ms
2024-05-01 13:39:50,091 - worker.email - INFO - So'rov bajarildi: GET /api/v1/users — 1024ms
2024-05-01 13:39:54,098 - api.auth - INFO - Foydalanuvchi 223 tizimga kirdi, sessiya c2b4e500bd1a
2024-05-01 13:39:59,661 - api.auth - INFO - So'rov bajarildi: GET /api/v1/users — 807ms
2024-05-01 13:40:18,557 - db.pool - INFO - Buyurtma yaratildi id=22788 summa=3542086.87
2024-05-01 13:40:32,203 - payments.gateway - INFO - Buyurtma yaratildi id=48158 summa=3677230.86
2024-05-01 13:40:34,045 - payments.gateway - INFO - So'rov bajarildi: GET /login — 713ms
2024-05-01 13:40:34,568 - payments.gateway - INFO - Foydalanuvchi 401 tizimga kirdi, sessiya d2cde5134d48
2024-05-01 13:40:36,083 - api.orders - INFO - So'rov bajarildi: POST /login — 900ms
2024-05-01 13:40:46,758 - payments.gateway - INFO - So'rov bajarildi: POST /login — 1701ms
2024-05-01 13:40:48,609 - api.auth - INFO - Foydalanuvchi 537 tizimga kirdi, sessiya 9e579caff106
2024-05-01 13:40:59,589 - scheduler - INFO - So'rov bajarildi: POST /api/v1/orders — 262ms
2024-05-01 13:41:08,116 - api.orders - WARN - Ulanishlar hovuzi 4021% to'lgan
2024-05-01 13:41:12,288 - db.pool - ERROR - To'lov rad etildi order=98926 kod=INSUFFICIENT_FUNDS
2024-05-01 13:41:13,205 - api.orders - INFO - Foydalanuvchi 483 tizimga kirdi, sessiya aa1cccfa8e23
2024-05-01 13:41:19,631 - api.orders - INFO - Foydalanuvchi 780 tizimga kirdi, sessiya 242dfeac3cd3
2024-05-01 13:41:22,259 - db.pool - WARN - Sekin so'rov: /api/v1/orders 1477ms chegaradan oshdi
2024-05-01 13:41:39,127 - cache.redis - ERROR - DB ulanishi uzildi: timeout after 3486ms host=db-449
2024-05-01 13:41:43,772 - api.auth - WARN - Sekin so'rov: /api/v1/users 2330ms chegaradan oshdi
2024-05-01 13:41:54,000 - scheduler - INFO - Foydalanuvchi 544 tizimga kirdi, sessiya e95a7420b6b8
2024-05-01 13:42:01,928 - api.orders - INFO - Foydalanuvchi 569 tizimga kirdi, sessiya da7558de4d2a
2024-05-01 13:42:11,615 - cache.redis - INFO - Foydalanuvchi 142 tizimga kirdi, sessiya 8e8c5e4e5fe5
2024-05-01 13:42:23,792 - scheduler - CRITICAL - Xizmat javob bermayapti: worker-596 qayta ishga tushirilmoqda
2024-05-01 13:42:34,107 - api.auth - DEBUG - Cache hit key=user:625 ttl=1237s
2024-05-01 13:42:49,850 - api.orders - DEBUG - Cache hit key=user:525 ttl=3853s
2024-05-01 13:42:53,833 - scheduler - ERROR - DB ulanishi uzildi: timeout after 3010ms host=db-485
2024-05-01 13:43:18,387 - worker.email - INFO - Buyurtma yaratildi id=48687 summa=1047999.52
2024-05-01 13:43:22,998 - api.orders - ERROR - To'lov rad etildi order=17893 kod=INSUFFICIENT_FUNDS
2024-05-01 13:43:25,668 - payments.gateway - INFO - Buyurtma yaratildi id=98700 summa=2835958.19
2024-05-01 13:43:28,295 - api.auth - DEBUG - Cache hit key=user:121 ttl=3176s
2024-05-01 13:43:51,425 - worker.email - INFO - Buyurtma yaratildi id=61801 summa=2140781.64
2024-05-01 13:43:53,924 - scheduler - WARN - Ulanishlar hovuzi 2037% to'lgan
2024-05-01 13:44:01,790 - payments.gateway - DEBUG - Cache hit key=user:670 ttl=3423s
2024-05-01 13:44:18,067 - worker.email - CRITICAL - Xizmat javob bermayapti: worker-881 qayta ishga tushirilmoqda
2024-05-01 13:44:33,020 - worker.email - INFO - So'rov bajarildi: GET /api/v1/users — 2955ms
2024-05-01 13:44:39,228 - api.orders - INFO - So'rov bajarildi: POST /api/v1/orders — 3712ms
2024-05-01 13:44:45,166 - db.pool - INFO - Foydalanuvchi 390 tizimga kirdi, sessiya 1519f916ce9d
2024-05-01 13:44:47,254 - worker.email - INFO - Buyurtma yaratildi id=88997 summa=1762266.44
2024-05-01 13:44:51,487 - worker.email - INFO - So'rov bajarildi: POST /api/v1/orders — 4158ms
2024-05-01 13:45:00,426 - scheduler - DEBUG - Cache hit key=user:531 ttl=305s
2024-05-01 13:45:01,674 - api.auth - INFO - Foydalanuvchi 437 tizimga kirdi, sessiya c521d529c854
2024-05-01 13:45:19,310 - cache.redis - INFO - Foydalanuvchi 829 tizimga kirdi, sessiya 7d3cb6dfeb63
2024-05-01 13:45:36,465 - api.orders - DEBUG - Cache hit key=user:645 ttl=541s
2024-05-01 13:45:47,946 - db.pool - ERROR - DB ulanishi uzildi: timeout after 1965ms host=db-11
2024-05-01 13:45:50,486 - db.pool - DEBUG - Cache hit key=user:395 ttl=4002s
2024-05-01 13:46:02,892 - scheduler - WARN - Ulanishlar hovuzi 3880% to'lgan
2024-05-01 13:46:04,726 - db.pool - INFO - So'rov bajarildi: GET /api/v1/orders — 1245ms
2024-05-01 13:46:26,961 - worker.email - WARN - Ulanishlar hovuzi 2509% to'lgan
2024-05-01 13:46:52,585 - cache.redis - ERROR - DB ulanishi uzildi: timeout after 3690ms host=db-819
2024-05-01 13:46:54,278 - cache.redis - INFO - So'rov bajarildi: POST /api/v1/users — 3225ms
2024-05-01 13:46:56,431 - api.orders - DEBUG - Cache hit key=user:320 ttl=1027s
2024-05-01 13:47:09,188 - payments.gateway - INFO - So'rov bajarildi: GET /api/v1/orders — 1812ms
2024-05-01 13:47:11,972 - api.auth - CRITICAL - Xizmat javob bermayapti: worker-618 qayta ishga tushirilmoqda
2024-05-01 13:47:56,303 - cache.redis - CRITICAL - Xizmat javob bermayapti: worker-109 qayta ishga tushirilmoqda
2024-05-01 13:47:58,828 - payments.gateway - INFO - So'rov bajarildi: POST /api/v1/orders — 835ms
2024-05-01 13:48:08,214 - worker.email - INFO - Foydalanuvchi 765 tizimga kirdi, sessiya 16d30b2d1c8a
2024-05-01 13:48:10,573 - db.pool - INFO - So'rov bajarildi: POST /api/v1/users — 377ms
2024-05-01 13:48:14,751 - scheduler - WARN - Sekin so'rov: /api/v1/orders 1989ms chegaradan oshdi
2024-05-01 13:48:26,326 - cache.redis - INFO - So'rov bajarildi: GET /api/v1/users — 3810ms
2024-05-01 13:48:26,641 - payments.gateway - DEBUG - Cache hit key=user:843 ttl=2709s
2024-05-01 13:48:31,241 - cache.redis - INFO - So'rov bajarildi: GET /api/v1/users — 1381ms
2024-05-01 13:48:38,270 - cache.redis - ERROR - DB ulanishi uzildi: timeout after 3098ms host=db-811
2024-05-01 13:48:41,513 - worker.email - INFO - So'rov bajarildi: GET /login — 3413ms
2024-05-01 13:49:29,835 - api.auth - INFO - Buyurtma yaratildi id=74709 summa=3509876.89
2024-05-01 13:49:34,956 - cache.redis - ERROR - To'lov rad etildi order=36120 kod=INSUFFICIENT_FUNDS
2024-05-01 13:49:52,242 - scheduler - INFO - So'rov bajarildi: POST /login — 1374ms
2024-05-01 13:50:15,546 - worker.email - WARN - Sekin so'rov: /api/v1/orders 2753ms chegaradan oshdi
2024-05-01 13:50:20,297 - scheduler - INFO - Foydalanuvchi 44 tizimga kirdi, sessiya b5a7c3adaf1e
2024-05-01 13:50:20,921 - cache.redis - INFO - Foydalanuvchi 184 tizimga kirdi, sessiya 8e742bc432a6
2024-05-01 13:50:30,935 - scheduler - INFO - So'rov bajarildi: POST /api/v1/orders — 3768ms
2024-05-01 13:50:32,746 - cache.redis - INFO - So'rov bajarildi: GET /api/v1/orders — 3958ms
2024-05-01 13:50:32,919 - api.orders - WARN - Sekin so'rov: /api/v1/orders 3402ms chegaradan oshdi
2024-05-01 13:50:40,515 - cache.redis - INFO - Foydalanuvchi 516 tizimga kirdi, sessiya 0786088b8e00
2024-05-01 13:50:42,189 - api.orders - INFO - So'rov bajarildi: GET /login — 716ms
2024-05-01 13:50:45,099 - worker.email - WARN - Sekin so'rov: /api/v1/users 1308ms chegaradan oshdi
2024-05-01 13:50:55,525 - cache.redis - WARN - Ulanishlar hovuzi 3044% to'lgan
2024-05-01 13:51:04,124 - cache.redis - INFO - So'rov bajarildi: GET /api/v1/users — 832ms
2024-05-01 13:51:07,571 - scheduler - WARN - Sekin so'rov: /login 385ms chegaradan oshdi
2024-05-01 13:51:09,364 - api.orders - INFO - Foydalanuvchi 892 tizimga kirdi, sessiya 8b3e57f0fc3c
2024-05-01 13:51:10,872 - db.pool - INFO - Buyurtma yaratildi id=20235 summa=900334.18
2024-05-01 13:52:23,070 - payments.gateway - INFO - So'rov bajarildi: POST /login — 2031ms
2024-05-01 13:52:31,052 - db.pool - ERROR - DB ulanishi uzildi: timeout after 4049ms host=db-92
2024-05-01 13:52:32,043 - payments.gateway - WARN - Sekin so'rov: /login 3145ms chegaradan oshdi
2024-05-01 13:52:32,556 - api.auth - INFO - So'rov bajarildi: GET /api/v1/users — 2703ms
2024-05-01 13:53:00,397 - scheduler - ERROR - To'lov rad etildi order=66142 kod=INSUFFICIENT_FUNDS
2024-05-01 13:53:26,545 - scheduler - INFO - So'rov bajarildi: GET /api/v1/orders — 1471ms
2024-05-01 13:54:04,444 - payments.gateway - INFO - Foydalanuvchi 499 tizimga kirdi, sessiya 8e8bde6b3ce6
2024-05-01 13:54:27,982 - api.auth - INFO - Buyurtma yaratildi id=16876 summa=3540454.04
2024-05-01 13:54:33,577 - api.orders - INFO - Foydalanuvchi 176 tizimga kirdi, sessiya ebea971c7c34
2024-05-01 13:54:35,773 - worker.email - INFO - Buyurtma yaratildi id=94559 summa=1514670.66
2024-05-01 13:54:58,551 - db.pool - DEBUG - Cache hit key=user:664 ttl=827s
2024-05-01 13:54:59,954 - payments.gateway - INFO - So'rov bajarildi: POST /login — 2296ms
2024-05-01 13:55:04,676 - api.auth - DEBUG - Cache hit key=user:370 ttl=2936s
2024-05-01 13:55:07,409 - scheduler - DEBUG - Cache hit key=user:840 ttl=1912s
2024-05-01 13:55:09,952 - db.pool - ERROR - DB ulanishi uzildi: timeout after 58ms host=db-83
2024-05-01 13:55:11,462 - api.orders - WARN - Sekin so'rov: /login 2149ms chegaradan oshdi
2024-05-01 13:55:13,186 - api.orders - WARN - Sekin so'rov: /api/v1/orders 2684ms chegaradan oshdi
2024-05-01 13:55:13,214 - scheduler - INFO - So'rov bajarildi: POST /api/v1/users — 3507ms
2024-05-01 13:55:22,966 - api.auth - INFO - Foydalanuvchi 287 tizimga kirdi, sessiya 91d6e0e0e499
2024-05-01 13:55:25,455 - payments.gateway - INFO - So'rov bajarildi: POST /api/v1/orders — 2433ms
2024-05-01 13:55:35,035 - payments.gateway - INFO - Foydalanuvchi 48 tizimga kirdi, sessiya 90e056d3fdc7
2024-05-01 13:55:36,980 - api.auth - INFO - So'rov bajarildi: POST /api/v1/users — 2910ms
2024-05-01 13:55:44,056 - payments.gateway - CRITICAL - Xizmat javob bermayapti: worker-173 qayta ishga tushirilmoqda
2024-05-01 13:55:51,452 - db.pool - DEBUG - Cache hit key=user:178 ttl=1795s
2024-05-01 13:56:02,421 - db.pool - INFO - Foydalanuvchi 607 tizimga kirdi, sessiya c17ddae407d1
2024-05-01 13:56:11,195 - cache.redis - INFO - Foydalanuvchi 190 tizimga kirdi, sessiya d8f4bdc01e8b
2024-05-01 13:56:14,397 - db.pool - ERROR - DB ulanishi uzildi: timeout after 3778ms host=db-126
2024-05-01 13:56:31,663 - api.orders - WARN - Ulanishlar hovuzi 2533% to'lgan
2024-05-01 13:56:37,914 - scheduler - INFO - So'rov bajarildi: POST /api/v1/orders — 2432ms
2024-05-01 13:56:41,381 - api.orders - WARN - Sekin so'rov: /api/v1/orders 1371ms chegaradan oshdi
2024-05-01 13:56:41,738 - db.pool - INFO - So'rov bajarildi: GET /login — 3638ms
2024-05-01 13:56:42,518 - worker.email - INFO - So'rov bajarildi: POST /login — 2205ms
2024-05-01 13:56:42,592 - db.pool - INFO - So'rov bajarildi: POST /api/v1/orders — 2729ms
2024-05-01 13:57:19,097 - scheduler - INFO - So'rov bajarildi: POST /api/v1/users — 1874ms
2024-05-01 13:57:28,414 - scheduler - INFO - So'rov bajarildi: POST /api/v1/users — 1936ms
2024-05-01 13:57:42,526 - cache.redis - INFO - So'rov bajarildi: GET /api/v1/orders — 3438ms
2024-05-01 13:57:43,266 - cache.redis - INFO - Foydalanuvchi 868 tizimga kirdi, sessiya 2562f55e3bd7
2024-05-01 13:58:10,059 - cache.redis - INFO - So'rov bajarildi: POST /api/v1/users — 1486ms
2024-05-01 13:58:10,251 - cache.redis - INFO - So'rov bajarildi: POST /api/v1/users — 620ms
2024-05-01 13:58:10,866 - api.orders - INFO - So'rov bajarildi: POST /api/v1/users — 635ms
2024-05-01 13:58:10,911 - worker.email - INFO - Foydalanuvchi 141 tizimga kirdi, sessiya a0eb3c16ac54
2024-05-01 13:58:13,452 - scheduler - INFO - Foydalanuvchi 264 tizimga kirdi, sessiya 3bf739bf96a3
2024-05-01 13:58:16,213 - cache.redis - INFO - Foydalanuvchi 189 tizimga kirdi, sessiya 1ec05910869f
2024-05-01 13:58:17,389 - payments.gateway - INFO - Buyurtma yaratildi id=28434 summa=40476.59
2024-05-01 13:58:45,185 - api.orders - INFO - So'rov bajarildi: GET /api/v1/users — 201ms
2024-05-01 13:58:58,326 - cache.redis - INFO - So'rov bajarildi: POST /api/v1/users — 1959ms
2024-05-01 13:59:08,365 - api.orders - INFO - Buyurtma yaratildi id=93580 summa=1655409.51
2024-05-01 13:59:22,323 - payments.gateway - WARN - Sekin so'rov: /api/v1/orders 2258ms chegaradan oshdi
2024-05-01 13:59:25,966 - api.orders - ERROR - DB ulanishi uzildi: timeout after 970ms host=db-529
2024-05-01 13:59:36,092 - api.orders - INFO - So'rov bajarildi: POST /api/v1/orders — 2900ms
2024-05-01 14:00:03,003 - cache.redis - INFO - So'rov bajarildi: GET /api/v1/orders — 2891ms
2024-05-01 14:00:04,110 - api.auth - INFO - Foydalanuvchi 686 tizimga kirdi, sessiya 1039209ca6bf
2024-05-01 14:00:11,448 - cache.redis - INFO - Buyurtma yaratildi id=36813 summa=98443.01
2024-05-01 14:00:15,190 - scheduler - INFO - So'rov bajarildi: POST /api/v1/users — 1511ms
2024-05-01 14:00:20,152 - scheduler - INFO - Foydalanuvchi 93 tizimga kirdi, sessiya b447a8c607cc
2024-05-01 14:00:20,907 - api.auth - INFO - Foydalanuvchi 720 tizimga kirdi, sessiya 73166eba2c26
2024-05-01 14:00:21,886 - worker.email - DEBUG - Cache hit key=user:468 ttl=3387s
2024-05-01 14:00:34,953 - scheduler - DEBUG - Cache hit key=user:205 ttl=2456s
2024-05-01 14:00:41,078 - api.orders - DEBUG - Cache hit key=user:781 ttl=2529s
2024-05-01 14:00:42,463 - db.pool - INFO - Buyurtma yaratildi id=23843 summa=1204926.44
2024-05-01 14:00:47,407 - db.pool - DEBUG - Cache hit key=user:588 ttl=417s
2024-05-01 14:00:48,096 - scheduler - DEBUG - Cache hit key=user:255 ttl=3203s
2024-05-01 14:01:00,758 - payments.gateway - WARN - Sekin so'rov: /api/v1/orders 1071ms chegaradan oshdi
2024-05-01 14:01:04,745 - scheduler - ERROR - DB ulanishi uzildi: timeout after 2709ms host=db-52
2024-05-01 14:01:07,763 - scheduler - DEBUG - Cache hit key=user:57 ttl=34s
2024-05-01 14:01:22,872 - api.orders - DEBUG - Cache hit key=user:90 ttl=1794s
2024-05-01 14:01:28,967 - api.orders - DEBUG - Cache hit key=user:580 ttl=283s
2024-05-01 14:01:33,915 - scheduler - DEBUG - Cache hit key=user:209 ttl=2140s
2024-05-01 14:01:36,380 - api.orders - DEBUG - Cache hit key=user:38 ttl=355s
2024-05-01 14:01:38,483 - db.pool - DEBUG - Cache hit key=user:305 ttl=1313s
2024-05-01 14:01:49,852 - cache.redis - INFO - Foydalanuvchi 247 tizimga kirdi, sessiya 748d92013551
2024-05-01 14:01:57,066 - payments.gateway - INFO - Foydalanuvchi 278 tizimga kirdi, sessiya 64dd4d45c08d
2024-05-01 14:01:57,070 - api.orders - INFO - So'rov bajarildi: POST /login — 23ms
2024-05-01 14:01:59,863 - cache.redis - INFO - Foydalanuvchi 107 tizimga kirdi, sessiya 178ebc23c44e
2024-05-01 14:02:05,580 - worker.email - INFO - Foydalanuvchi 268 tizimga kirdi, sessiya 5fe5bab85307
2024-05-01 14:02:07,501 - api.auth - DEBUG - Cache hit key=user:851 ttl=3387s
2024-05-01 14:02:21,623 - api.auth - INFO - So'rov bajarildi: GET /login — 1848ms
2024-05-01 14:02:21,836 - payments.gateway - INFO - Foydalanuvchi 697 tizimga kirdi, sessiya 8a9a544d0d46
2024-05-01 14:02:21,974 - api.auth - INFO - So'rov bajarildi: POST /login — 2134ms
2024-05-01 14:02:23,435 - scheduler - INFO - Buyurtma yaratildi id=47054 summa=1281021.51
2024-05-01 14:02:32,538 - worker.email - INFO - So'rov bajarildi: GET /api/v1/users — 2976ms
2024-05-01 14:02:33,523 - scheduler - DEBUG - Cache hit key=user:303 ttl=4087s
2024-05-01 14:02:49,581 - worker.email - INFO - Buyurtma yaratildi id=63053 summa=3286380.04
2024-05-01 14:02:57,815 - worker.email - INFO - So'rov bajarildi: POST /login — 2057ms
2024-05-01 14:03:02,110 - scheduler - INFO - Foydalanuvchi 86 tizimga kirdi, sessiya 026ec364d07e
2024-05-01 14:03:03,032 - worker.email - INFO - Buyurtma yaratildi id=25652 summa=1704493.11
2024-05-01 14:03:09,215 - worker.email - INFO - Foydalanuvchi 536 tizimga kirdi, sessiya 3f6feb54e0e5
2024-05-01 14:03:14,600 - payments.gateway - WARN - Ulanishlar hovuzi 320% to'lgan
2024-05-01 14:03:24,491 - payments.gateway - INFO - Foydalanuvchi 585 tizimga kirdi, sessiya 5034be939e3f
2024-05-01 14:03:30,824 - worker.email - DEBUG - Cache hit key=user:681 ttl=2280s
2024-05-01 14:03:33,170 - api.orders - CRITICAL - Xizmat javob bermayapti: worker-746 qayta ishga tushirilmoqda
2024-05-01 14:03:45,135 - scheduler - WARN - Ulanishlar hovuzi 1834% to'lgan
2024-05-01 14:04:15,197 - db.pool - INFO - So'rov bajarildi: POST /api/v1/users — 688ms
2024-05-01 14:04:15,375 - api.orders - ERROR - To'lov rad etildi order=16404 kod=INSUFFICIENT_FUNDS
2024-05-01 14:04:40,315 - cache.redis - INFO - So'rov bajarildi: POST /api/v1/orders — 3173ms
2024-05-01 14:04:40,951 - cache.redis - INFO - So'rov bajarildi: POST /api/v1/users — 229ms
2024-05-01 14:04:50,177 - worker.email - DEBUG - Cache hit key=user:556 ttl=2086s
2024-05-01 14:04:52,247 - db.pool - ERROR - To'lov rad etildi order=68846 kod=INSUFFICIENT_FUNDS
2024-05-01 14:04:53,708 - db.pool - WARN - Ulanishlar hovuzi 682% to'lgan
2024-05-01 14:05:06,196 - worker.email - DEBUG - Cache hit key=user:2 ttl=329s
2024-05-01 14:05:13,415 - payments.gateway - INFO - So'rov bajarildi: POST /api/v1/users — 567ms
2024-05-01 14:05:17,887 - scheduler - INFO - So'rov bajarildi: GET /login — 3416ms
2024-05-01 14:05:19,645 - cache.redis - INFO - So'rov bajarildi: GET /api/v1/users — 2913ms
2024-05-01 14:05:25,819 - worker.email - INFO - So'rov bajarildi: GET /login — 1535ms
2024-05-01 14:05:41,630 - worker.email - INFO - So'rov bajarildi: GET /api/v1/orders — 572ms
2024-05-01 14:05:54,851 - api.orders - ERROR - To'lov rad etildi order=19892 kod=INSUFFICIENT_FUNDS
2024-05-01 14:06:10,015 - api.orders - INFO - Foydalanuvchi 835 tizimga kirdi, sessiya e41e548b35a1
2024-05-01 14:06:13,168 - api.auth - WARN - Ulanishlar hovuzi 1494% to'lgan
2024-05-01 14:06:15,773 - payments.gateway - DEBUG - Cache hit key=user:80 ttl=1952s
2024-05-01 14:06:16,893 - scheduler - INFO - Foydalanuvchi 548 tizimga kirdi, sessiya 237a19ff6449
2024-05-01 14:06:22,670 - cache.redis - INFO - Foydalanuvchi 40 tizimga kirdi, sessiya 393c534ac9a1
2024-05-01 14:06:36,100 - db.pool - CRITICAL - Xizmat javob bermayapti: worker-706 qayta ishga tushirilmoqda
2024-05-01 14:06:36,374 - cache.redis - ERROR - DB ulanishi uzildi: timeout after 620ms host=db-399
2024-05-01 14:06:51,828 - api.auth - INFO - Foydalanuvchi 670 tizimga kirdi, sessiya 1282052239bb
2024-05-01 14:07:04,917 - db.pool - INFO - Foydalanuvchi 278 tizimga kirdi, sessiya 15f10ca68905
2024-05-01 14:07:11,673 - worker.email - INFO - So'rov bajarildi: POST /api/v1/orders — 3646ms
2024-05-01 14:07:14,717 - payments.gateway - INFO - Foydalanuvchi 759 tizimga kirdi, sessiya fa3934f45283
2024-05-01 14:07:37,322 - worker.email - ERROR - DB ulanishi uzildi: timeout after 806ms host=db-141
2024-05-01 14:07:42,255 - payments.gateway - DEBUG - Cache hit key=user:69 ttl=3672s
2024-05-01 14:07:52,548 - worker.email - DEBUG - Cache hit key=user:469 ttl=2885s
2024-05-01 14:07:57,796 - worker.email - INFO - So'rov bajarildi: POST /api/v1/users — 2381ms
2024-05-01 14:08:23,526 - scheduler - INFO - Foydalanuvchi 645 tizimga kirdi, sessiya 47e9a4db2983
2024-05-01 14:08:27,751 - api.orders - WARN - Ulanishlar hovuzi 3765% to'lgan
2024-05-01 14:08:28,005 - db.pool - DEBUG - Cache hit key=user:560 ttl=167s
2024-05-01 14:08:30,429 - worker.email - INFO - Foydalanuvchi 147 tizimga kirdi, sessiya 40224052c010
2024-05-01 14:08:33,237 - api.orders - INFO - So'rov bajarildi: GET /api/v1/users — 3430ms
2024-05-01 14:08:46,204 - worker.email - ERROR - DB ulanishi uzildi: timeout after 1580ms host=db-765
2024-05-01 14:09:02,148 - api.orders - INFO - So'rov bajarildi: POST /api/v1/users — 2889ms
2024-05-01 14:09:04,095 - payments.gateway - INFO - Buyurtma yaratildi id=64012 summa=2150884.3
2024-05-01 14:09:07,326 - payments.gateway - INFO - So'rov bajarildi: POST /api/v1/orders — 1154ms
2024-05-01 14:09:18,265 - cache.redis - WARN - Sekin so'rov: /api/v1/orders 1874ms chegaradan oshdi
2024-05-01 14:09:20,455 - scheduler - INFO - Foydalanuvchi 778 tizimga kirdi, sessiya f9205b98b8d0
2024-05-01 14:09:27,974 - payments.gateway - INFO - Buyurtma yaratildi id=56984 summa=215181.51
2024-05-01 14:09:38,304 - cache.redis - INFO - Foydalanuvchi 891 tizimga kirdi, sessiya efadefd07dcb
2024-05-01 14:09:39,808 - worker.email - INFO - Buyurtma yaratildi id=23623 summa=235579.58
2024-05-01 14:09:44,052 - db.pool - INFO - So'rov bajarildi: GET /api/v1/orders — 2612ms
2024-05-01 14:10:02,790 - db.pool - INFO - Foydalanuvchi 502 tizimga kirdi, sessiya 9c273f4f2513
2024-05-01 14:10:10,154 - api.auth - DEBUG - Cache hit key=user:680 ttl=2591s
2024-05-01 14:10:15,854 - db.pool - CRITICAL - Xizmat javob bermayapti: worker-397 qayta ishga tushirilmoqda
2024-05-01 14:10:16,380 - db.pool - WARN - Sekin so'rov: /api/v1/users 445ms chegaradan oshdi
2024-05-01 14:10:29,211 - worker.email - INFO - So'rov bajarildi: GET /login — 1710ms
2024-05-01 14:10:41,238 - api.auth - INFO - So'rov bajarildi: POST /login — 2962ms
2024-05-01 14:10:43,029 - api.orders - INFO - Buyurtma yaratildi id=83323 summa=3446243.74
2024-05-01 14:10:43,368 - payments.gateway - CRITICAL - Xizmat javob bermayapti: worker-572 qayta ishga tushirilmoqda
2024-05-01 14:10:47,599 - db.pool - INFO - So'rov bajarildi: GET /api/v1/orders — 2117ms
2024-05-01 14:10:47,853 - db.pool - DEBUG - Cache hit key=user:97 ttl=1437s
2024-05-01 14:11:02,075 - worker.email - INFO - Foydalanuvchi 790 tizimga kirdi, sessiya ff3bd01d5afc
2024-05-01 14:11:08,359 - api.orders - INFO - Foydalanuvchi 653 tizimga kirdi, sessiya c9d215017cd6
2024-05-01 14:11:09,780 - payments.gateway - INFO - So'rov bajarildi: POST /login — 1365ms
2024-05-01 14:11:13,600 - worker.email - INFO - Buyurtma yaratildi id=72630 summa=292021.17
2024-05-01 14:11:33,810 - db.pool - INFO - Buyurtma yaratildi id=71801 summa=488040.19
2024-05-01 14:11:51,421 - cache.redis - INFO - So'rov bajarildi: GET /login — 3548ms
2024-05-01 14:11:57,881 - payments.gateway - INFO - So'rov bajarildi: GET /api/v1/users — 1001ms
2024-05-01 14:11:58,517 - scheduler - INFO - So'rov bajarildi: POST /login — 2350ms
2024-05-01 14:12:16,618 - scheduler - INFO - Foydalanuvchi 717 tizimga kirdi, sessiya b9a9eca4c6ab
2024-05-01 14:12:17,285 - scheduler - INFO - So'rov bajarildi: GET /api/v1/users — 581ms
2024-05-01 14:12:29,488 - scheduler - ERROR - To'lov rad etildi order=15575 kod=INSUFFICIENT_FUNDS
2024-05-01 14:12:31,132 - worker.email - INFO - Buyurtma yaratildi id=64087 summa=2677080.18
2024-05-01 14:12:33,079 - payments.gateway - INFO - So'rov bajarildi: GET /login — 2881ms
2024-05-01 14:12:46,122 - db.pool - ERROR - DB ulanishi uzildi: timeout after 705ms host=db-33
2024-05-01 14:12:49,351 - worker.email - INFO - So'rov bajarildi: POST /api/v1/orders — 3754ms
2024-05-01 14:12:49,427 - cache.redis - INFO - Foydalanuvchi 794 tizimga kirdi, sessiya 59a155a5bf40
2024-05-01 14:12:59,595 - cache.redis - ERROR - DB ulanishi uzildi: timeout after 2166ms host=db-174
2024-05-01 14:13:07,064 - api.auth - INFO - Foydalanuvchi 334 tizimga kirdi, sessiya 5dcee3ea6a94
2024-05-01 14:13:11,109 - payments.gateway - INFO - So'rov bajarildi: GET /api/v1/users — 2880ms
2024-05-01 14:13:18,709 - db.pool - DEBUG - Cache hit key=user:345 ttl=2791s
2024-05-01 14:13:25,798 - db.pool - INFO - Foydalanuvchi 657 tizimga kirdi, sessiya 610e2087a0df
2024-05-01 14:13:47,156 - api.auth - INFO - So'rov bajarildi: POST /api/v1/users — 2578ms
2024-05-01 14:13:57,793 - db.pool - DEBUG - Cache hit key=user:819 ttl=1842s
2024-05-01 14:13:58,593 - cache.redis - ERROR - To'lov rad etildi order=21813 kod=INSUFFICIENT_FUNDS
2024-05-01 14:14:05,045 - scheduler - INFO - So'rov bajarildi: GET /api/v1/orders — 3663ms
2024-05-01 14:14:11,954 - scheduler - INFO - Foydalanuvchi 387 tizimga kirdi, sessiya fa7848f2575e
2024-05-01 14:14:20,906 - payments.gateway - WARN - Sekin so'rov: /api/v1/users 1258ms chegaradan oshdi
2024-05-01 14:14:53,004 - db.pool - INFO - Foydalanuvchi 241 tizimga kirdi, sessiya 65ccdcfca8d9
2024-05-01 14:15:06,925 - worker.email - DEBUG - Cache hit key=user:534 ttl=1707s
2024-05-01 14:15:16,640 - db.pool - ERROR - DB ulanishi uzildi: timeout after 1666ms host=db-891
2024-05-01 14:15:21,675 - api.auth - WARN - Sekin so'rov: /api/v1/users 1611ms chegaradan oshdi
2024-05-01 14:15:45,704 - cache.redis - ERROR - DB ulanishi uzildi: timeout after 717ms host=db-779
2024-05-01 14:15:51,023 - db.pool - INFO - Foydalanuvchi 202 tizimga kirdi, sessiya 1f04bc2e34ef
2024-05-01 14:15:52,089 - api.auth - INFO - So'rov bajarildi: GET /api/v1/users — 1881ms
2024-05-01 14:15:54,308 - payments.gateway - WARN - Sekin so'rov: /login 3636ms chegaradan oshdi
2024-05-01 14:16:16,693 - api.orders - DEBUG - Cache hit key=user:79 ttl=2391s
2024-05-01 14:16:27,937 - payments.gateway - DEBUG - Cache hit key=user:581 ttl=3536s
2024-05-01 14:16:33,095 - api.orders - INFO - So'rov bajarildi: POST /login — 3854ms
2024-05-01 14:16:47,559 - api.auth - INFO - Foydalanuvchi 893 tizimga kirdi, sessiya c9acaf57d7b4
2024-05-01 14:16:53,034 - scheduler - INFO - Buyurtma yaratildi id=99399 summa=2260788.95
2024-05-01 14:16:57,630 - api.orders - INFO - Buyurtma yaratildi id=46986 summa=3137120.28
2024-05-01 14:17:17,674 - scheduler - INFO - So'rov bajarildi: POST /login — 3017ms
2024-05-01 14:17:23,096 - worker.email - INFO - So'rov bajarildi: POST /login — 3352ms
2024-05-01 14:17:39,499 - worker.email - DEBUG - Cache hit key=user:172 ttl=323s
2024-05-01 14:17:40,459 - scheduler - INFO - So'rov bajarildi: POST /api/v1/orders — 2921ms
2024-05-01 14:17:48,825 - api.orders - INFO - So'rov bajarildi: GET /api/v1/users — 132ms
2024-05-01 14:17:48,856 - scheduler - INFO - Foydalanuvchi 501 tizimga kirdi, sessiya 127e7de31ba0
2024-05-01 14:18:11,373 - api.auth - INFO - So'rov bajarildi: GET /login — 4039ms
2024-05-01 14:18:25,385 - api.auth - INFO - Buyurtma yaratildi id=54924 summa=3330302.15
2024-05-01 14:18:30,426 - db.pool - INFO - Buyurtma yaratildi id=29297 summa=1497706.8
2024-05-01 14:18:38,809 - api.auth - ERROR - DB ulanishi uzildi: timeout after 3922ms host=db-262
2024-05-01 14:18:39,150 - worker.email - INFO - Buyurtma yaratildi id=12862 summa=2491568.6
2024-05-01 14:18:46,876 - worker.email - ERROR - To'lov rad etildi order=97640 kod=INSUFFICIENT_FUNDS
2024-05-01 14:18:54,160 - worker.email - ERROR - DB ulanishi uzildi: timeout after 3901ms host=db-327
2024-05-01 14:19:13,388 - payments.gateway - ERROR - DB ulanishi uzildi: timeout after 3242ms host=db-484
2024-05-01 14:19:14,916 - worker.email - INFO - So'rov bajarildi: GET /api/v1/users — 674ms
2024-05-01 14:19:22,998 - api.auth - WARN - Sekin so'rov: /login 238ms chegaradan oshdi
2024-05-01 14:19:23,546 - worker.email - INFO - So'rov bajarildi: GET /api/v1/users — 1614ms
2024-05-01 14:19:27,774 - api.auth - INFO - Buyurtma yaratildi id=54829 summa=2320589.48
2024-05-01 14:19:45,131 - cache.redis - WARN - Sekin so'rov: /login 2664ms chegaradan oshdi
2024-05-01 14:19:49,256 - db.pool - INFO - So'rov bajarildi: POST /api/v1/orders — 2048ms
2024-05-01 14:19:51,501 - scheduler - INFO - So'rov bajarildi: GET /api/v1/orders — 20ms
2024-05-01 14:19:52,525 - api.orders - INFO - So'rov bajarildi: GET /api/v1/users — 1510ms
2024-05-01 14:20:00,324 - api.orders - WARN - Sekin so'rov: /api/v1/orders 1340ms chegaradan oshdi
2024-05-01 14:20:03,602 - db.pool - DEBUG - Cache hit key=user:556 ttl=3798s
2024-05-01 14:20:12,998 - api.auth - INFO - So'rov bajarildi: POST /api/v1/orders — 1245ms
2024-05-01 14:20:16,335 - api.orders - DEBUG - Cache hit key=user:417 ttl=3298s
2024-05-01 14:20:24,997 - db.pool - INFO - So'rov bajarildi: GET /api/v1/orders — 2732ms
2024-05-01 14:20:32,243 - api.orders - INFO - So'rov bajarildi: GET /login — 2688ms
2024-05-01 14:20:35,142 - db.pool - INFO - Foydalanuvchi 523 tizimga kirdi, sessiya 176f8da4040a
2024-05-01 14:20:39,321 - api.orders - INFO - Foydalanuvchi 355 tizimga kirdi, sessiya 77e8d8eb9607
2024-05-01 14:20:46,833 - worker.email - INFO - Foydalanuvchi 627 tizimga kirdi, sessiya 4c92720c720b
2024-05-01 14:21:03,406 - cache.redis - DEBUG - Cache hit key=user:321 ttl=3723s
2024-05-01 14:21:11,904 - db.pool - INFO - Foydalanuvchi 574 tizimga kirdi, sessiya 59045a7d04a8
2024-05-01 14:21:13,135 - api.auth - INFO - So'rov bajarildi: POST /api/v1/orders — 3571ms
2024-05-01 14:21:14,362 - api.orders - WARN - Sekin so'rov: /api/v1/users 2777ms chegaradan oshdi
2024-05-01 14:21:21,206 - api.orders - INFO - So'rov bajarildi: GET /login — 1261ms
2024-05-01 14:21:24,952 - cache.redis - WARN - Ulanishlar hovuzi 3893% to'lgan
2024-05-01 14:21:31,534 - worker.email - DEBUG - Cache hit key=user:600 ttl=3930s
2024-05-01 14:21:40,563 - api.auth - INFO - Buyurtma yaratildi id=46197 summa=3109447.21
2024-05-01 14:21:41,542 - scheduler - INFO - So'rov bajarildi: POST /api/v1/orders — 884ms
2024-05-01 14:21:53,166 - worker.email - INFO - So'rov bajarildi: POST /api/v1/orders — 111ms
2024-05-01 14:22:03,169 - worker.email - INFO - So'rov bajarildi: GET /api/v1/users — 738ms
2024-05-01 14:22:25,097 - api.auth - WARN - Ulanishlar hovuzi 104% to'lgan
2024-05-01 14:22:28,690 - scheduler - WARN - Ulanishlar hovuzi 4179% to'lgan
2024-05-01 14:22:35,749 - payments.gateway - INFO - Foydalanuvchi 288 tizimga kirdi, sessiya 15cd1265ff7e
2024-05-01 14:22:35,807 - cache.redis - INFO - Foydalanuvchi 690 tizimga kirdi, sessiya 94c0f395adca
2024-05-01 14:22:36,089 - scheduler - INFO - Buyurtma yaratildi id=42021 summa=3490950.11
2024-05-01 14:23:13,677 - worker.email - INFO - Foydalanuvchi 58 tizimga kirdi, sessiya 216f9eee8b7c
2024-05-01 14:23:20,265 - api.auth - INFO - So'rov bajarildi: POST /api/v1/users — 31ms
2024-05-01 14:23:30,294 - cache.redis - INFO - So'rov bajarildi: POST /api/v1/orders — 754ms
2024-05-01 14:23:45,249 - cache.redis - DEBUG - Cache hit key=user:457 ttl=2066s
2024-05-01 14:23:54,988 - db.pool - ERROR - DB ulanishi uzildi: timeout after 508ms host=db-260
2024-05-01 14:24:02,005 - cache.redis - INFO - Foydalanuvchi 312 tizimga kirdi, sessiya a7d4253b8467
2024-05-01 14:24:16,703 - payments.gateway - INFO - Foydalanuvchi 88 tizimga kirdi, sessiya 2df3ffd89ad8
2024-05-01 14:24:37,958 - scheduler - WARN - Sekin so'rov: /api/v1/orders 1290ms chegaradan oshdi
2024-05-01 14:25:03,744 - worker.email - INFO - So'rov bajarildi: GET /api/v1/users — 1865ms
2024-05-01 14:25:12,810 - worker.email - ERROR - To'lov rad etildi order=63055 kod=INSUFFICIENT_FUNDS
2024-05-01 14:25:14,550 - db.pool - INFO - Foydalanuvchi 664 tizimga kirdi, sessiya 9650311172d9
2024-05-01 14:25:16,040 - payments.gateway - INFO - Foydalanuvchi 274 tizimga kirdi, sessiya 935323b66052
2024-05-01 14:25:16,988 - api.auth - ERROR - To'lov rad etildi order=71743 kod=INSUFFICIENT_FUNDS
2024-05-01 14:25:18,703 - payments.gateway - CRITICAL - Xizmat javob bermayapti: worker-410 qayta ishga tushirilmoqda
2024-05-01 14:25:20,480 - worker.email - INFO - So'rov bajarildi: POST /api/v1/users — 465ms
2024-05-01 14:25:29,283 - scheduler - INFO - Foydalanuvchi 757 tizimga kirdi, sessiya 91593f585a81
2024-05-01 14:25:36,890 - api.orders - INFO - So'rov bajarildi: GET /login — 3829ms
2024-05-01 14:25:39,506 - scheduler - INFO - Foydalanuvchi 766 tizimga kirdi, sessiya 39e6610e4e8a
2024-05-01 14:25:42,114 - api.orders - DEBUG - Cache hit key=user:844 ttl=3137s
2024-05-01 14:25:42,889 - scheduler - INFO - So'rov bajarildi: GET /api/v1/orders — 1369ms
2024-05-01 14:25:49,956 - worker.email - INFO - Foydalanuvchi 363 tizimga kirdi, sessiya b9eb76c87a7a
2024-05-01 14:25:57,939 - api.orders - INFO - So'rov bajarildi: GET /api/v1/orders — 528ms
2024-05-01 14:25:58,285 - db.pool - DEBUG - Cache hit key=user:445 ttl=589s
2024-05-01 14:26:06,255 - cache.redis - ERROR - DB ulanishi uzildi: timeout after 1958ms host=db-410
2024-05-01 14:26:08,985 - cache.redis - INFO - So'rov bajarildi: GET /api/v1/orders — 3680ms
2024-05-01 14:26:26,719 - cache.redis - INFO - Buyurtma yaratildi id=63928 summa=3954309.24
2024-05-01 14:26:35,407 - scheduler - INFO - So'rov bajarildi: GET /login — 2296ms
2024-05-01 14:26:37,514 - api.auth - INFO - So'rov bajarildi: GET /login — 1084ms
2024-05-01 14:26:42,605 - api.orders - INFO - Foydalanuvchi 682 tizimga kirdi, sessiya 1ef7c85f3599
2024-05-01 14:26:50,258 - api.auth - DEBUG - Cache hit key=user:766 ttl=1527s
2024-05-01 14:26:51,396 - payments.gateway - DEBUG - Cache hit key=user:285 ttl=3933s
2024-05-01 14:26:58,687 - payments.gateway - INFO - Foydalanuvchi 474 tizimga kirdi, sessiya fe736dfa5162
2024-05-01 14:27:09,988 - api.orders - INFO - So'rov bajarildi: POST /api/v1/users — 2171ms
2024-05-01 14:27:11,259 - api.orders - INFO - Foydalanuvchi 740 tizimga kirdi, sessiya 6120f1ded3cd
2024-05-01 14:27:16,585 - cache.redis - INFO - Foydalanuvchi 546 tizimga kirdi, sessiya 4c12ad2e41b3
2024-05-01 14:27:20,806 - scheduler - DEBUG - Cache hit key=user:238 ttl=1046s
2024-05-01 14:27:24,957 - api.orders - DEBUG - Cache hit key=user:857 ttl=1512s
2024-05-01 14:27:26,717 - worker.email - WARN - Sekin so'rov: /api/v1/orders 205ms chegaradan oshdi
2024-05-01 14:27:39,876 - db.pool - INFO - So'rov bajarildi: POST /login — 4166ms
2024-05-01 14:27:48,067 - api.auth - WARN - Ulanishlar hovuzi 2185% to'lgan
2024-05-01 14:27:57,586 - payments.gateway - INFO - So'rov bajarildi: GET /api/v1/users — 3180ms
2024-05-01 14:28:03,744 - payments.gateway - ERROR - DB ulanishi uzildi: timeout after 1302ms host=db-142
2024-05-01 14:28:39,484 - payments.gateway - INFO - So'rov bajarildi: POST /login — 1778ms
2024-05-01 14:28:46,746 - worker.email - INFO - Foydalanuvchi 239 tizimga kirdi, sessiya 73079ac839e6
2024-05-01 14:28:47,524 - api.auth - INFO - Foydalanuvchi 839 tizimga kirdi, sessiya 84fc3d36357e
2024-05-01 14:28:54,622 - scheduler - ERROR - DB ulanishi uzildi: timeout after 2270ms host=db-18
2024-05-01 14:28:57,387 - api.orders - INFO - Buyurtma yaratildi id=99029 summa=3498202.67
2024-05-01 14:28:58,613 - api.auth - INFO - So'rov bajarildi: POST /api/v1/orders — 80ms
2024-05-01 14:29:08,143 - api.orders - DEBUG - Cache hit key=user:452 ttl=1790s
2024-05-01 14:29:21,862 - cache.redis - INFO - So'rov bajarildi: POST /api/v1/orders — 412ms
2024-05-01 14:29:26,104 - worker.email - DEBUG - Cache hit key=user:43 ttl=1940s
2024-05-01 14:29:26,768 - scheduler - INFO - Buyurtma yaratildi id=36008 summa=2953433.63
2024-05-01 14:29:42,691 - api.orders - INFO - Foydalanuvchi 109 tizimga kirdi, sessiya 535a724de8ce
2024-05-01 14:29:58,192 - worker.email - INFO - So'rov bajarildi: GET /api/v1/orders — 3588ms
2024-05-01 14:30:01,871 - api.auth - INFO - So'rov bajarildi: GET /api/v1/orders — 2758ms
2024-05-01 14:30:22,731 - api.orders - INFO - So'rov bajarildi: GET /api/v1/users — 1810ms
2024-05-01 14:30:25,354 - worker.email - INFO - So'rov bajarildi: GET /api/v1/users — 1092ms
2024-05-01 14:30:31,700 - cache.redis - DEBUG - Cache hit key=user:317 ttl=1666s
2024-05-01 14:31:03,922 - db.pool - INFO - Foydalanuvchi 15 tizimga kirdi, sessiya 613b7d1434cf
2024-05-01 14:31:11,814 - api.orders - INFO - Foydalanuvchi 689 tizimga kirdi, sessiya 468a6a63be3a
2024-05-01 14:31:12,993 - api.orders - WARN - Sekin so'rov: /api/v1/users 3657ms chegaradan oshdi
2024-05-01 14:31:17,251 - cache.redis - DEBUG - Cache hit key=user:776 ttl=831s
2024-05-01 14:31:18,633 - api.orders - INFO - So'rov bajarildi: GET /api/v1/orders — 1520ms
2024-05-01 14:31:28,152 - api.orders - INFO - So'rov bajarildi: GET /api/v1/orders — 1219ms
2024-05-01 14:31:30,311 - api.orders - DEBUG - Cache hit key=user:113 ttl=857s
2024-05-01 14:31:31,170 - cache.redis - INFO - So'rov bajarildi: POST /login — 476ms
2024-05-01 14:31:35,710 - worker.email - ERROR - To'lov rad etildi order=64939 kod=INSUFFICIENT_FUNDS
2024-05-01 14:31:49,460 - api.auth - ERROR - To'lov rad etildi order=56486 kod=INSUFFICIENT_FUNDS
2024-05-01 14:32:05,161 - cache.redis - INFO - So'rov bajarildi: POST /login — 330ms
2024-05-01 14:32:10,873 - payments.gateway - INFO - Foydalanuvchi 899 tizimga kirdi, sessiya 87e946e7b526
2024-05-01 14:32:12,106 - db.pool - INFO - So'rov bajarildi: POST /api/v1/orders — 2366ms
2024-05-01 14:32:22,856 - worker.email - CRITICAL - Xizmat javob bermayapti: worker-45 qayta ishga tushirilmoqda
2024-05-01 14:32:31,532 - cache.redis - INFO - Buyurtma yaratildi id=19187 summa=3677560.55
2024-05-01 14:32:33,769 - worker.email - ERROR - DB ulanishi uzildi: timeout after 1283ms host=db-838
2024-05-01 14:32:53,709 - api.orders - INFO - So'rov bajarildi: POST /login — 1229ms
2024-05-01 14:33:01,673 - api.orders - INFO - So'rov bajarildi: GET /api/v1/users — 416ms
2024-05-01 14:33:05,538 - api.auth - INFO - So'rov bajarildi: POST /api/v1/orders — 794ms
2024-05-01 14:33:24,291 - worker.email - INFO - So'rov bajarildi: GET /api/v1/users — 3346ms
2024-05-01 14:33:39,022 - api.auth - DEBUG - Cache hit key=user:304 ttl=163s
2024-05-01 14:33:40,100 - cache.redis - ERROR - DB ulanishi uzildi: timeout after 2138ms host=db-521
2024-05-01 14:33:42,085 - scheduler - DEBUG - Cache hit key=user:658 ttl=3060s
2024-05-01 14:33:48,530 - payments.gateway - DEBUG - Cache hit key=user:648 ttl=2896s
2024-05-01 14:33:49,941 - payments.gateway - INFO - So'rov bajarildi: GET /login — 1519ms
2024-05-01 14:33:53,501 - cache.redis - INFO - So'rov bajarildi: GET /login — 3523ms
2024-05-01 14:33:55,238 - payments.gateway - INFO - Buyurtma yaratildi id=94620 summa=1561171.75
2024-05-01 14:34:09,565 - cache.redis - DEBUG - Cache hit key=user:218 ttl=1463s
2024-05-01 14:34:29,242 - cache.redis - ERROR - To'lov rad etildi order=32325 kod=INSUFFICIENT_FUNDS
2024-05-01 14:34:45,742 - cache.redis - INFO - So'rov bajarildi: POST /login — 1698ms
2024-05-01 14:34:56,132 - db.pool - INFO - So'rov bajarildi: GET /api/v1/orders — 307ms
2024-05-01 14:35:04,076 - payments.gateway - INFO - Foydalanuvchi 451 tizimga kirdi, sessiya 105797f8c9ff
2024-05-01 14:35:13,091 - cache.redis - ERROR - DB ulanishi uzildi: timeout after 2238ms host=db-148
2024-05-01 14:35:22,271 - cache.redis - DEBUG - Cache hit key=user:765 ttl=1820s
2024-05-01 14:35:54,019 - api.auth - WARN - Ulanishlar hovuzi 1470% to'lgan
2024-05-01 14:36:07,641 - api.orders - INFO - Buyurtma yaratildi id=56506 summa=2467907.09
2024-05-01 14:36:16,468 - payments.gateway - INFO - So'rov bajarildi: POST /api/v1/orders — 90ms
2024-05-01 14:36:17,344 - api.auth - INFO - So'rov bajarildi: POST /api/v1/orders — 57ms
2024-05-01 14:37:05,117 - db.pool - INFO - So'rov bajarildi: GET /api/v1/orders — 3389ms
2024-05-01 14:37:05,985 - scheduler - INFO - So'rov bajarildi: POST /login — 2711ms
2024-05-01 14:37:06,757 - payments.gateway - ERROR - DB ulanishi uzildi: timeout after 1779ms host=db-855
2024-05-01 14:37:22,187 - api.auth - INFO - So'rov bajarildi: POST /login — 754ms
2024-05-01 14:37:35,567 - cache.redis - WARN - Ulanishlar hovuzi 2181% to'lgan
2024-05-01 14:37:55,133 - scheduler - DEBUG - Cache hit key=user:790 ttl=4116s
2024-05-01 14:38:02,254 - api.auth - INFO - Buyurtma yaratildi id=17951 summa=3466584.22
2024-05-01 14:38:03,303 - db.pool - INFO - Foydalanuvchi 577 tizimga kirdi, sessiya 75557c77e780
2024-05-01 14:38:07,050 - worker.email - INFO - So'rov bajarildi: GET /api/v1/orders — 4163ms
2024-05-01 14:38:14,264 - api.auth - INFO - Foydalanuvchi 382 tizimga kirdi, sessiya 0ed947808f43
2024-05-01 14:38:19,388 - db.pool - INFO - Foydalanuvchi 377 tizimga kirdi, sessiya fa7ad40fbba2
2024-05-01 14:38:22,097 - api.auth - INFO - So'rov bajarildi: POST /login — 551ms
2024-05-01 14:38:33,959 - cache.redis - INFO - So'rov bajarildi: POST /login — 3345ms
2024-05-01 14:38:35,071 - scheduler - INFO - So'rov bajarildi: GET /api/v1/users — 548ms
2024-05-01 14:38:38,624 - payments.gateway - INFO - Buyurtma yaratildi id=98719 summa=622068.05
2024-05-01 14:38:39,469 - worker.email - INFO - So'rov bajarildi: POST /api/v1/users — 478ms
2024-05-01 14:39:09,709 - worker.email - INFO - Buyurtma yaratildi id=26380 summa=62054.38
2024-05-01 14:39:14,069 - cache.redis - INFO - Foydalanuvchi 239 tizimga kirdi, sessiya f1dedacd7f61
2024-05-01 14:39:28,712 - payments.gateway - WARN - Sekin so'rov: /login 869ms chegaradan oshdi
2024-05-01 14:39:34,086 - cache.redis - INFO - Buyurtma yaratildi id=66745 summa=3677139.65
2024-05-01 14:39:51,876 - api.auth - INFO - Foydalanuvchi 568 tizimga kirdi, sessiya c0da0f770faa
2024-05-01 14:40:07,538 - cache.redis - WARN - Sekin so'rov: /login 434ms chegaradan oshdi
2024-05-01 14:40:19,503 - cache.redis - INFO - So'rov bajarildi: GET /login — 3761ms
2024-05-01 14:40:26,990 - payments.gateway - INFO - Buyurtma yaratildi id=33170 summa=3911563.34
2024-05-01 14:40:27,256 - db.pool - INFO - Foydalanuvchi 161 tizimga kirdi, sessiya 784dbbdf14e8
2024-05-01 14:40:36,296 - scheduler - INFO - So'rov bajarildi: GET /api/v1/users — 3297ms
2024-05-01 14:40:40,274 - payments.gateway - ERROR - DB ulanishi uzildi: timeout after 1855ms host=db-246
2024-05-01 14:40:50,013 - payments.gateway - WARN - Ulanishlar hovuzi 2464% to'lgan
2024-05-01 14:41:01,658 - scheduler - ERROR - DB ulanishi uzildi: timeout after 479ms host=db-128
2024-05-01 14:41:10,736 - api.auth - ERROR - DB ulanishi uzildi: timeout after 1757ms host=db-188
2024-05-01 14:41:29,151 - cache.redis - WARN - Sekin so'rov: /api/v1/orders 1098ms chegaradan oshdi
2024-05-01 14:41:40,094 - payments.gateway - WARN - Ulanishlar hovuzi 3295% to'lgan
2024-05-01 14:41:45,222 - cache.redis - DEBUG - Cache hit key=user:772 ttl=1148s
2024-05-01 14:41:49,908 - worker.email - WARN - Ulanishlar hovuzi 667% to'lgan
2024-05-01 14:42:20,444 - db.pool - WARN - Sekin so'rov: /api/v1/orders 1816ms chegaradan oshdi
2024-05-01 14:42:50,412 - db.pool - INFO - Buyurtma yaratildi id=14914 summa=1511156.03
2024-05-01 14:42:58,385 - db.pool - INFO - So'rov bajarildi: GET /api/v1/users — 2753ms
2024-05-01 14:43:03,546 - db.pool - INFO - So'rov bajarildi: GET /api/v1/users — 2768ms
2024-05-01 14:43:37,083 - db.pool - WARN - Sekin so'rov: /api/v1/users 2011ms chegaradan oshdi
2024-05-01 14:43:41,495 - payments.gateway - INFO - Foydalanuvchi 670 tizimga kirdi, sessiya c4fd8659e02f
2024-05-01 14:43:42,457 - db.pool - INFO - Buyurtma yaratildi id=80235 summa=3603555.9
2024-05-01 14:43:48,980 - payments.gateway - ERROR - To'lov rad etildi order=80890 kod=INSUFFICIENT_FUNDS
2024-05-01 14:43:54,834 - payments.gateway - INFO - Foydalanuvchi 851 tizimga kirdi, sessiya 6d23029559a5
2024-05-01 14:43:57,558 - scheduler - DEBUG - Cache hit key=user:842 ttl=1677s
2024-05-01 14:44:01,130 - cache.redis - INFO - Buyurtma yaratildi id=57727 summa=3031227.44
2024-05-01 14:44:08,876 - cache.redis - INFO - So'rov bajarildi: GET /api/v1/users — 320ms
2024-05-01 14:44:18,266 - payments.gateway - INFO - So'rov bajarildi: POST /api/v1/orders — 3314ms
2024-05-01 14:44:19,971 - scheduler - INFO - Foydalanuvchi 64 tizimga kirdi, sessiya 534331d6fe8a
2024-05-01 14:44:36,334 - cache.redis - ERROR - DB ulanishi uzildi: timeout after 3247ms host=db-203
2024-05-01 14:44:45,695 - api.auth - INFO - So'rov bajarildi: GET /api/v1/users — 2457ms
2024-05-01 14:44:48,647 - api.orders - INFO - Foydalanuvchi 758 tizimga kirdi, sessiya 5faba7e3061f
2024-05-01 14:44:48,689 - payments.gateway - INFO - So'rov bajarildi: POST /api/v1/users — 2942ms
2024-05-01 14:44:56,863 - payments.gateway - INFO - Foydalanuvchi 840 tizimga kirdi, sessiya d1c4a334637f
2024-05-01 14:45:11,644 - worker.email - WARN - Sekin so'rov: /login 4052ms chegaradan oshdi
2024-05-01 14:45:13,151 - db.pool - WARN - Sekin so'rov: /login 2042ms chegaradan oshdi
2024-05-01 14:45:45,629 - api.orders - DEBUG - Cache hit key=user:596 ttl=965s
2024-05-01 14:45:48,003 - scheduler - INFO - Foydalanuvchi 83 tizimga kirdi, sessiya d4d296869d56
2024-05-01 14:46:14,046 - db.pool - INFO - Foydalanuvchi 181 tizimga kirdi, sessiya dc4000c6ee4e
2024-05-01 14:46:22,736 - worker.email - INFO - So'rov bajarildi: GET /login — 1156ms
2024-05-01 14:46:36,234 - db.pool - INFO - So'rov bajarildi: POST /api/v1/users — 2236ms
2024-05-01 14:46:47,454 - api.auth - INFO - Foydalanuvchi 796 tizimga kirdi, sessiya c0f7c5d8d1a6
2024-05-01 14:46:51,793 - worker.email - DEBUG - Cache hit key=user:875 ttl=1791s
2024-05-01 14:46:52,973 - api.auth - ERROR - DB ulanishi uzildi: timeout after 1052ms host=db-890
2024-05-01 14:46:53,850 - payments.gateway - INFO - Buyurtma yaratildi id=85561 summa=1699404.22
2024-05-01 14:47:02,196 - scheduler - WARN - Ulanishlar hovuzi 3104% to'lgan
2024-05-01 14:47:02,913 - api.orders - DEBUG - Cache hit key=user:484 ttl=3346s
2024-05-01 14:47:15,188 - cache.redis - WARN - Ulanishlar hovuzi 716% to'lgan
2024-05-01 14:47:23,677 - payments.gateway - INFO - So'rov bajarildi: POST /login — 110ms
2024-05-01 14:47:24,640 - scheduler - WARN - Ulanishlar hovuzi 3623% to'lgan
2024-05-01 14:47:36,099 - payments.gateway - INFO - So'rov bajarildi: POST /api/v1/orders — 2290ms
2024-05-01 14:47:38,013 - api.orders - INFO - Foydalanuvchi 32 tizimga kirdi, sessiya 8e4813bd3f89
2024-05-01 14:47:48,115 - db.pool - INFO - Foydalanuvchi 681 tizimga kirdi, sessiya 03e8ad898d2e
2024-05-01 14:47:56,982 - worker.email - ERROR - DB ulanishi uzildi: timeout after 2106ms host=db-518
2024-05-01 14:48:12,217 - scheduler - INFO - Foydalanuvchi 356 tizimga kirdi, sessiya dc53da8f6457
2024-05-01 14:48:15,066 - db.pool - INFO - So'rov bajarildi: GET /login — 779ms
2024-05-01 14:48:15,525 - db.pool - ERROR - DB ulanishi uzildi: timeout after 3201ms host=db-722
2024-05-01 14:48:16,050 - cache.redis - INFO - Foydalanuvchi 142 tizimga kirdi, sessiya 3649daf3a65d
2024-05-01 14:48:36,624 - worker.email - INFO - So'rov bajarildi: GET /login — 2309ms
2024-05-01 14:49:19,638 - api.orders - INFO - Foydalanuvchi 214 tizimga kirdi, sessiya f61f654e4c01
2024-05-01 14:49:35,145 - api.auth - INFO - So'rov bajarildi: GET /login — 3630ms
2024-05-01 14:49:37,876 - db.pool - ERROR - DB ulanishi uzildi: timeout after 3468ms host=db-1
2024-05-01 14:49:42,215 - scheduler - INFO - So'rov bajarildi: GET /login — 2208ms
2024-05-01 14:49:51,580 - db.pool - INFO - Buyurtma yaratildi id=58383 summa=3064395.04
2024-05-01 14:50:31,223 - api.auth - INFO - Foydalanuvchi 862 tizimga kirdi, sessiya 7ed89549f34e
2024-05-01 14:50:35,028 - worker.email - DEBUG - Cache hit key=user:870 ttl=3975s
2024-05-01 14:50:45,652 - api.orders - INFO - Buyurtma yaratildi id=64283 summa=3942765.51
2024-05-01 14:50:53,964 - api.orders - DEBUG - Cache hit key=user:123 ttl=2794s
2024-05-01 14:50:57,746 - scheduler - INFO - So'rov bajarildi: GET /api/v1/users — 604ms
2024-05-01 14:51:05,363 - scheduler - INFO - Foydalanuvchi 702 tizimga kirdi, sessiya 1b9e0b793a4d
2024-05-01 14:51:08,107 - worker.email - INFO - So'rov bajarildi: POST /api/v1/orders — 205ms
2024-05-01 14:51:18,722 - worker.email - INFO - Buyurtma yaratildi id=37255 summa=3200502.54
2024-05-01 14:51:41,049 - db.pool - INFO - Foydalanuvchi 267 tizimga kirdi, sessiya d2b2b3fe22f6
2024-05-01 14:51:45,602 - scheduler - INFO - Buyurtma yaratildi id=25249 summa=2776981.52
2024-05-01 14:51:53,491 - db.pool - INFO - Foydalanuvchi 607 tizimga kirdi, sessiya 03c4aa8ec23d
2024-05-01 14:51:58,487 - worker.email - INFO - Foydalanuvchi 899 tizimga kirdi, sessiya 34833ef8d5ef
2024-05-01 14:52:07,564 - scheduler - WARN - Sekin so'rov: /api/v1/orders 2162ms chegaradan oshdi
2024-05-01 14:52:08,452 - api.auth - ERROR - DB ulanishi uzildi: timeout after 1714ms host=db-30
2024-05-01 14:52:17,814 - scheduler - INFO - Foydalanuvchi 23 tizimga kirdi, sessiya 142baa85c945
2024-05-01 14:52:19,248 - scheduler - INFO - Foydalanuvchi 587 tizimga kirdi, sessiya ff05d1cb7764
2024-05-01 14:52:30,357 - worker.email - INFO - Foydalanuvchi 194 tizimga kirdi, sessiya 63e1498cef67
2024-05-01 14:52:33,138 - api.auth - ERROR - DB ulanishi uzildi: timeout after 2468ms host=db-116
2024-05-01 14:52:40,185 - api.auth - INFO - Buyurtma yaratildi id=74081 summa=3841464.55
2024-05-01 14:52:56,113 - scheduler - INFO - Foydalanuvchi 348 tizimga kirdi, sessiya 71522fd68137
2024-05-01 14:52:56,649 - db.pool - INFO - Foydalanuvchi 301 tizimga kirdi, sessiya b8abf5d54831
2024-05-01 14:53:06,332 - api.orders - INFO - Foydalanuvchi 329 tizimga kirdi, sessiya 5a23195c2d21
2024-05-01 14:53:12,710 - scheduler - ERROR - DB ulanishi uzildi: timeout after 723ms host=db-57
2024-05-01 14:53:15,957 - worker.email - ERROR - DB ulanishi uzildi: timeout after 762ms host=db-828
2024-05-01 14:53:17,779 - api.orders - INFO - So'rov bajarildi: POST /api/v1/users — 248ms
2024-05-01 14:53:27,271 - scheduler - INFO - Foydalanuvchi 144 tizimga kirdi, sessiya b0b109adad89
2024-05-01 14:53:54,247 - worker.email - INFO - So'rov bajarildi: POST /api/v1/orders — 2102ms
2024-05-01 14:54:21,918 - db.pool - DEBUG - Cache hit key=user:82 ttl=1945s
2024-05-01 14:54:26,010 - worker.email - INFO - So'rov bajarildi: POST /login — 1302ms
2024-05-01 14:54:52,827 - db.pool - INFO - Foydalanuvchi 618 tizimga kirdi, sessiya 666187ae0897
2024-05-01 14:54:54,327 - api.auth - INFO - So'rov bajarildi: POST /api/v1/users — 1978ms
2024-05-01 14:54:58,439 - api.orders - INFO - So'rov bajarildi: GET /api/v1/users — 1168ms
2024-05-01 14:55:05,972 - scheduler - INFO - Foydalanuvchi 216 tizimga kirdi, sessiya e37e3d4f31ce
2024-05-01 14:55:06,418 - cache.redis - INFO - Foydalanuvchi 47 tizimga kirdi, sessiya 70ede1ac6b13
2024-05-01 14:55:08,048 - worker.email - ERROR - DB ulanishi uzildi: timeout after 3132ms host=db-45
2024-05-01 14:55:14,065 - api.auth - ERROR - DB ulanishi uzildi: timeout after 4200ms host=db-677
2024-05-01 14:55:17,836 - api.auth - INFO - Buyurtma yaratildi id=77586 summa=2995849.32
2024-05-01 14:55:29,342 - cache.redis - INFO - Foydalanuvchi 119 tizimga kirdi, sessiya dadf03c2314b
2024-05-01 14:55:38,297 - db.pool - INFO - So'rov bajarildi: POST /api/v1/orders — 3491ms
2024-05-01 14:55:51,873 - payments.gateway - INFO - Foydalanuvchi 647 tizimga kirdi, sessiya 0feccdc04e7f
2024-05-01 14:55:55,115 - worker.email - INFO - Foydalanuvchi 78 tizimga kirdi, sessiya 7a5f5e35a3ad
2024-05-01 14:55:55,314 - scheduler - WARN - Sekin so'rov: /api/v1/orders 1174ms chegaradan oshdi
2024-05-01 14:56:00,773 - db.pool - INFO - Foydalanuvchi 493 tizimga kirdi, sessiya 8ac64bf75d34
2024-05-01 14:56:03,012 - worker.email - INFO - So'rov bajarildi: POST /login — 1262ms
2024-05-01 14:56:06,875 - db.pool - INFO - Foydalanuvchi 222 tizimga kirdi, sessiya b81f594ec59e
2024-05-01 14:56:08,655 - db.pool - INFO - So'rov bajarildi: GET /login — 1765ms
2024-05-01 14:56:08,918 - worker.email - INFO - So'rov bajarildi: GET /login — 832ms
2024-05-01 14:56:10,506 - payments.gateway - INFO - Buyurtma yaratildi id=42674 summa=2840347.49
2024-05-01 14:56:20,484 - scheduler - DEBUG - Cache hit key=user:373 ttl=1657s
2024-05-01 14:56:22,789 - api.auth - DEBUG - Cache hit key=user:252 ttl=1114s
2024-05-01 14:56:26,183 - worker.email - INFO - Foydalanuvchi 166 tizimga kirdi, sessiya 5c32549d893e
2024-05-01 14:56:53,885 - api.auth - INFO - Foydalanuvchi 79 tizimga kirdi, sessiya 66e776bd3a86
2024-05-01 14:57:01,950 - scheduler - INFO - Foydalanuvchi 416 tizimga kirdi, sessiya 7d82906ca295
2024-05-01 14:57:06,608 - api.auth - WARN - Sekin so'rov: /api/v1/orders 1762ms chegaradan oshdi
2024-05-01 14:57:07,901 - db.pool - INFO - Foydalanuvchi 464 tizimga kirdi, sessiya 8cc7e503d402
2024-05-01 14:57:14,142 - db.pool - INFO - So'rov bajarildi: GET /api/v1/orders — 3835ms
2024-05-01 14:57:59,125 - db.pool - WARN - Sekin so'rov: /api/v1/orders 3200ms chegaradan oshdi
2024-05-01 14:58:00,397 - api.orders - INFO - Foydalanuvchi 629 tizimga kirdi, sessiya 2fed920e4dc0
2024-05-01 14:58:00,443 - api.auth - ERROR - DB ulanishi uzildi: timeout after 3170ms host=db-590
2024-05-01 14:58:00,914 - scheduler - INFO - So'rov bajarildi: POST /login — 768ms
2024-05-01 14:58:17,958 - db.pool - INFO - So'rov bajarildi: POST /login — 2936ms
2024-05-01 14:58:37,913 - payments.gateway - ERROR - DB ulanishi uzildi: timeout after 706ms host=db-382
2024-05-01 14:58:44,932 - worker.email - INFO - So'rov bajarildi: POST /api/v1/users — 2593ms
2024-05-01 14:59:10,820 - payments.gateway - INFO - Buyurtma yaratildi id=84099 summa=2410885.44
2024-05-01 14:59:15,051 - api.orders - INFO - So'rov bajarildi: POST /login — 821ms
2024-05-01 14:59:19,684 - scheduler - ERROR - DB ulanishi uzildi: timeout after 3368ms host=db-7
2024-05-01 14:59:30,051 - cache.redis - DEBUG - Cache hit key=user:195 ttl=1608s
2024-05-01 14:59:30,644 - db.pool - INFO - So'rov bajarildi: POST /api/v1/users — 1424ms
2024-05-01 14:59:45,537 - worker.email - INFO - So'rov bajarildi: GET /api/v1/users — 1700ms
2024-05-01 14:59:48,167 - db.pool - INFO - So'rov bajarildi: GET /login — 1239ms
2024-05-01 15:00:15,721 - cache.redis - DEBUG - Cache hit key=user:386 ttl=4081s
2024-05-01 15:00:37,455 - worker.email - ERROR - DB ulanishi uzildi: timeout after 1866ms host=db-474
2024-05-01 15:01:21,405 - payments.gateway - DEBUG - Cache hit key=user:872 ttl=184s
2024-05-01 15:01:21,975 - db.pool - WARN - Ulanishlar hovuzi 859% to'lgan
2024-05-01 15:02:22,267 - worker.email - DEBUG - Cache hit key=user:573 ttl=2575s
2024-05-01 15:02:40,007 - db.pool - ERROR - DB ulanishi uzildi: timeout after 3127ms host=db-579
2024-05-01 15:02:52,875 - payments.gateway - INFO - Foydalanuvchi 214 tizimga kirdi, sessiya 48db713c14f7
2024-05-01 15:03:22,638 - scheduler - DEBUG - Cache hit key=user:61 ttl=3098s
2024-05-01 15:03:38,563 - payments.gateway - DEBUG - Cache hit key=user:80 ttl=3327s
2024-05-01 15:04:09,261 - scheduler - INFO - So'rov bajarildi: POST /api/v1/users — 1340ms
2024-05-01 15:04:10,416 - cache.redis - INFO - Foydalanuvchi 31 tizimga kirdi, sessiya a1476ebb1c4a
2024-05-01 15:04:21,931 - worker.email - INFO - Buyurtma yaratildi id=11574 summa=3835571.28
2024-05-01 15:04:23,610 - cache.redis - INFO - So'rov bajarildi: GET /api/v1/orders — 3915ms
2024-05-01 15:04:48,763 - worker.email - INFO - So'rov bajarildi: GET /api/v1/users — 887ms
2024-05-01 15:04:58,465 - api.auth - INFO - So'rov bajarildi: POST /api/v1/orders — 1510ms
2024-05-01 15:05:09,351 - api.orders - INFO - So'rov bajarildi: GET /api/v1/orders — 1790ms
2024-05-01 15:05:10,813 - api.orders - INFO - So'rov bajarildi: GET /api/v1/users — 2034ms
2024-05-01 15:05:12,485 - worker.email - DEBUG - Cache hit key=user:463 ttl=4080s
2024-05-01 15:05:28,473 - api.orders - INFO - So'rov bajarildi: GET /api/v1/orders — 1133ms
2024-05-01 15:05:30,161 - worker.email - INFO - So'rov bajarildi: POST /api/v1/users — 3170ms
2024-05-01 15:05:30,449 - scheduler - INFO - So'rov bajarildi: POST /api/v1/users — 1713ms
2024-05-01 15:05:34,695 - cache.redis - DEBUG - Cache hit key=user:763 ttl=2931s
2024-05-01 15:05:45,507 - cache.redis - INFO - Buyurtma yaratildi id=70837 summa=3134916.66
2024-05-01 15:05:56,851 - worker.email - INFO - Foydalanuvchi 166 tizimga kirdi, sessiya c6f2e962d1fe
2024-05-01 15:06:05,586 - scheduler - INFO - So'rov bajarildi: POST /login — 1424ms
2024-05-01 15:06:05,843 - cache.redis - ERROR - To'lov rad etildi order=64459 kod=INSUFFICIENT_FUNDS
2024-05-01 15:06:08,404 - payments.gateway - WARN - Ulanishlar hovuzi 2542% to'lgan
2024-05-01 15:06:29,970 - api.auth - INFO - Foydalanuvchi 253 tizimga kirdi, sessiya 4fd0f4a4a667
2024-05-01 15:06:35,021 - db.pool - DEBUG - Cache hit key=user:342 ttl=3645s
2024-05-01 15:06:39,287 - scheduler - INFO - So'rov bajarildi: GET /api/v1/orders — 3129ms
2024-05-01 15:06:48,160 - scheduler - DEBUG - Cache hit key=user:747 ttl=961s
2024-05-01 15:07:04,263 - payments.gateway - INFO - Buyurtma yaratildi id=30007 summa=796744.7
2024-05-01 15:07:06,775 - worker.email - INFO - Buyurtma yaratildi id=29719 summa=2071046.93
2024-05-01 15:07:21,702 - db.pool - INFO - Buyurtma yaratildi id=14682 summa=2770534.53
2024-05-01 15:07:21,905 - payments.gateway - WARN - Ulanishlar hovuzi 3784% to'lgan
2024-05-01 15:07:28,596 - api.orders - INFO - Foydalanuvchi 474 tizimga kirdi, sessiya 41951f9977ec
2024-05-01 15:07:32,224 - worker.email - INFO - So'rov bajarildi: POST /login — 1663ms
2024-05-01 15:07:36,697 - api.orders - ERROR - To'lov rad etildi order=95868 kod=INSUFFICIENT_FUNDS
2024-05-01 15:07:49,194 - api.orders - WARN - Sekin so'rov: /login 1151ms chegaradan oshdi
2024-05-01 15:07:52,847 - api.orders - INFO - Foydalanuvchi 532 tizimga kirdi, sessiya 146272ae6533
2024-05-01 15:08:08,546 - payments.gateway - INFO - Foydalanuvchi 96 tizimga kirdi, sessiya 729d2bc02f63
2024-05-01 15:08:34,889 - scheduler - INFO - Foydalanuvchi 809 tizimga kirdi, sessiya 8e2e217c3af5
2024-05-01 15:08:48,097 - cache.redis - INFO - So'rov bajarildi: POST /login — 2367ms
2024-05-01 15:08:53,447 - worker.email - DEBUG - Cache hit key=user:749 ttl=3705s
2024-05-01 15:08:57,423 - db.pool - INFO - Foydalanuvchi 121 tizimga kirdi, sessiya 76e880b2f717
2024-05-01 15:09:02,343 - payments.gateway - INFO - Buyurtma yaratildi id=27997 summa=1769502.33
2024-05-01 15:09:13,145 - worker.email - INFO - So'rov bajarildi: GET /api/v1/users — 2825ms
2024-05-01 15:09:19,946 - api.orders - INFO - Buyurtma yaratildi id=19705 summa=3078393.27
2024-05-01 15:09:44,171 - cache.redis - WARN - Sekin so'rov: /api/v1/orders 1192ms chegaradan oshdi
2024-05-01 15:09:49,219 - db.pool - INFO - So'rov bajarildi: POST /login — 212ms
2024-05-01 15:10:28,184 - scheduler - INFO - So'rov bajarildi: POST /api/v1/users — 2329ms
2024-05-01 15:10:28,540 - worker.email - INFO - So'rov bajarildi: POST /login — 1691ms
2024-05-01 15:10:37,994 - db.pool - INFO - So'rov bajarildi: GET /login — 1374ms
2024-05-01 15:10:42,211 - db.pool - INFO - So'rov bajarildi: GET /api/v1/orders — 1148ms
2024-05-01 15:10:58,257 - payments.gateway - INFO - So'rov bajarildi: GET /api/v1/orders — 2520ms
2024-05-01 15:11:04,645 - api.orders - INFO - Buyurtma yaratildi id=13113 summa=3748061.9
2024-05-01 15:11:12,169 - worker.email - DEBUG - Cache hit key=user:225 ttl=2530s
2024-05-01 15:11:12,547 - cache.redis - INFO - So'rov bajarildi: POST /api/v1/orders — 1945ms
2024-05-01 15:11:16,471 - db.pool - ERROR - DB ulanishi uzildi: timeout after 1160ms host=db-262
2024-05-01 15:11:22,584 - api.orders - INFO - Foydalanuvchi 841 tizimga kirdi, sessiya d1fabee0fecd
2024-05-01 15:11:25,302 - api.orders - INFO - Foydalanuvchi 393 tizimga kirdi, sessiya 945e3f5edfbe
2024-05-01 15:11:28,928 - api.auth - INFO - So'rov bajarildi: POST /api/v1/users — 2927ms
2024-05-01 15:11:35,852 - db.pool - WARN - Sekin so'rov: /api/v1/users 1351ms chegaradan oshdi
2024-05-01 15:11:43,516 - api.orders - INFO - So'rov bajarildi: GET /api/v1/users — 3957ms
2024-05-01 15:11:43,592 - cache.redis - INFO - Buyurtma yaratildi id=76513 summa=3000565.03
2024-05-01 15:11:45,004 - api.orders - WARN - Sekin so'rov: /login 3558ms chegaradan oshdi
2024-05-01 15:11:46,828 - db.pool - INFO - Foydalanuvchi 845 tizimga kirdi, sessiya b45ba9537db8
2024-05-01 15:11:50,165 - scheduler - INFO - Foydalanuvchi 861 tizimga kirdi, sessiya df31631f8579
2024-05-01 15:11:58,358 - worker.email - INFO - Foydalanuvchi 358 tizimga kirdi, sessiya 0bac3f584831
2024-05-01 15:12:00,551 - payments.gateway - INFO - So'rov bajarildi: GET /login — 3139ms
2024-05-01 15:12:11,699 - cache.redis - INFO - So'rov bajarildi: POST /api/v1/users — 3276ms
2024-05-01 15:12:15,945 - payments.gateway - INFO - Foydalanuvchi 291 tizimga kirdi, sessiya f334878c1ad3
2024-05-01 15:12:23,418 - payments.gateway - INFO - Buyurtma yaratildi id=30364 summa=2222782.5
2024-05-01 15:12:31,514 - db.pool - INFO - So'rov bajarildi: POST /login — 2944ms
2024-05-01 15:12:34,944 - worker.email - DEBUG - Cache hit key=user:166 ttl=3185s
2024-05-01 15:12:38,674 - db.pool - ERROR - To'lov rad etildi order=25820 kod=INSUFFICIENT_FUNDS
2024-05-01 15:12:41,992 - api.auth - INFO - So'rov bajarildi: GET /api/v1/orders — 2424ms
2024-05-01 15:12:53,317 - worker.email - INFO - Foydalanuvchi 360 tizimga kirdi, sessiya 76e502709ff6
2024-05-01 15:13:04,750 - worker.email - ERROR - DB ulanishi uzildi: timeout after 3831ms host=db-360
2024-05-01 15:13:06,406 - worker.email - INFO - Foydalanuvchi 192 tizimga kirdi, sessiya ad2a4e342c62
2024-05-01 15:13:08,215 - db.pool - INFO - Foydalanuvchi 668 tizimga kirdi, sessiya c72a7239b6aa
2024-05-01 15:13:12,584 - scheduler - DEBUG - Cache hit key=user:612 ttl=3679s
2024-05-01 15:13:17,605 - scheduler - INFO - So'rov bajarildi: GET /api/v1/orders — 2606ms
2024-05-01 15:13:18,163 - scheduler - CRITICAL - Xizmat javob bermayapti: worker-212 qayta ishga tushirilmoqda
2024-05-01 15:13:18,934 - api.auth - INFO - So'rov bajarildi: GET /api/v1/orders — 358ms
2024-05-01 15:13:26,059 - payments.gateway - INFO - Foydalanuvchi 149 tizimga kirdi, sessiya 7954c6e54841
2024-05-01 15:13:26,645 - db.pool - CRITICAL - Xizmat javob bermayapti: worker-3 qayta ishga tushirilmoqda
2024-05-01 15:13:36,547 - api.auth - WARN - Sekin so'rov: /login 2939ms chegaradan oshdi
2024-05-01 15:13:36,704 - worker.email - CRITICAL - Xizmat javob bermayapti: worker-856 qayta ishga tushirilmoqda
2024-05-01 15:13:54,439 - db.pool - DEBUG - Cache hit key=user:312 ttl=1746s
2024-05-01 15:13:55,841 - api.auth - WARN - Sekin so'rov: /login 2354ms chegaradan oshdi
2024-05-01 15:13:59,502 - db.pool - INFO - Foydalanuvchi 397 tizimga kirdi, sessiya 348978911a67
2024-05-01 15:14:02,832 - api.orders - INFO - Foydalanuvchi 203 tizimga kirdi, sessiya f7edf2b45849
2024-05-01 15:14:03,852 - payments.gateway - WARN - Sekin so'rov: /login 1572ms chegaradan oshdi
2024-05-01 15:14:22,580 - cache.redis - INFO - So'rov bajarildi: POST /api/v1/users — 658ms
2024-05-01 15:14:26,824 - db.pool - INFO - Buyurtma yaratildi id=44804 summa=3213325.32
2024-05-01 15:14:37,943 - api.auth - INFO - So'rov bajarildi: GET /api/v1/orders — 890ms
2024-05-01 15:14:39,807 - scheduler - INFO - So'rov bajarildi: GET /login — 3814ms
2024-05-01 15:14:44,888 - payments.gateway - INFO - So'rov bajarildi: POST /login — 2572ms
2024-05-01 15:14:49,498 - scheduler - DEBUG - Cache hit key=user:542 ttl=2863s
2024-05-01 15:14:55,534 - cache.redis - INFO - So'rov bajarildi: GET /api/v1/orders — 2701ms
2024-05-01 15:15:12,717 - api.orders - INFO - Foydalanuvchi 831 tizimga kirdi, sessiya 381291fc2d3f
2024-05-01 15:15:20,280 - payments.gateway - DEBUG - Cache hit key=user:464 ttl=4105s
2024-05-01 15:15:25,076 - worker.email - INFO - Foydalanuvchi 308 tizimga kirdi, sessiya c25e6d1ce865
2024-05-01 15:15:25,077 - cache.redis - INFO - Buyurtma yaratildi id=75065 summa=1386882.21
2024-05-01 15:15:46,561 - api.orders - WARN - Sekin so'rov: /login 161ms chegaradan oshdi
2024-05-01 15:15:53,066 - db.pool - DEBUG - Cache hit key=user:318 ttl=690s
2024-05-01 15:15:57,796 - payments.gateway - INFO - Foydalanuvchi 611 tizimga kirdi, sessiya 00e753567087
2024-05-01 15:15:58,166 - cache.redis - DEBUG - Cache hit key=user:726 ttl=2403s
2024-05-01 15:16:25,135 - scheduler - WARN - Sekin so'rov: /api/v1/orders 3473ms chegaradan oshdi
2024-05-01 15:16:27,552 - api.auth - INFO - So'rov bajarildi: GET /api/v1/users — 3009ms
2024-05-01 15:16:42,042 - scheduler - WARN - Ulanishlar hovuzi 606% to'lgan
2024-05-01 15:16:43,882 - db.pool - DEBUG - Cache hit key=user:104 ttl=3321s
2024-05-01 15:16:44,169 - scheduler - DEBUG - Cache hit key=user:522 ttl=2335s
2024-05-01 15:17:03,128 - api.auth - INFO - Foydalanuvchi 681 tizimga kirdi, sessiya ff91ef000d1b
2024-05-01 15:17:08,469 - api.orders - INFO - So'rov bajarildi: POST /api/v1/users — 2031ms
2024-05-01 15:17:09,967 - cache.redis - INFO - Buyurtma yaratildi id=39249 summa=3649581.37
2024-05-01 15:17:15,393 - worker.email - INFO - Buyurtma yaratildi id=57389 summa=3642476.25
2024-05-01 15:17:34,450 - scheduler - INFO - So'rov bajarildi: GET /api/v1/orders — 60ms
2024-05-01 15:17:35,207 - api.auth - INFO - Foydalanuvchi 847 tizimga kirdi, sessiya 099228da8d0b
2024-05-01 15:17:35,742 - api.auth - INFO - So'rov bajarildi: POST /api/v1/users — 3474ms
2024-05-01 15:17:42,665 - payments.gateway - DEBUG - Cache hit key=user:826 ttl=485s
2024-05-01 15:17:54,787 - payments.gateway - CRITICAL - Xizmat javob bermayapti: worker-164 qayta ishga tushirilmoqda
2024-05-01 15:18:43,211 - worker.email - INFO - So'rov bajarildi: GET /api/v1/users — 66ms
2024-05-01 15:18:44,154 - cache.redis - INFO - Foydalanuvchi 770 tizimga kirdi, sessiya 0797578c9416
2024-05-01 15:18:52,347 - worker.email - ERROR - DB ulanishi uzildi: timeout after 2027ms host=db-321
2024-05-01 15:19:08,987 - db.pool - INFO - So'rov bajarildi: POST /api/v1/users — 3307ms
2024-05-01 15:19:20,599 - api.auth - INFO - Buyurtma yaratildi id=78788 summa=3038039.56
2024-05-01 15:19:28,733 - api.orders - INFO - Buyurtma yaratildi id=38576 summa=2624684.1
2024-05-01 15:19:37,207 - worker.email - INFO - So'rov bajarildi: GET /api/v1/users — 2675ms
2024-05-01 15:19:38,529 - worker.email - INFO - Buyurtma yaratildi id=36503 summa=2111046.5
2024-05-01 15:19:47,096 - worker.email - INFO - So'rov bajarildi: GET /login — 103ms
2024-05-01 15:19:53,337 - api.auth - INFO - Foydalanuvchi 852 tizimga kirdi, sessiya b08f3eb6be23
2024-05-01 15:19:56,337 - api.auth - INFO - So'rov bajarildi: POST /login — 1673ms
2024-05-01 15:19:57,014 - scheduler - INFO - Buyurtma yaratildi id=85437 summa=1893664.37
2024-05-01 15:20:22,627 - db.pool - CRITICAL - Xizmat javob bermayapti: worker-439 qayta ishga tushirilmoqda
2024-05-01 15:20:27,098 - api.orders - DEBUG - Cache hit key=user:790 ttl=2614s
2024-05-01 15:20:27,646 - db.pool - DEBUG - Cache hit key=user:510 ttl=3649s
2024-05-01 15:20:42,281 - scheduler - INFO - So'rov bajarildi: POST /api/v1/users — 377ms
2024-05-01 15:20:46,600 - api.orders - INFO - Foydalanuvchi 540 tizimga kirdi, sessiya 872d96964092
2024-05-01 15:20:47,778 - api.orders - DEBUG - Cache hit key=user:318 ttl=819s
2024-05-01 15:20:58,845 - api.orders - INFO - So'rov bajarildi: POST /api/v1/users — 771ms
2024-05-01 15:21:22,568 - scheduler - INFO - So'rov bajarildi: GET /api/v1/users — 1720ms
2024-05-01 15:21:51,593 - scheduler - INFO - Foydalanuvchi 181 tizimga kirdi, sessiya 497278928477
2024-05-01 15:21:51,839 - db.pool - ERROR - DB ulanishi uzildi: timeout after 2029ms host=db-846
2024-05-01 15:21:54,495 - db.pool - INFO - Foydalanuvchi 499 tizimga kirdi, sessiya 58fe651b924e
2024-05-01 15:22:18,861 - db.pool - INFO - So'rov bajarildi: POST /api/v1/users — 3152ms
2024-05-01 15:22:30,796 - api.auth - INFO - So'rov bajarildi: GET /api/v1/users — 1792ms
2024-05-01 15:22:31,046 - cache.redis - INFO - Buyurtma yaratildi id=19912 summa=412092.04
2024-05-01 15:22:45,022 - scheduler - DEBUG - Cache hit key=user:838 ttl=770s
2024-05-01 15:22:50,441 - worker.email - ERROR - DB ulanishi uzildi: timeout after 3393ms host=db-197
2024-05-01 15:23:02,525 - scheduler - WARN - Sekin so'rov: /login 168ms chegaradan oshdi
2024-05-01 15:23:19,535 - db.pool - INFO - So'rov bajarildi: GET /login — 1938ms
2024-05-01 15:23:20,499 - scheduler - INFO - Foydalanuvchi 99 tizimga kirdi, sessiya 229eb58ea8f5
2024-05-01 15:23:34,310 - scheduler - INFO - So'rov bajarildi: POST /api/v1/orders — 2856ms
2024-05-01 15:23:35,385 - scheduler - INFO - Foydalanuvchi 348 tizimga kirdi, sessiya 152d04f6331e
2024-05-01 15:23:39,406 - worker.email - INFO - So'rov bajarildi: POST /login — 3118ms
2024-05-01 15:23:49,822 - worker.email - INFO - So'rov bajarildi: POST /api/v1/users — 1711ms
2024-05-01 15:23:49,867 - db.pool - DEBUG - Cache hit key=user:314 ttl=402s
2024-05-01 15:23:55,363 - api.orders - INFO - So'rov bajarildi: GET /api/v1/users — 1707ms
2024-05-01 15:24:10,950 - scheduler - WARN - Sekin so'rov: /api/v1/users 1638ms chegaradan oshdi
2024-05-01 15:24:21,831 - api.auth - INFO - So'rov bajarildi: GET /api/v1/users — 1846ms
2024-05-01 15:24:40,599 - api.auth - INFO - Foydalanuvchi 43 tizimga kirdi, sessiya c19dfcd1a178
2024-05-01 15:24:45,656 - worker.email - INFO - So'rov bajarildi: POST /api/v1/orders — 3166ms
2024-05-01 15:24:47,810 - api.orders - DEBUG - Cache hit key=user:454 ttl=3028s
2024-05-01 15:24:48,585 - api.orders - INFO - So'rov bajarildi: POST /api/v1/orders — 2160ms
2024-05-01 15:24:50,209 - db.pool - DEBUG - Cache hit key=user:163 ttl=830s
2024-05-01 15:24:52,957 - scheduler - CRITICAL - Xizmat javob bermayapti: worker-726 qayta ishga tushirilmoqda
2024-05-01 15:25:01,300 - scheduler - INFO - Foydalanuvchi 100 tizimga kirdi, sessiya 574d543a28fc
2024-05-01 15:25:02,804 - api.auth - INFO - So'rov bajarildi: POST /api/v1/orders — 3425ms
2024-05-01 15:25:05,046 - worker.email - WARN - Ulanishlar hovuzi 1272% to'lgan
2024-05-01 15:25:11,382 - db.pool - INFO - So'rov bajarildi: POST /api/v1/orders — 4090ms
2024-05-01 15:25:14,019 - scheduler - DEBUG - Cache hit key=user:865 ttl=1168s
2024-05-01 15:25:21,325 - db.pool - ERROR - DB ulanishi uzildi: timeout after 2029ms host=db-180
2024-05-01 15:25:24,024 - payments.gateway - INFO - Foydalanuvchi 443 tizimga kirdi, sessiya 3722103b2c9b
2024-05-01 15:25:28,364 - db.pool - INFO - So'rov bajarildi: GET /login — 4117ms
2024-05-01 15:25:29,255 - worker.email - INFO - Buyurtma yaratildi id=86316 summa=2432619.39
2024-05-01 15:25:56,631 - api.auth - INFO - So'rov bajarildi: GET /api/v1/users — 147ms
2024-05-01 15:26:00,680 - cache.redis - INFO - Foydalanuvchi 397 tizimga kirdi, sessiya 68c57b8361df
2024-05-01 15:26:05,393 - api.auth - INFO - Foydalanuvchi 312 tizimga kirdi, sessiya 8843758d3c40
2024-05-01 15:26:11,546 - scheduler - DEBUG - Cache hit key=user:477 ttl=2717s
2024-05-01 15:26:11,560 - cache.redis - DEBUG - Cache hit key=user:253 ttl=1495s
2024-05-01 15:26:14,502 - api.auth - INFO - So'rov bajarildi: POST /login — 3166ms
2024-05-01 15:26:17,034 - api.orders - INFO - Buyurtma yaratildi id=80275 summa=2298990.31
2024-05-01 15:26:21,299 - api.auth - INFO - Foydalanuvchi 350 tizimga kirdi, sessiya fa11842ed2bd
2024-05-01 15:26:34,122 - worker.email - DEBUG - Cache hit key=user:693 ttl=3625s
2024-05-01 15:26:38,359 - scheduler - ERROR - DB ulanishi uzildi: timeout after 1834ms host=db-887
2024-05-01 15:26:40,240 - api.orders - ERROR - DB ulanishi uzildi: timeout after 1809ms host=db-853
2024-05-01 15:27:00,099 - api.auth - DEBUG - Cache hit key=user:35 ttl=189s
2024-05-01 15:27:04,729 - api.orders - INFO - Foydalanuvchi 10 tizimga kirdi, sessiya b9e9e37d06c9
2024-05-01 15:27:07,775 - api.orders - INFO - So'rov bajarildi: GET /login — 2119ms
2024-05-01 15:27:22,425 - cache.redis - DEBUG - Cache hit key=user:534 ttl=2752s
2024-05-01 15:27:25,704 - worker.email - CRITICAL - Xizmat javob bermayapti: worker-333 qayta ishga tushirilmoqda
2024-05-01 15:28:19,463 - api.orders - INFO - Foydalanuvchi 728 tizimga kirdi, sessiya 7cb691441096
2024-05-01 15:28:25,975 - db.pool - ERROR - DB ulanishi uzildi: timeout after 2912ms host=db-138
2024-05-01 15:28:27,159 - api.auth - DEBUG - Cache hit key=user:697 ttl=1760s
2024-05-01 15:28:28,049 - db.pool - WARN - Sekin so'rov: /login 333ms chegaradan oshdi
2024-05-01 15:28:40,423 - cache.redis - WARN - Sekin so'rov: /login 978ms chegaradan oshdi
2024-05-01 15:28:40,924 - worker.email - INFO - So'rov bajarildi: GET /login — 2782ms
2024-05-01 15:28:58,669 - scheduler - INFO - Buyurtma yaratildi id=18163 summa=1894611.3
2024-05-01 15:29:15,654 - db.pool - INFO - So'rov bajarildi: GET /api/v1/orders — 1517ms
2024-05-01 15:29:22,176 - db.pool - WARN - Ulanishlar hovuzi 2868% to'lgan
2024-05-01 15:29:28,297 - payments.gateway - INFO - So'rov bajarildi: GET /login — 347ms
2024-05-01 15:29:58,281 - api.orders - INFO - Buyurtma yaratildi id=30596 summa=3206213.5
2024-05-01 15:30:02,083 - api.auth - DEBUG - Cache hit key=user:449 ttl=3942s
2024-05-01 15:30:10,687 - cache.redis - DEBUG - Cache hit key=user:265 ttl=1741s
2024-05-01 15:30:14,581 - db.pool - ERROR - To'lov rad etildi order=33077 kod=INSUFFICIENT_FUNDS
2024-05-01 15:30:14,760 - api.auth - WARN - Sekin so'rov: /api/v1/users 2048ms chegaradan oshdi
2024-05-01 15:30:16,299 - api.orders - INFO - So'rov bajarildi: POST /api/v1/orders — 1066ms
2024-05-01 15:30:20,115 - api.auth - WARN - Ulanishlar hovuzi 330% to'lgan
2024-05-01 15:30:32,986 - db.pool - INFO - Foydalanuvchi 585 tizimga kirdi, sessiya 8aa9a318a234
2024-05-01 15:30:53,863 - api.auth - WARN - Ulanishlar hovuzi 3736% to'lgan
2024-05-01 15:30:59,133 - payments.gateway - DEBUG - Cache hit key=user:280 ttl=1905s
2024-05-01 15:31:10,716 - api.auth - WARN - Sekin so'rov: /api/v1/users 59ms chegaradan oshdi
2024-05-01 15:31:29,737 - db.pool - INFO - Foydalanuvchi 739 tizimga kirdi, sessiya 76c62f2743cc
2024-05-01 15:31:33,930 - api.auth - ERROR - DB ulanishi uzildi: timeout after 113ms host=db-615
2024-05-01 15:31:39,425 - payments.gateway - INFO - So'rov bajarildi: POST /login — 3666ms
2024-05-01 15:31:44,695 - api.orders - INFO - So'rov bajarildi: GET /api/v1/orders — 512ms
2024-05-01 15:31:59,771 - api.orders - WARN - Ulanishlar hovuzi 3478% to'lgan
2024-05-01 15:32:00,054 - payments.gateway - INFO - So'rov bajarildi: POST /api/v1/orders — 1129ms
2024-05-01 15:32:02,745 - api.auth - ERROR - To'lov rad etildi order=97756 kod=INSUFFICIENT_FUNDS
2024-05-01 15:32:16,223 - payments.gateway - DEBUG - Cache hit key=user:898 ttl=3494s
2024-05-01 15:32:17,123 - api.orders - WARN - Sekin so'rov: /api/v1/orders 2220ms chegaradan oshdi
2024-05-01 15:32:20,590 - db.pool - DEBUG - Cache hit key=user:12 ttl=3432s
2024-05-01 15:32:51,512 - scheduler - INFO - Foydalanuvchi 892 tizimga kirdi, sessiya ccf4d98581a5
2024-05-01 15:32:52,084 - api.orders - ERROR - DB ulanishi uzildi: timeout after 974ms host=db-620
2024-05-01 15:33:07,700 - payments.gateway - INFO - Buyurtma yaratildi id=51456 summa=1931492.08
2024-05-01 15:33:09,297 - db.pool - INFO - So'rov bajarildi: GET /api/v1/users — 470ms
2024-05-01 15:33:16,176 - db.pool - ERROR - To'lov rad etildi order=38167 kod=INSUFFICIENT_FUNDS
2024-05-01 15:33:18,110 - api.auth - INFO - Foydalanuvchi 82 tizimga kirdi, sessiya cf355278a58f
2024-05-01 15:33:29,813 - payments.gateway - INFO - So'rov bajarildi: POST /api/v1/orders — 1047ms
2024-05-01 15:33:31,888 - cache.redis - INFO - So'rov bajarildi: POST /api/v1/orders — 7ms
2024-05-01 15:33:46,400 - api.orders - INFO - Foydalanuvchi 161 tizimga kirdi, sessiya 902517131662
2024-05-01 15:34:19,134 - db.pool - INFO - So'rov bajarildi: POST /login — 416ms
2024-05-01 15:34:23,208 - api.orders - INFO - So'rov bajarildi: GET /api/v1/orders — 1778ms
2024-05-01 15:34:34,800 - cache.redis - INFO - So'rov bajarildi: GET /login — 1944ms
2024-05-01 15:34:35,531 - db.pool - WARN - Sekin so'rov: /login 41ms chegaradan oshdi
2024-05-01 15:34:38,111 - cache.redis - INFO - Foydalanuvchi 608 tizimga kirdi, sessiya 427d6218ebfc
2024-05-01 15:35:20,968 - cache.redis - DEBUG - Cache hit key=user:101 ttl=3362s
2024-05-01 15:35:35,338 - db.pool - WARN - Sekin so'rov: /api/v1/orders 1693ms chegaradan oshdi
2024-05-01 15:35:38,479 - cache.redis - DEBUG - Cache hit key=user:720 ttl=534s
2024-05-01 15:35:39,336 - api.orders - INFO - Buyurtma yaratildi id=92710 summa=2975065.28
2024-05-01 15:35:51,892 - api.orders - INFO - Foydalanuvchi 667 tizimga kirdi, sessiya 44edc851c751
2024-05-01 15:36:11,283 - api.auth - INFO - So'rov bajarildi: GET /login — 1240ms
2024-05-01 15:36:43,845 - payments.gateway - WARN - Sekin so'rov: /login 1686ms chegaradan oshdi
2024-05-01 15:36:45,253 - worker.email - DEBUG - Cache hit key=user:142 ttl=2249s
2024-05-01 15:36:54,807 - api.auth - DEBUG - Cache hit key=user:183 ttl=1167s
2024-05-01 15:37:00,334 - db.pool - DEBUG - Cache hit key=user:226 ttl=67s
2024-05-01 15:37:04,367 - worker.email - INFO - Foydalanuvchi 462 tizimga kirdi, sessiya a285ab2f08a8
2024-05-01 15:37:14,723 - worker.email - ERROR - DB ulanishi uzildi: timeout after 649ms host=db-702
2024-05-01 15:37:14,901 - db.pool - INFO - Buyurtma yaratildi id=19462 summa=886613.9
2024-05-01 15:37:14,946 - api.auth - WARN - Ulanishlar hovuzi 3140% to'lgan
2024-05-01 15:37:21,317 - payments.gateway - INFO - Buyurtma yaratildi id=32457 summa=261403.91
2024-05-01 15:37:31,909 - payments.gateway - WARN - Sekin so'rov: /api/v1/orders 3751ms chegaradan oshdi
2024-05-01 15:37:32,149 - api.auth - INFO - Foydalanuvchi 823 tizimga kirdi, sessiya 7611906ff23c
2024-05-01 15:37:47,133 - cache.redis - WARN - Sekin so'rov: /login 841ms chegaradan oshdi
2024-05-01 15:38:00,752 - api.auth - ERROR - DB ulanishi uzildi: timeout after 3489ms host=db-452
2024-05-01 15:38:10,304 - api.orders - INFO - Foydalanuvchi 365 tizimga kirdi, sessiya 80072bff7821
2024-05-01 15:38:11,040 - scheduler - INFO - Foydalanuvchi 877 tizimga kirdi, sessiya 0dc61002fcf2
2024-05-01 15:38:20,011 - db.pool - INFO - So'rov bajarildi: POST /api/v1/users — 4151ms
2024-05-01 15:38:45,757 - worker.email - INFO - So'rov bajarildi: POST /login — 3996ms
2024-05-01 15:38:49,888 - api.orders - DEBUG - Cache hit key=user:164 ttl=2595s
2024-05-01 15:39:04,982 - api.orders - ERROR - DB ulanishi uzildi: timeout after 674ms host=db-94
2024-05-01 15:39:17,606 - payments.gateway - INFO - So'rov bajarildi: GET /login — 3747ms
2024-05-01 15:39:28,253 - cache.redis - INFO - So'rov bajarildi: POST /api/v1/users — 3692ms
2024-05-01 15:39:41,386 - cache.redis - DEBUG - Cache hit key=user:706 ttl=2479s
2024-05-01 15:39:48,547 - db.pool - INFO - Buyurtma yaratildi id=50791 summa=1193079.84
2024-05-01 15:39:49,785 - api.orders - INFO - Foydalanuvchi 763 tizimga kirdi, sessiya 4d5c7aa0d5a8
2024-05-01 15:39:53,318 - worker.email - INFO - Foydalanuvchi 198 tizimga kirdi, sessiya c03be851d889
2024-05-01 15:40:06,885 - scheduler - INFO - Foydalanuvchi 147 tizimga kirdi, sessiya ce21d6528b29
2024-05-01 15:40:17,408 - api.orders - INFO - So'rov bajarildi: POST /login — 2411ms
2024-05-01 15:40:19,174 - cache.redis - INFO - Buyurtma yaratildi id=64800 summa=2611678.25
2024-05-01 15:40:20,018 - worker.email - INFO - Foydalanuvchi 886 tizimga kirdi, sessiya 89bfe5cbde81
2024-05-01 15:40:21,694 - db.pool - ERROR - DB ulanishi uzildi: timeout after 1786ms host=db-36
2024-05-01 15:40:30,868 - api.auth - INFO - Foydalanuvchi 510 tizimga kirdi, sessiya 943ee313b2a0
2024-05-01 15:40:31,277 - payments.gateway - DEBUG - Cache hit key=user:749 ttl=1661s
2024-05-01 15:40:48,377 - cache.redis - INFO - Foydalanuvchi 734 tizimga kirdi, sessiya bbdb3f7efee4
2024-05-01 15:40:48,390 - db.pool - INFO - Foydalanuvchi 20 tizimga kirdi, sessiya bb32a3a50cdc
2024-05-01 15:40:50,220 - db.pool - ERROR - To'lov rad etildi order=87657 kod=INSUFFICIENT_FUNDS
2024-05-01 15:41:00,117 - scheduler - DEBUG - Cache hit key=user:685 ttl=3791s
2024-05-01 15:41:02,089 - cache.redis - INFO - So'rov bajarildi: POST /api/v1/orders — 2285ms
2024-05-01 15:41:03,042 - db.pool - ERROR - DB ulanishi uzildi: timeout after 3431ms host=db-132
2024-05-01 15:41:13,544 - db.pool - DEBUG - Cache hit key=user:219 ttl=2795s
2024-05-01 15:41:14,274 - api.orders - INFO - So'rov bajarildi: POST /api/v1/orders — 2529ms
2024-05-01 15:41:26,366 - worker.email - DEBUG - Cache hit key=user:158 ttl=3900s
2024-05-01 15:41:34,507 - api.orders - INFO - So'rov bajarildi: POST /api/v1/users — 486ms
2024-05-01 15:41:46,821 - api.orders - WARN - Ulanishlar hovuzi 1324% to'lgan
2024-05-01 15:41:58,734 - scheduler - INFO - So'rov bajarildi: GET /api/v1/orders — 361ms
2024-05-01 15:42:15,791 - scheduler - INFO - Foydalanuvchi 777 tizimga kirdi, sessiya c0c1e1641d7b
2024-05-01 15:42:19,839 - api.auth - WARN - Sekin so'rov: /login 491ms chegaradan oshdi
2024-05-01 15:42:45,665 - worker.email - INFO - Foydalanuvchi 670 tizimga kirdi, sessiya 03dac4740cb6
2024-05-01 15:42:58,217 - api.orders - INFO - Foydalanuvchi 898 tizimga kirdi, sessiya ef2a73d0d9f2
2024-05-01 15:43:06,887 - worker.email - CRITICAL - Xizmat javob bermayapti: worker-587 qayta ishga tushirilmoqda
2024-05-01 15:43:14,914 - db.pool - WARN - Ulanishlar hovuzi 394% to'lgan
2024-05-01 15:43:26,928 - api.auth - WARN - Ulanishlar hovuzi 2298% to'lgan
2024-05-01 15:43:31,086 - payments.gateway - INFO - Buyurtma yaratildi id=20334 summa=128783.55
2024-05-01 15:43:33,669 - worker.email - INFO - Foydalanuvchi 85 tizimga kirdi, sessiya c456da16c8a3
2024-05-01 15:43:46,467 - api.auth - INFO - So'rov bajarildi: POST /api/v1/users — 874ms
2024-05-01 15:43:49,678 - db.pool - DEBUG - Cache hit key=user:446 ttl=3146s
2024-05-01 15:43:53,551 - api.auth - INFO - Buyurtma yaratildi id=84532 summa=1722248.66
2024-05-01 15:44:01,970 - db.pool - INFO - Foydalanuvchi 79 tizimga kirdi, sessiya 63cec620bb75
2024-05-01 15:44:08,115 - db.pool - INFO - Foydalanuvchi 563 tizimga kirdi, sessiya e1a77bb954a1
2024-05-01 15:44:09,757 - worker.email - INFO - So'rov bajarildi: GET /login — 1753ms
2024-05-01 15:44:28,442 - cache.redis - WARN - Ulanishlar hovuzi 3294% to'lgan
2024-05-01 15:44:29,767 - payments.gateway - INFO - So'rov bajarildi: POST /login — 3822ms
2024-05-01 15:44:34,004 - payments.gateway - INFO - So'rov bajarildi: POST /login — 1256ms
2024-05-01 15:44:36,387 - scheduler - INFO - So'rov bajarildi: POST /api/v1/orders — 2937ms
2024-05-01 15:44:42,563 - payments.gateway - WARN - Sekin so'rov: /api/v1/users 1678ms chegaradan oshdi
2024-05-01 15:44:54,307 - api.auth - INFO - Foydalanuvchi 577 tizimga kirdi, sessiya a416b5df1af1
2024-05-01 15:44:58,389 - db.pool - INFO - So'rov bajarildi: POST /login — 4109ms
2024-05-01 15:45:22,909 - cache.redis - DEBUG - Cache hit key=user:351 ttl=1135s
2024-05-01 15:45:40,093 - db.pool - ERROR - DB ulanishi uzildi: timeout after 2884ms host=db-382
2024-05-01 15:45:49,459 - cache.redis - WARN - Ulanishlar hovuzi 313% to'lgan
2024-05-01 15:45:57,402 - db.pool - INFO - Foydalanuvchi 462 tizimga kirdi, sessiya 7c4a22b50966
2024-05-01 15:45:58,875 - api.orders - INFO - Buyurtma yaratildi id=51371 summa=3435578.82
2024-05-01 15:46:04,467 - worker.email - DEBUG - Cache hit key=user:526 ttl=2598s
2024-05-01 15:46:12,068 - payments.gateway - INFO - Foydalanuvchi 260 tizimga kirdi, sessiya 202691eaf89a
2024-05-01 15:46:17,493 - scheduler - WARN - Ulanishlar hovuzi 76% to'lgan
2024-05-01 15:46:19,303 - payments.gateway - INFO - Foydalanuvchi 122 tizimga kirdi, sessiya 7851eb0f0938
2024-05-01 15:46:27,271 - worker.email - INFO - Foydalanuvchi 759 tizimga kirdi, sessiya 11b7d7208b7a
2024-05-01 15:46:33,118 - payments.gateway - INFO - Foydalanuvchi 497 tizimga kirdi, sessiya faf9d635094f
2024-05-01 15:46:33,452 - scheduler - WARN - Sekin so'rov: /api/v1/users 3670ms chegaradan oshdi
2024-05-01 15:46:40,420 - scheduler - INFO - So'rov bajarildi: GET /api/v1/orders — 1683ms
2024-05-01 15:46:46,458 - api.auth - INFO - So'rov bajarildi: GET /api/v1/orders — 68ms
2024-05-01 15:46:49,076 - scheduler - INFO - Foydalanuvchi 304 tizimga kirdi, sessiya 54783cfc987c
2024-05-01 15:46:53,632 - scheduler - WARN - Sekin so'rov: /api/v1/orders 2562ms chegaradan oshdi
2024-05-01 15:47:05,191 - cache.redis - INFO - So'rov bajarildi: GET /api/v1/users — 3690ms
2024-05-01 15:47:09,590 - scheduler - WARN - Sekin so'rov: /api/v1/users 320ms chegaradan oshdi
2024-05-01 15:47:11,584 - worker.email - WARN - Sekin so'rov: /api/v1/users 2739ms chegaradan oshdi
2024-05-01 15:47:11,754 - db.pool - INFO - Buyurtma yaratildi id=25110 summa=1305323.12
2024-05-01 15:47:16,873 - payments.gateway - INFO - Foydalanuvchi 51 tizimga kirdi, sessiya 8ff0710e0157
2024-05-01 15:47:19,304 - db.pool - INFO - So'rov bajarildi: GET /api/v1/users — 3987ms
2024-05-01 15:47:33,880 - api.orders - INFO - Foydalanuvchi 598 tizimga kirdi, sessiya cb279642ef5f
2024-05-01 15:47:42,547 - scheduler - DEBUG - Cache hit key=user:297 ttl=1950s
2024-05-01 15:47:56,284 - worker.email - DEBUG - Cache hit key=user:250 ttl=2173s
2024-05-01 15:47:59,152 - worker.email - INFO - Foydalanuvchi 430 tizimga kirdi, sessiya 8c65e3a37190
2024-05-01 15:48:01,576 - api.auth - ERROR - DB ulanishi uzildi: timeout after 1406ms host=db-825
2024-05-01 15:48:01,875 - scheduler - INFO - Foydalanuvchi 883 tizimga kirdi, sessiya f9199bbd4261
2024-05-01 15:48:15,258 - cache.redis - DEBUG - Cache hit key=user:730 ttl=297s
2024-05-01 15:48:16,298 - scheduler - DEBUG - Cache hit key=user:481 ttl=2234s
2024-05-01 15:48:33,119 - db.pool - INFO - Foydalanuvchi 456 tizimga kirdi, sessiya 6d6302601774
2024-05-01 15:48:43,142 - db.pool - INFO - Foydalanuvchi 95 tizimga kirdi, sessiya 7473f3483073
2024-05-01 15:49:20,517 - payments.gateway - INFO - Foydalanuvchi 276 tizimga kirdi, sessiya 874af1a7f8d0
2024-05-01 15:49:23,330 - api.orders - INFO - Foydalanuvchi 628 tizimga kirdi, sessiya fe43c07ea38d
2024-05-01 15:49:26,311 - cache.redis - INFO - So'rov bajarildi: GET /login — 3825ms
2024-05-01 15:49:27,759 - api.auth - INFO - Foydalanuvchi 641 tizimga kirdi, sessiya aee25129a68a
2024-05-01 15:49:50,543 - scheduler - DEBUG - Cache hit key=user:893 ttl=2457s
2024-05-01 15:50:00,265 - cache.redis - INFO - Foydalanuvchi 478 tizimga kirdi, sessiya 6b2c059b1d6b
2024-05-01 15:50:03,053 - api.orders - INFO - Foydalanuvchi 139 tizimga kirdi, sessiya d4978f49351d
2024-05-01 15:50:07,056 - scheduler - INFO - Foydalanuvchi 137 tizimga kirdi, sessiya b7104c1c7a0c
2024-05-01 15:50:09,932 - db.pool - WARN - Ulanishlar hovuzi 383% to'lgan
2024-05-01 15:50:12,292 - db.pool - DEBUG - Cache hit key=user:595 ttl=452s
2024-05-01 15:50:40,365 - api.orders - INFO - So'rov bajarildi: POST /api/v1/users — 1112ms
2024-05-01 15:50:57,068 - api.orders - INFO - Foydalanuvchi 411 tizimga kirdi, sessiya 7eb1b65b8065
2024-05-01 15:51:08,517 - api.orders - INFO - So'rov bajarildi: GET /api/v1/orders — 502ms
2024-05-01 15:51:28,019 - payments.gateway - WARN - Sekin so'rov: /login 3697ms chegaradan oshdi
2024-05-01 15:51:44,243 - api.orders - INFO - So'rov bajarildi: POST /api/v1/users — 1722ms
2024-05-01 15:52:08,154 - api.auth - INFO - Foydalanuvchi 694 tizimga kirdi, sessiya 2571176bbacd
2024-05-01 15:52:08,693 - api.orders - INFO - So'rov bajarildi: GET /login — 1016ms
2024-05-01 15:52:13,608 - worker.email - WARN - Ulanishlar hovuzi 1314% to'lgan
2024-05-01 15:52:19,047 - api.orders - DEBUG - Cache hit key=user:330 ttl=16s
2024-05-01 15:52:36,562 - api.auth - INFO - Buyurtma yaratildi id=43933 summa=3299529.14
2024-05-01 15:52:54,849 - db.pool - INFO - So'rov bajarildi: POST /api/v1/orders — 1945ms
2024-05-01 15:52:55,366 - scheduler - DEBUG - Cache hit key=user:91 ttl=1603s
2024-05-01 15:52:59,369 - api.auth - ERROR - To'lov rad etildi order=49947 kod=INSUFFICIENT_FUNDS
2024-05-01 15:53:06,957 - api.orders - INFO - Buyurtma yaratildi id=48994 summa=577923.41
2024-05-01 15:53:11,378 - db.pool - INFO - So'rov bajarildi: POST /api/v1/orders — 2344ms
2024-05-01 15:53:25,132 - payments.gateway - INFO - So'rov bajarildi: POST /api/v1/orders — 2928ms
2024-05-01 15:53:39,826 - scheduler - INFO - So'rov bajarildi: POST /login — 3482ms
2024-05-01 15:54:13,799 - db.pool - WARN - Ulanishlar hovuzi 540% to'lgan
2024-05-01 15:54:16,175 - scheduler - INFO - So'rov bajarildi: POST /api/v1/orders — 59ms
2024-05-01 15:54:33,299 - api.orders - INFO - Foydalanuvchi 761 tizimga kirdi, sessiya aaf7013b51fc
2024-05-01 15:54:38,118 - scheduler - INFO - Foydalanuvchi 219 tizimga kirdi, sessiya d5d99904ea64
2024-05-01 15:54:43,422 - cache.redis - INFO - So'rov bajarildi: GET /api/v1/orders — 3694ms
2024-05-01 15:54:51,774 - api.orders - DEBUG - Cache hit key=user:837 ttl=4047s
2024-05-01 15:55:11,946 - cache.redis - WARN - Ulanishlar hovuzi 3754% to'lgan
2024-05-01 15:55:15,442 - db.pool - INFO - So'rov bajarildi: GET /login — 4121ms
2024-05-01 15:55:17,643 - api.auth - INFO - Foydalanuvchi 799 tizimga kirdi, sessiya 937341310b14
2024-05-01 15:55:20,719 - worker.email - INFO - So'rov bajarildi: POST /api/v1/orders — 67ms
2024-05-01 15:55:26,932 - payments.gateway - DEBUG - Cache hit key=user:446 ttl=2799s
2024-05-01 15:55:28,365 - worker.email - DEBUG - Cache hit key=user:62 ttl=649s
2024-05-01 15:55:35,466 - api.auth - INFO - Foydalanuvchi 852 tizimga kirdi, sessiya fe823f3a1842
2024-05-01 15:55:48,461 - scheduler - INFO - So'rov bajarildi: POST /login — 388ms
2024-05-01 15:55:49,150 - scheduler - DEBUG - Cache hit key=user:839 ttl=2246s
2024-05-01 15:55:51,869 - cache.redis - INFO - So'rov bajarildi: GET /login — 131ms
2024-05-01 15:56:06,906 - worker.email - INFO - Foydalanuvchi 201 tizimga kirdi, sessiya 86b0fbe4f3e3
2024-05-01 15:56:21,266 - api.orders - INFO - Buyurtma yaratildi id=91250 summa=503670.53
2024-05-01 15:56:43,310 - db.pool - INFO - Foydalanuvchi 796 tizimga kirdi, sessiya 956237e06c7f
2024-05-01 15:56:51,349 - worker.email - DEBUG - Cache hit key=user:177 ttl=3861s
2024-05-01 15:57:00,897 - payments.gateway - CRITICAL - Xizmat javob bermayapti: worker-266 qayta ishga tushirilmoqda
2024-05-01 15:57:21,757 - api.auth - INFO - So'rov bajarildi: POST /api/v1/users — 1124ms
2024-05-01 15:58:03,175 - scheduler - INFO - Buyurtma yaratildi id=94775 summa=1277270.21
2024-05-01 15:58:05,323 - worker.email - INFO - So'rov bajarildi: POST /api/v1/orders — 3501ms
2024-05-01 15:58:07,760 - cache.redis - WARN - Sekin so'rov: /api/v1/users 1089ms chegaradan oshdi
2024-05-01 15:58:14,364 - api.auth - INFO - So'rov bajarildi: GET /api/v1/users — 2686ms
2024-05-01 15:58:16,223 - scheduler - INFO - So'rov bajarildi: GET /api/v1/orders — 1730ms
2024-05-01 15:58:16,753 - cache.redis - INFO - Foydalanuvchi 281 tizimga kirdi, sessiya c9610df21e05
2024-05-01 15:58:26,569 - worker.email - INFO - Foydalanuvchi 567 tizimga kirdi, sessiya 14ba9cdec4a8
2024-05-01 15:58:30,273 - api.orders - INFO - So'rov bajarildi: POST /api/v1/users — 3055ms
2024-05-01 15:58:35,834 - api.orders - WARN - Sekin so'rov: /api/v1/orders 1071ms chegaradan oshdi
2024-05-01 15:58:43,500 - payments.gateway - INFO - Buyurtma yaratildi id=38472 summa=2889651.52
2024-05-01 15:59:03,113 - cache.redis - INFO - So'rov bajarildi: GET /api/v1/orders — 155ms
2024-05-01 15:59:13,177 - api.auth - INFO - Foydalanuvchi 887 tizimga kirdi, sessiya d1dbaf350e7b
2024-05-01 15:59:13,387 - payments.gateway - INFO - So'rov bajarildi: GET /api/v1/users — 336ms
2024-05-01 15:59:23,717 - payments.gateway - INFO - Buyurtma yaratildi id=76292 summa=1644447.19
2024-05-01 15:59:30,115 - scheduler - INFO - Buyurtma yaratildi id=33256 summa=3731796.03
2024-05-01 15:59:35,221 - db.pool - INFO - Buyurtma yaratildi id=81781 summa=2564185.34
2024-05-01 15:59:38,525 - scheduler - INFO - So'rov bajarildi: POST /api/v1/orders — 1903ms
2024-05-01 15:59:38,829 - api.orders - INFO - Foydalanuvchi 525 tizimga kirdi, sessiya 3b769bfe7f03
2024-05-01 15:59:44,985 - worker.email - INFO - Foydalanuvchi 355 tizimga kirdi, sessiya 044cc850e4e1
2024-05-01 15:59:55,601 - payments.gateway - WARN - Ulanishlar hovuzi 706% to'lgan
2024-05-01 16:00:16,509 - worker.email - INFO - So'rov bajarildi: GET /login — 4012ms
2024-05-01 16:00:17,011 - api.auth - INFO - Buyurtma yaratildi id=81084 summa=3937514.04
2024-05-01 16:00:22,176 - db.pool - INFO - So'rov bajarildi: GET /login — 1694ms
2024-05-01 16:00:23,818 - db.pool - INFO - So'rov bajarildi: GET /api/v1/users — 49ms
2024-05-01 16:00:38,856 - cache.redis - INFO - So'rov bajarildi: GET /login — 1163ms
2024-05-01 16:00:41,448 - api.orders - INFO - So'rov bajarildi: GET /login — 2717ms
2024-05-01 16:00:48,429 - api.auth - INFO - So'rov bajarildi: GET /api/v1/users — 3369ms
2024-05-01 16:00:51,866 - worker.email - INFO - Foydalanuvchi 76 tizimga kirdi, sessiya dda5587f701b
2024-05-01 16:00:57,134 - scheduler - INFO - So'rov bajarildi: GET /api/v1/orders — 964ms
2024-05-01 16:00:57,772 - cache.redis - INFO - Foydalanuvchi 54 tizimga kirdi, sessiya af8c082a7728
2024-05-01 16:00:58,883 - api.orders - INFO - Foydalanuvchi 70 tizimga kirdi, sessiya e99ade69ce8b
2024-05-01 16:01:00,446 - api.auth - WARN - Sekin so'rov: /api/v1/users 1258ms chegaradan oshdi
2024-05-01 16:01:09,608 - api.auth - DEBUG - Cache hit key=user:275 ttl=1729s
2024-05-01 16:01:10,596 - worker.email - INFO - So'rov bajarildi: GET /login — 2735ms
2024-05-01 16:01:13,825 - db.pool - WARN - Ulanishlar hovuzi 2035% to'lgan
2024-05-01 16:01:18,138 - api.auth - ERROR - To'lov rad etildi order=37315 kod=INSUFFICIENT_FUNDS
2024-05-01 16:01:20,625 - worker.email - ERROR - To'lov rad etildi order=79726 kod=INSUFFICIENT_FUNDS
2024-05-01 16:01:38,719 - db.pool - INFO - Foydalanuvchi 40 tizimga kirdi, sessiya ec8862a3c7b3
2024-05-01 16:01:58,841 - cache.redis - ERROR - DB ulanishi uzildi: timeout after 1330ms host=db-471
2024-05-01 16:02:05,349 - db.pool - INFO - So'rov bajarildi: GET /login — 2678ms
2024-05-01 16:02:11,019 - api.auth - INFO - So'rov bajarildi: POST /api/v1/orders — 727ms
2024-05-01 16:02:21,496 - worker.email - CRITICAL - Xizmat javob bermayapti: worker-395 qayta ishga tushirilmoqda
2024-05-01 16:02:35,191 - api.auth - INFO - So'rov bajarildi: POST /api/v1/orders — 3935ms
2024-05-01 16:02:37,729 - worker.email - ERROR - To'lov rad etildi order=27278 kod=INSUFFICIENT_FUNDS
2024-05-01 16:02:43,917 - db.pool - INFO - So'rov bajarildi: POST /login — 2678ms
2024-05-01 16:02:45,173 - api.auth - INFO - So'rov bajarildi: GET /login — 3691ms
2024-05-01 16:02:45,810 - api.auth - DEBUG - Cache hit key=user:546 ttl=976s
2024-05-01 16:02:46,336 - api.auth - INFO - So'rov bajarildi: POST /api/v1/orders — 901ms
2024-05-01 16:02:55,927 - api.auth - INFO - So'rov bajarildi: POST /api/v1/orders — 3994ms
2024-05-01 16:02:55,934 - db.pool - INFO - Buyurtma yaratildi id=11952 summa=3395043.2
2024-05-01 16:02:59,282 - scheduler - WARN - Ulanishlar hovuzi 3636% to'lgan
2024-05-01 16:03:04,755 - db.pool - DEBUG - Cache hit key=user:561 ttl=3130s
2024-05-01 16:03:08,827 - scheduler - ERROR - To'lov rad etildi order=31541 kod=INSUFFICIENT_FUNDS
2024-05-01 16:03:26,454 - cache.redis - INFO - So'rov bajarildi: GET /api/v1/orders — 2797ms
2024-05-01 16:03:37,868 - worker.email - DEBUG - Cache hit key=user:617 ttl=3423s
2024-05-01 16:03:47,706 - worker.email - DEBUG - Cache hit key=user:425 ttl=2140s
2024-05-01 16:04:24,357 - api.orders - DEBUG - Cache hit key=user:843 ttl=1633s
2024-05-01 16:04:56,275 - payments.gateway - INFO - So'rov bajarildi: POST /api/v1/users — 1178ms
2024-05-01 16:04:56,647 - db.pool - INFO - So'rov bajarildi: POST /api/v1/orders — 2216ms
2024-05-01 16:04:57,139 - scheduler - INFO - Foydalanuvchi 633 tizimga kirdi, sessiya 9bff77a3e6ba
2024-05-01 16:04:57,435 - db.pool - ERROR - To'lov rad etildi order=89297 kod=INSUFFICIENT_FUNDS
2024-05-01 16:04:59,381 - api.auth - DEBUG - Cache hit key=user:756 ttl=1282s
2024-05-01 16:05:04,105 - worker.email - INFO - So'rov bajarildi: GET /api/v1/users — 3110ms
2024-05-01 16:05:13,681 - api.orders - INFO - Foydalanuvchi 270 tizimga kirdi, sessiya 9066eeece9cb
2024-05-01 16:05:30,789 - db.pool - WARN - Sekin so'rov: /login 3071ms chegaradan oshdi
2024-05-01 16:05:39,160 - api.orders - INFO - So'rov bajarildi: POST /api/v1/users — 2514ms
2024-05-01 16:05:47,068 - cache.redis - INFO - So'rov bajarildi: POST /login — 669ms
2024-05-01 16:05:47,693 - worker.email - INFO - Foydalanuvchi 787 tizimga kirdi, sessiya bad6824fc4e6
2024-05-01 16:05:48,908 - api.auth - DEBUG - Cache hit key=user:629 ttl=1550s
2024-05-01 16:06:00,004 - scheduler - INFO - Foydalanuvchi 409 tizimga kirdi, sessiya 09d5da1654b1
2024-05-01 16:06:03,687 - scheduler - INFO - Foydalanuvchi 93 tizimga kirdi, sessiya ae4749bae511
2024-05-01 16:06:03,940 - cache.redis - INFO - Foydalanuvchi 354 tizimga kirdi, sessiya 326bca1ae9aa
2024-05-01 16:06:18,704 - api.auth - INFO - So'rov bajarildi: POST /login — 1560ms
2024-05-01 16:06:21,388 - db.pool - DEBUG - Cache hit key=user:634 ttl=3750s
2024-05-01 16:06:26,821 - api.auth - CRITICAL - Xizmat javob bermayapti: worker-526 qayta ishga tushirilmoqda
2024-05-01 16:06:36,884 - api.auth - INFO - Foydalanuvchi 306 tizimga kirdi, sessiya 216ae1d739a8
2024-05-01 16:06:55,975 - db.pool - INFO - Buyurtma yaratildi id=24519 summa=2147240.54
2024-05-01 16:07:06,252 - api.orders - INFO - So'rov bajarildi: GET /api/v1/orders — 2387ms
2024-05-01 16:07:07,226 - payments.gateway - DEBUG - Cache hit key=user:640 ttl=2695s
2024-05-01 16:07:11,138 - db.pool - DEBUG - Cache hit key=user:735 ttl=3903s
2024-05-01 16:07:28,015 - db.pool - INFO - Buyurtma yaratildi id=11222 summa=1579459.75
2024-05-01 16:07:34,986 - cache.redis - INFO - Foydalanuvchi 231 tizimga kirdi, sessiya d61383ea2ef3
2024-05-01 16:08:18,208 - worker.email - INFO - Buyurtma yaratildi id=82258 summa=2153327.67
2024-05-01 16:08:43,765 - worker.email - INFO - Buyurtma yaratildi id=49060 summa=2103656.67
2024-05-01 16:08:48,811 - scheduler - CRITICAL - Xizmat javob bermayapti: worker-537 qayta ishga tushirilmoqda
2024-05-01 16:09:10,609 - db.pool - INFO - Foydalanuvchi 519 tizimga kirdi, sessiya 4cca78dc86ba
2024-05-01 16:09:18,997 - api.orders - DEBUG - Cache hit key=user:256 ttl=3175s
2024-05-01 16:10:12,696 - api.orders - WARN - Ulanishlar hovuzi 447% to'lgan
2024-05-01 16:10:24,537 - api.auth - WARN - Ulanishlar hovuzi 3340% to'lgan
2024-05-01 16:10:30,884 - scheduler - INFO - Buyurtma yaratildi id=39543 summa=2851372.61
2024-05-01 16:10:32,131 - cache.redis - INFO - Foydalanuvchi 343 tizimga kirdi, sessiya 7d7cbdcafb88
2024-05-01 16:10:39,171 - api.auth - WARN - Ulanishlar hovuzi 3266% to'lgan
2024-05-01 16:10:40,101 - worker.email - DEBUG - Cache hit key=user:685 ttl=1638s
2024-05-01 16:11:07,689 - scheduler - DEBUG - Cache hit key=user:883 ttl=1848s
2024-05-01 16:11:07,902 - cache.redis - INFO - Foydalanuvchi 194 tizimga kirdi, sessiya 86ba00e02a36
2024-05-01 16:11:28,176 - scheduler - ERROR - DB ulanishi uzildi: timeout after 3591ms host=db-649
2024-05-01 16:11:34,248 - api.orders - INFO - Buyurtma yaratildi id=83534 summa=1377381.85
2024-05-01 16:11:44,811 - worker.email - ERROR - To'lov rad etildi order=12498 kod=INSUFFICIENT_FUNDS
2024-05-01 16:11:57,025 - api.orders - ERROR - DB ulanishi uzildi: timeout after 1934ms host=db-882
2024-05-01 16:12:01,493 - worker.email - ERROR - DB ulanishi uzildi: timeout after 2843ms host=db-123
2024-05-01 16:12:07,441 - worker.email - DEBUG - Cache hit key=user:823 ttl=431s
2024-05-01 16:12:09,249 - db.pool - WARN - Sekin so'rov: /api/v1/orders 238ms chegaradan oshdi
2024-05-01 16:12:15,670 - api.auth - INFO - So'rov bajarildi: GET /api/v1/users — 2485ms
2024-05-01 16:12:41,043 - payments.gateway - INFO - Foydalanuvchi 573 tizimga kirdi, sessiya 9e9f25fa3f34
2024-05-01 16:12:48,448 - cache.redis - INFO - Foydalanuvchi 324 tizimga kirdi, sessiya d232f87a9488
2024-05-01 16:12:50,785 - api.orders - INFO - So'rov bajarildi: POST /api/v1/orders — 1208ms
2024-05-01 16:12:58,312 - api.auth - DEBUG - Cache hit key=user:463 ttl=3823s
2024-05-01 16:13:02,845 - scheduler - INFO - Buyurtma yaratildi id=60721 summa=2912682.14
2024-05-01 16:13:48,468 - worker.email - INFO - So'rov bajarildi: GET /login — 2094ms
2024-05-01 16:14:07,419 - api.orders - INFO - So'rov bajarildi: POST /api/v1/orders — 2073ms
2024-05-01 16:14:16,192 - api.orders - DEBUG - Cache hit key=user:506 ttl=1324s
2024-05-01 16:14:18,178 - db.pool - INFO - Foydalanuvchi 353 tizimga kirdi, sessiya 523d97434cca
2024-05-01 16:14:22,869 - worker.email - DEBUG - Cache hit key=user:293 ttl=4188s
2024-05-01 16:14:24,498 - scheduler - DEBUG - Cache hit key=user:434 ttl=2854s
2024-05-01 16:14:27,806 - db.pool - INFO - Buyurtma yaratildi id=98241 summa=2195340.54
2024-05-01 16:14:35,262 - cache.redis - INFO - Foydalanuvchi 864 tizimga kirdi, sessiya 443f206a6ab3
2024-05-01 16:14:36,043 - api.orders - ERROR - DB ulanishi uzildi: timeout after 2690ms host=db-44
2024-05-01 16:14:36,100 - worker.email - INFO - Foydalanuvchi 719 tizimga kirdi, sessiya e17e507375c6
2024-05-01 16:14:40,135 - scheduler - INFO - Buyurtma yaratildi id=55868 summa=954220.83
2024-05-01 16:14:42,855 - worker.email - INFO - So'rov bajarildi: GET /api/v1/users — 3929ms
2024-05-01 16:15:16,240 - worker.email - INFO - Foydalanuvchi 780 tizimga kirdi, sessiya dc0eb5df8789
2024-05-01 16:15:16,292 - db.pool - INFO - Foydalanuvchi 519 tizimga kirdi, sessiya 9c9c84b9efaa
2024-05-01 16:15:21,908 - api.orders - WARN - Ulanishlar hovuzi 3262% to'lgan
2024-05-01 16:15:51,284 - cache.redis - DEBUG - Cache hit key=user:714 ttl=109s
2024-05-01 16:16:00,010 - payments.gateway - INFO - So'rov bajarildi: GET /api/v1/orders — 279ms
2024-05-01 16:16:06,828 - api.auth - DEBUG - Cache hit key=user:421 ttl=1302s
2024-05-01 16:16:11,033 - scheduler - DEBUG - Cache hit key=user:600 ttl=2463s
2024-05-01 16:16:13,963 - payments.gateway - INFO - So'rov bajarildi: GET /api/v1/users — 19ms
2024-05-01 16:16:29,783 - worker.email - INFO - So'rov bajarildi: POST /api/v1/orders — 2207ms
2024-05-01 16:16:35,451 - scheduler - ERROR - To'lov rad etildi order=22067 kod=INSUFFICIENT_FUNDS
2024-05-01 16:16:37,534 - db.pool - WARN - Sekin so'rov: /api/v1/users 1130ms chegaradan oshdi
2024-05-01 16:16:40,380 - db.pool - DEBUG - Cache hit key=user:356 ttl=1805s
2024-05-01 16:16:54,287 - worker.email - WARN - Ulanishlar hovuzi 3099% to'lgan
2024-05-01 16:17:15,375 - payments.gateway - INFO - So'rov bajarildi: POST /api/v1/users — 3159ms
2024-05-01 16:17:26,744 - db.pool - INFO - Buyurtma yaratildi id=73525 summa=2236718.85
2024-05-01 16:17:35,254 - cache.redis - ERROR - DB ulanishi uzildi: timeout after 3754ms host=db-821
2024-05-01 16:17:35,349 - worker.email - DEBUG - Cache hit key=user:695 ttl=2726s
2024-05-01 16:17:40,069 - api.orders - INFO - So'rov bajarildi: POST /api/v1/orders — 3764ms
2024-05-01 16:17:55,414 - db.pool - DEBUG - Cache hit key=user:119 ttl=2629s
2024-05-01 16:18:24,253 - scheduler - DEBUG - Cache hit key=user:37 ttl=252s
2024-05-01 16:18:34,144 - scheduler - INFO - Foydalanuvchi 787 tizimga kirdi, sessiya a00897a57bc3
2024-05-01 16:18:39,574 - payments.gateway - WARN - Sekin so'rov: /login 3787ms chegaradan oshdi
2024-05-01 16:18:50,378 - payments.gateway - CRITICAL - Xizmat javob bermayapti: worker-71 qayta ishga tushirilmoqda
2024-05-01 16:18:50,727 - scheduler - INFO - So'rov bajarildi: POST /login — 843ms
2024-05-01 16:18:53,494 - payments.gateway - INFO - So'rov bajarildi: GET /login — 3355ms
2024-05-01 16:19:15,265 - cache.redis - INFO - Buyurtma yaratildi id=39281 summa=1594020.1
2024-05-01 16:19:37,073 - db.pool - INFO - So'rov bajarildi: GET /api/v1/users — 2275ms
2024-05-01 16:19:39,030 - scheduler - CRITICAL - Xizmat javob bermayapti: worker-633 qayta ishga tushirilmoqda
2024-05-01 16:19:46,419 - payments.gateway - INFO - Buyurtma yaratildi id=41886 summa=2152602.69
2024-05-01 16:19:49,089 - scheduler - WARN - Ulanishlar hovuzi 109% to'lgan
2024-05-01 16:20:12,857 - db.pool - WARN - Ulanishlar hovuzi 2458% to'lgan
2024-05-01 16:20:13,671 - cache.redis - INFO - Buyurtma yaratildi id=58825 summa=2137802.2
2024-05-01 16:20:23,343 - cache.redis - INFO - Foydalanuvchi 276 tizimga kirdi, sessiya 03e17c895e6f
2024-05-01 16:20:35,590 - db.pool - INFO - Buyurtma yaratildi id=13749 summa=1878552.44
2024-05-01 16:20:40,086 - cache.redis - INFO - So'rov bajarildi: POST /login — 58ms
2024-05-01 16:20:42,319 - worker.email - INFO - Foydalanuvchi 29 tizimga kirdi, sessiya ed5c4a4a8fd5
2024-05-01 16:20:58,066 - cache.redis - DEBUG - Cache hit key=user:225 ttl=3140s
2024-05-01 16:21:08,484 - db.pool - INFO - Foydalanuvchi 758 tizimga kirdi, sessiya 97d0b31996ce
2024-05-01 16:21:24,453 - api.orders - INFO - Foydalanuvchi 607 tizimga kirdi, sessiya 6a8d27c76096
2024-05-01 16:21:32,437 - scheduler - INFO - Foydalanuvchi 824 tizimga kirdi, sessiya 140d031d520f
2024-05-01 16:21:42,944 - db.pool - DEBUG - Cache hit key=user:176 ttl=4038s
2024-05-01 16:21:53,809 - db.pool - CRITICAL - Xizmat javob bermayapti: worker-289 qayta ishga tushirilmoqda
2024-05-01 16:22:09,110 - api.orders - DEBUG - Cache hit key=user:45 ttl=396s
2024-05-01 16:22:11,027 - api.orders - INFO - Buyurtma yaratildi id=83563 summa=3589411.9
2024-05-01 16:22:19,999 - api.orders - DEBUG - Cache hit key=user:851 ttl=113s
2024-05-01 16:22:31,646 - api.orders - INFO - Buyurtma yaratildi id=41404 summa=1307731.87
2024-05-01 16:22:33,158 - api.auth - INFO - Foydalanuvchi 897 tizimga kirdi, sessiya 9e918f49456f
2024-05-01 16:22:41,777 - cache.redis - ERROR - To'lov rad etildi order=87458 kod=INSUFFICIENT_FUNDS
2024-05-01 16:22:46,762 - api.auth - INFO - Buyurtma yaratildi id=32872 summa=3408437.96
2024-05-01 16:22:51,865 - db.pool - INFO - Foydalanuvchi 801 tizimga kirdi, sessiya 7ff23e3c5750
2024-05-01 16:22:57,986 - payments.gateway - INFO - Buyurtma yaratildi id=83986 summa=2154560.65
2024-05-01 16:23:16,423 - payments.gateway - INFO - So'rov bajarildi: POST /api/v1/orders — 1106ms
2024-05-01 16:23:28,454 - payments.gateway - INFO - So'rov bajarildi: POST /login — 711ms
2024-05-01 16:23:32,270 - payments.gateway - DEBUG - Cache hit key=user:55 ttl=2981s
2024-05-01 16:23:34,566 - worker.email - INFO - Buyurtma yaratildi id=73390 summa=1457657.16
2024-05-01 16:24:06,265 - api.orders - INFO - So'rov bajarildi: GET /api/v1/users — 3117ms
2024-05-01 16:24:12,582 - cache.redis - CRITICAL - Xizmat javob bermayapti: worker-465 qayta ishga tushirilmoqda
2024-05-01 16:24:12,985 - worker.email - WARN - Sekin so'rov: /api/v1/orders 847ms chegaradan oshdi
2024-05-01 16:24:24,369 - cache.redis - DEBUG - Cache hit key=user:643 ttl=4030s
2024-05-01 16:24:24,863 - cache.redis - CRITICAL - Xizmat javob bermayapti: worker-621 qayta ishga tushirilmoqda
2024-05-01 16:24:29,285 - worker.email - INFO - So'rov bajarildi: POST /api/v1/orders — 2955ms
2024-05-01 16:24:45,172 - db.pool - INFO - Buyurtma yaratildi id=34072 summa=726059.18
2024-05-01 16:25:15,271 - scheduler - DEBUG - Cache hit key=user:92 ttl=2481s
2024-05-01 16:25:50,305 - db.pool - INFO - So'rov bajarildi: GET /api/v1/orders — 346ms
2024-05-01 16:25:58,723 - api.auth - INFO - Foydalanuvchi 521 tizimga kirdi, sessiya ccc8730c7a16
2024-05-01 16:25:58,959 - api.orders - INFO - So'rov bajarildi: POST /login — 3946ms
2024-05-01 16:26:00,967 - api.orders - DEBUG - Cache hit key=user:61 ttl=3818s
2024-05-01 16:26:02,443 - payments.gateway - INFO - Buyurtma yaratildi id=18682 summa=2907876.33
2024-05-01 16:26:03,262 - worker.email - INFO - So'rov bajarildi: GET /api/v1/users — 947ms
2024-05-01 16:26:07,039 - payments.gateway - INFO - Foydalanuvchi 455 tizimga kirdi, sessiya f598a1e515b0
2024-05-01 16:26:07,571 - worker.email - INFO - So'rov bajarildi: GET /login — 4107ms
2024-05-01 16:26:09,129 - api.auth - ERROR - To'lov rad etildi order=49911 kod=INSUFFICIENT_FUNDS
2024-05-01 16:26:38,055 - payments.gateway - WARN - Sekin so'rov: /api/v1/orders 1951ms chegaradan oshdi
2024-05-01 16:26:39,450 - payments.gateway - INFO - So'rov bajarildi: POST /api/v1/orders — 1750ms
2024-05-01 16:26:40,672 - payments.gateway - DEBUG - Cache hit key=user:782 ttl=371s
2024-05-01 16:26:41,733 - db.pool - INFO - Foydalanuvchi 655 tizimga kirdi, sessiya 9750b9fd6c61
2024-05-01 16:26:57,047 - worker.email - INFO - So'rov bajarildi: POST /login — 3778ms
2024-05-01 16:26:59,524 - payments.gateway - INFO - So'rov bajarildi: POST /api/v1/users — 739ms
2024-05-01 16:27:09,658 - api.auth - ERROR - To'lov rad etildi order=34312 kod=INSUFFICIENT_FUNDS
2024-05-01 16:27:10,310 - payments.gateway - INFO - Foydalanuvchi 78 tizimga kirdi, sessiya e893b2817d5d
2024-05-01 16:27:15,723 - api.orders - INFO - Buyurtma yaratildi id=39782 summa=1459792.01
2024-05-01 16:27:17,220 - payments.gateway - INFO - So'rov bajarildi: POST /api/v1/orders — 2896ms
2024-05-01 16:28:11,536 - db.pool - INFO - Buyurtma yaratildi id=75626 summa=3418956.87
2024-05-01 16:28:13,249 - api.auth - ERROR - DB ulanishi uzildi: timeout after 2453ms host=db-758
2024-05-01 16:28:16,401 - scheduler - DEBUG - Cache hit key=user:43 ttl=3281s
2024-05-01 16:28:20,758 - worker.email - DEBUG - Cache hit key=user:812 ttl=284s
2024-05-01 16:28:46,819 - cache.redis - INFO - So'rov bajarildi: GET /login — 2827ms
2024-05-01 16:29:05,267 - payments.gateway - DEBUG - Cache hit key=user:175 ttl=3583s
2024-05-01 16:29:10,476 - api.auth - WARN - Sekin so'rov: /api/v1/users 645ms chegaradan oshdi
2024-05-01 16:29:20,891 - api.orders - DEBUG - Cache hit key=user:818 ttl=2809s
2024-05-01 16:29:32,225 - cache.redis - INFO - Foydalanuvchi 27 tizimga kirdi, sessiya 6562a088542f
2024-05-01 16:29:38,727 - scheduler - INFO - So'rov bajarildi: GET /login — 3583ms
2024-05-01 16:29:42,836 - worker.email - WARN - Ulanishlar hovuzi 3769% to'lgan
2024-05-01 16:29:45,245 - scheduler - INFO - Foydalanuvchi 410 tizimga kirdi, sessiya f8be7a2db8a3
2024-05-01 16:29:51,455 - db.pool - CRITICAL - Xizmat javob bermayapti: worker-556 qayta ishga tushirilmoqda
2024-05-01 16:29:52,650 - scheduler - INFO - Buyurtma yaratildi id=71238 summa=963101.65
2024-05-01 16:29:54,178 - cache.redis - INFO - So'rov bajarildi: GET /api/v1/users — 4140ms
2024-05-01 16:29:55,032 - cache.redis - INFO - Foydalanuvchi 175 tizimga kirdi, sessiya 08347fbdb24b
2024-05-01 16:29:55,176 - cache.redis - DEBUG - Cache hit key=user:764 ttl=4129s
2024-05-01 16:30:00,506 - scheduler - INFO - Foydalanuvchi 171 tizimga kirdi, sessiya d17c69479fcc
2024-05-01 16:30:11,296 - api.orders - WARN - Sekin so'rov: /login 609ms chegaradan oshdi
2024-05-01 16:30:13,022 - payments.gateway - DEBUG - Cache hit key=user:572 ttl=790s
2024-05-01 16:30:13,382 - cache.redis - DEBUG - Cache hit key=user:760 ttl=2304s
2024-05-01 16:30:13,453 - worker.email - INFO - Foydalanuvchi 730 tizimga kirdi, sessiya 5b8267a4f4c8
2024-05-01 16:30:21,528 - api.orders - INFO - Buyurtma yaratildi id=35095 summa=1636910.39
2024-05-01 16:30:26,548 - worker.email - INFO - Buyurtma yaratildi id=56035 summa=3367660.59
2024-05-01 16:30:29,194 - payments.gateway - INFO - So'rov bajarildi: POST /login — 1473ms
2024-05-01 16:30:38,139 - api.orders - WARN - Ulanishlar hovuzi 3905% to'lgan
2024-05-01 16:30:45,250 - db.pool - INFO - So'rov bajarildi: GET /login — 1305ms
2024-05-01 16:30:45,914 - api.orders - DEBUG - Cache hit key=user:295 ttl=356s
2024-05-01 16:30:50,074 - worker.email - WARN - Ulanishlar hovuzi 1525% to'lgan
2024-05-01 16:30:50,585 - api.auth - DEBUG - Cache hit key=user:459 ttl=138s
2024-05-01 16:30:50,874 - scheduler - WARN - Ulanishlar hovuzi 2157% to'lgan
2024-05-01 16:30:52,330 - api.auth - INFO - So'rov bajarildi: GET /login — 3240ms
2024-05-01 16:30:54,009 - api.orders - ERROR - To'lov rad etildi order=92161 kod=INSUFFICIENT_FUNDS
2024-05-01 16:30:59,779 - db.pool - INFO - So'rov bajarildi: GET /login — 2913ms
2024-05-01 16:31:10,964 - api.auth - INFO - Buyurtma yaratildi id=20307 summa=77461.39
2024-05-01 16:31:28,202 - worker.email - INFO - So'rov bajarildi: GET /api/v1/orders — 2515ms
2024-05-01 16:31:31,442 - db.pool - INFO - So'rov bajarildi: GET /api/v1/users — 864ms
2024-05-01 16:31:33,836 - worker.email - INFO - Foydalanuvchi 132 tizimga kirdi, sessiya 4c056cab7d4b
2024-05-01 16:31:33,940 - db.pool - INFO - So'rov bajarildi: POST /api/v1/orders — 2285ms
2024-05-01 16:31:40,952 - api.orders - DEBUG - Cache hit key=user:316 ttl=2634s
2024-05-01 16:31:53,123 - payments.gateway - INFO - Foydalanuvchi 767 tizimga kirdi, sessiya 9ad5d816bf3a
2024-05-01 16:32:22,616 - api.auth - WARN - Ulanishlar hovuzi 38% to'lgan
2024-05-01 16:32:34,454 - scheduler - INFO - Foydalanuvchi 355 tizimga kirdi, sessiya e32c611c4596
2024-05-01 16:32:37,770 - worker.email - ERROR - To'lov rad etildi order=64660 kod=INSUFFICIENT_FUNDS
2024-05-01 16:32:48,713 - worker.email - INFO - Buyurtma yaratildi id=31527 summa=2341335.32
2024-05-01 16:32:50,140 - cache.redis - INFO - So'rov bajarildi: POST /api/v1/orders — 1323ms
2024-05-01 16:32:51,125 - worker.email - INFO - So'rov bajarildi: POST /api/v1/users — 1492ms
2024-05-01 16:32:58,518 - payments.gateway - INFO - So'rov bajarildi: POST /api/v1/users — 709ms
2024-05-01 16:33:04,622 - api.auth - DEBUG - Cache hit key=user:253 ttl=1798s
2024-05-01 16:33:56,884 - api.auth - DEBUG - Cache hit key=user:181 ttl=2501s
2024-05-01 16:34:01,484 - scheduler - INFO - Foydalanuvchi 94 tizimga kirdi, sessiya a10155ab8c5b
2024-05-01 16:34:10,415 - payments.gateway - INFO - So'rov bajarildi: GET /api/v1/orders — 1305ms
2024-05-01 16:34:14,967 - scheduler - WARN - Ulanishlar hovuzi 81% to'lgan
2024-05-01 16:34:16,697 - api.orders - INFO - Foydalanuvchi 193 tizimga kirdi, sessiya f71bd5a3227b
2024-05-01 16:34:19,868 - worker.email - WARN - Ulanishlar hovuzi 2481% to'lgan
2024-05-01 16:34:26,262 - worker.email - INFO - So'rov bajarildi: POST /login — 2234ms
2024-05-01 16:34:29,141 - db.pool - ERROR - DB ulanishi uzildi: timeout after 13ms host=db-86
2024-05-01 16:34:36,237 - api.orders - INFO - So'rov bajarildi: GET /api/v1/orders — 1156ms
2024-05-01 16:34:40,685 - db.pool - ERROR - DB ulanishi uzildi: timeout after 3952ms host=db-503
2024-05-01 16:34:48,572 - worker.email - INFO - Buyurtma yaratildi id=22749 summa=818750.54
2024-05-01 16:35:00,211 - api.auth - INFO - So'rov bajarildi: POST /login — 2837ms
2024-05-01 16:35:08,012 - api.orders - INFO - So'rov bajarildi: POST /api/v1/orders — 3678ms
2024-05-01 16:35:18,184 - payments.gateway - INFO - Foydalanuvchi 345 tizimga kirdi, sessiya 9a17b91ec480
2024-05-01 16:35:18,417 - api.orders - WARN - Sekin so'rov: /api/v1/users 3676ms chegaradan oshdi
2024-05-01 16:35:21,740 - cache.redis - INFO - So'rov bajarildi: GET /login — 3686ms
2024-05-01 16:35:25,138 - cache.redis - INFO - Buyurtma yaratildi id=75697 summa=3384056.32
2024-05-01 16:35:58,481 - db.pool - DEBUG - Cache hit key=user:85 ttl=1193s
2024-05-01 16:35:58,915 - api.orders - INFO - Buyurtma yaratildi id=55998 summa=3729201.99
2024-05-01 16:36:00,208 - worker.email - INFO - Foydalanuvchi 258 tizimga kirdi, sessiya 2bc2d4d0b54d
2024-05-01 16:36:02,894 - worker.email - WARN - Ulanishlar hovuzi 427% to'lgan
2024-05-01 16:36:23,662 - api.orders - WARN - Sekin so'rov: /api/v1/users 77ms chegaradan oshdi
2024-05-01 16:36:25,919 - cache.redis - DEBUG - Cache hit key=user:232 ttl=540s
2024-05-01 16:36:26,546 - api.auth - INFO - So'rov bajarildi: GET /login — 27ms
2024-05-01 16:36:43,685 - worker.email - INFO - Foydalanuvchi 330 tizimga kirdi, sessiya b36916ceb55c
2024-05-01 16:36:50,449 - scheduler - INFO - So'rov bajarildi: GET /login — 2410ms
2024-05-01 16:36:54,115 - scheduler - DEBUG - Cache hit key=user:686 ttl=135s
2024-05-01 16:37:03,057 - api.orders - INFO - So'rov bajarildi: GET /api/v1/orders — 3225ms
2024-05-01 16:37:11,374 - scheduler - INFO - Foydalanuvchi 461 tizimga kirdi, sessiya 7edce959e568
2024-05-01 16:37:30,683 - cache.redis - CRITICAL - Xizmat javob bermayapti: worker-514 qayta ishga tushirilmoqda
2024-05-01 16:37:35,389 - db.pool - INFO - So'rov bajarildi: POST /api/v1/users — 708ms
2024-05-01 16:37:42,064 - scheduler - ERROR - To'lov rad etildi order=10480 kod=INSUFFICIENT_FUNDS
2024-05-01 16:37:51,771 - db.pool - DEBUG - Cache hit key=user:291 ttl=2739s
2024-05-01 16:38:19,074 - api.auth - INFO - Buyurtma yaratildi id=81225 summa=3242175.47
2024-05-01 16:38:40,235 - cache.redis - WARN - Ulanishlar hovuzi 2826% to'lgan
2024-05-01 16:38:44,649 - api.auth - INFO - Foydalanuvchi 776 tizimga kirdi, sessiya 086296f68d80
2024-05-01 16:38:46,244 - api.orders - INFO - So'rov bajarildi: GET /login — 3675ms
2024-05-01 16:39:05,783 - cache.redis - INFO - So'rov bajarildi: POST /api/v1/orders — 3291ms
2024-05-01 16:39:19,944 - scheduler - INFO - Buyurtma yaratildi id=14708 summa=3339441.2
2024-05-01 16:39:21,187 - api.orders - INFO - Buyurtma yaratildi id=71648 summa=26099.58
2024-05-01 16:39:39,268 - worker.email - INFO - So'rov bajarildi: GET /login — 2101ms
2024-05-01 16:39:42,074 - api.orders - INFO - Foydalanuvchi 793 tizimga kirdi, sessiya d5207d8432af
2024-05-01 16:39:56,822 - api.auth - INFO - So'rov bajarildi: POST /api/v1/orders — 3235ms
2024-05-01 16:40:03,755 - worker.email - DEBUG - Cache hit key=user:764 ttl=3249s
2024-05-01 16:40:13,335 - cache.redis - INFO - So'rov bajarildi: GET /api/v1/orders — 37ms
2024-05-01 16:40:16,360 - scheduler - WARN - Ulanishlar hovuzi 3152% to'lgan
2024-05-01 16:40:33,997 - scheduler - INFO - Foydalanuvchi 615 tizimga kirdi, sessiya 076bee5610c4
2024-05-01 16:40:44,294 - api.orders - INFO - So'rov bajarildi: GET /api/v1/users — 4031ms
2024-05-01 16:41:00,035 - api.auth - ERROR - DB ulanishi uzildi: timeout after 3332ms host=db-721
2024-05-01 16:41:00,134 - cache.redis - DEBUG - Cache hit key=user:631 ttl=2037s
2024-05-01 16:41:31,215 - scheduler - ERROR - To'lov rad etildi order=62146 kod=INSUFFICIENT_FUNDS
2024-05-01 16:41:32,591 - api.orders - INFO - So'rov bajarildi: GET /api/v1/users — 1998ms
2024-05-01 16:41:37,719 - db.pool - INFO - So'rov bajarildi: POST /login — 2831ms
2024-05-01 16:41:46,441 - worker.email - INFO - Foydalanuvchi 284 tizimga kirdi, sessiya bcb2e3120ed0
2024-05-01 16:42:01,858 - db.pool - INFO - Foydalanuvchi 108 tizimga kirdi, sessiya bcdd0518002a
2024-05-01 16:42:03,513 - api.orders - WARN - Sekin so'rov: /api/v1/users 3240ms chegaradan oshdi
2024-05-01 16:42:04,200 - scheduler - INFO - So'rov bajarildi: GET /api/v1/orders — 2899ms
2024-05-01 16:42:21,061 - api.auth - INFO - Foydalanuvchi 231 tizimga kirdi, sessiya 52e3a2994446
2024-05-01 16:42:46,431 - scheduler - INFO - Foydalanuvchi 296 tizimga kirdi, sessiya 2b8417eb8fca
2024-05-01 16:42:55,022 - payments.gateway - INFO - So'rov bajarildi: GET /api/v1/users — 999ms
2024-05-01 16:42:57,175 - api.orders - ERROR - DB ulanishi uzildi: timeout after 626ms host=db-305
2024-05-01 16:43:00,358 - db.pool - INFO - Foydalanuvchi 96 tizimga kirdi, sessiya 01379eeaf2fb
2024-05-01 16:43:05,155 - db.pool - ERROR - To'lov rad etildi order=10726 kod=INSUFFICIENT_FUNDS
2024-05-01 16:43:09,167 - payments.gateway - INFO - Foydalanuvchi 821 tizimga kirdi, sessiya 4a75f6bab50d
2024-05-01 16:43:12,559 - cache.redis - ERROR - To'lov rad etildi order=56818 kod=INSUFFICIENT_FUNDS
2024-05-01 16:43:18,760 - payments.gateway - DEBUG - Cache hit key=user:706 ttl=304s
2024-05-01 16:43:26,431 - scheduler - INFO - Buyurtma yaratildi id=39481 summa=2326924.06
2024-05-01 16:43:32,240 - cache.redis - INFO - Buyurtma yaratildi id=34824 summa=1482421.16
2024-05-01 16:43:51,893 - db.pool - INFO - Foydalanuvchi 250 tizimga kirdi, sessiya ee2f254e999c
2024-05-01 16:44:01,853 - scheduler - INFO - So'rov bajarildi: POST /login — 3778ms
2024-05-01 16:44:21,949 - api.orders - INFO - So'rov bajarildi: POST /api/v1/orders — 1648ms
2024-05-01 16:44:36,537 - worker.email - INFO - Buyurtma yaratildi id=28390 summa=1530135.39
2024-05-01 16:44:58,603 - api.auth - INFO - Foydalanuvchi 577 tizimga kirdi, sessiya a7e7f97b0161
2024-05-01 16:45:00,852 - api.orders - INFO - Buyurtma yaratildi id=31973 summa=3566104.54
2024-05-01 16:45:01,325 - cache.redis - INFO - Foydalanuvchi 113 tizimga kirdi, sessiya 45fd53920235
2024-05-01 16:45:11,952 - db.pool - INFO - Foydalanuvchi 684 tizimga kirdi, sessiya 3bec37f77a73
2024-05-01 16:45:39,302 - payments.gateway - ERROR - DB ulanishi uzildi: timeout after 1057ms host=db-113
2024-05-01 16:46:18,196 - api.auth - INFO - So'rov bajarildi: POST /login — 3385ms
2024-05-01 16:46:42,511 - api.orders - INFO - So'rov bajarildi: POST /api/v1/orders — 3267ms
2024-05-01 16:46:45,390 - api.auth - INFO - So'rov bajarildi: GET /login — 3600ms
2024-05-01 16:46:53,634 - api.orders - INFO - Foydalanuvchi 884 tizimga kirdi, sessiya 4ceaa6654b44
2024-05-01 16:47:05,350 - cache.redis - INFO - So'rov bajarildi: GET /api/v1/users — 1661ms
2024-05-01 16:47:22,239 - api.orders - INFO - So'rov bajarildi: GET /api/v1/users — 3698ms
2024-05-01 16:47:25,016 - payments.gateway - INFO - So'rov bajarildi: GET /login — 3269ms
2024-05-01 16:47:39,747 - api.orders - CRITICAL - Xizmat javob bermayapti: worker-879 qayta ishga tushirilmoqda
2024-05-01 16:47:54,045 - api.auth - WARN - Sekin so'rov: /login 2901ms chegaradan oshdi
2024-05-01 16:48:21,847 - db.pool - INFO - Foydalanuvchi 220 tizimga kirdi, sessiya 76a2a4beb09a
2024-05-01 16:48:25,695 - api.auth - INFO - So'rov bajarildi: POST /login — 1092ms
2024-05-01 16:48:31,209 - cache.redis - ERROR - DB ulanishi uzildi: timeout after 4064ms host=db-544
2024-05-01 16:48:35,253 - api.auth - INFO - Foydalanuvchi 599 tizimga kirdi, sessiya e54c6ec96256
2024-05-01 16:49:05,331 - api.orders - INFO - Foydalanuvchi 735 tizimga kirdi, sessiya 8ac3ecdd6323
2024-05-01 16:49:12,954 - api.orders - DEBUG - Cache hit key=user:537 ttl=256s
2024-05-01 16:49:13,553 - worker.email - INFO - Buyurtma yaratildi id=78401 summa=2363532.74
2024-05-01 16:49:19,450 - db.pool - INFO - So'rov bajarildi: POST /api/v1/users — 103ms
2024-05-01 16:49:36,893 - payments.gateway - INFO - So'rov bajarildi: GET /api/v1/users — 1280ms
2024-05-01 16:49:45,808 - api.orders - INFO - Buyurtma yaratildi id=91625 summa=3541781.36
2024-05-01 16:49:55,621 - cache.redis - INFO - Foydalanuvchi 269 tizimga kirdi, sessiya 54a5cc359cc9
2024-05-01 16:50:07,216 - api.auth - INFO - So'rov bajarildi: POST /login — 3713ms
2024-05-01 16:50:59,552 - api.auth - INFO - So'rov bajarildi: POST /api/v1/users — 2524ms
2024-05-01 16:51:00,654 - cache.redis - ERROR - To'lov rad etildi order=83989 kod=INSUFFICIENT_FUNDS
2024-05-01 16:51:00,761 - payments.gateway - INFO - So'rov bajarildi: POST /api/v1/orders — 1828ms
2024-05-01 16:51:03,601 - payments.gateway - INFO - So'rov bajarildi: GET /api/v1/orders — 585ms
2024-05-01 16:51:16,919 - api.auth - WARN - Sekin so'rov: /api/v1/users 519ms chegaradan oshdi
2024-05-01 16:51:26,688 - db.pool - INFO - So'rov bajarildi: GET /login — 2102ms
2024-05-01 16:51:51,028 - cache.redis - INFO - So'rov bajarildi: POST /api/v1/users — 3298ms
2024-05-01 16:52:09,648 - worker.email - INFO - So'rov bajarildi: GET /api/v1/users — 1184ms
2024-05-01 16:52:13,085 - scheduler - WARN - Ulanishlar hovuzi 2110% to'lgan
2024-05-01 16:52:44,024 - scheduler - ERROR - DB ulanishi uzildi: timeout after 1637ms host=db-183
2024-05-01 16:52:49,110 - api.orders - INFO - So'rov bajarildi: GET /login — 3676ms
2024-05-01 16:52:57,721 - payments.gateway - INFO - Buyurtma yaratildi id=62902 summa=2167876.45
2024-05-01 16:53:00,209 - worker.email - DEBUG - Cache hit key=user:396 ttl=255s
2024-05-01 16:53:02,389 - worker.email - DEBUG - Cache hit key=user:121 ttl=3746s
2024-05-01 16:53:41,779 - api.orders - INFO - So'rov bajarildi: GET /api/v1/orders — 3291ms
2024-05-01 16:53:46,731 - db.pool - WARN - Ulanishlar hovuzi 2091% to'lgan
2024-05-01 16:53:55,592 - api.orders - WARN - Sekin so'rov: /api/v1/orders 4064ms chegaradan oshdi
2024-05-01 16:53:56,082 - scheduler - INFO - Foydalanuvchi 26 tizimga kirdi, sessiya 8c15340fe47b
2024-05-01 16:54:11,238 - payments.gateway - INFO - Foydalanuvchi 422 tizimga kirdi, sessiya f5a860dfda5a
2024-05-01 16:54:11,878 - worker.email - INFO - Foydalanuvchi 832 tizimga kirdi, sessiya e402f9dd6527
2024-05-01 16:54:31,662 - api.auth - INFO - So'rov bajarildi: GET /login — 2857ms
2024-05-01 16:54:34,904 - cache.redis - DEBUG - Cache hit key=user:769 ttl=3596s
2024-05-01 16:54:44,613 - api.orders - INFO - So'rov bajarildi: GET /api/v1/orders — 1578ms
2024-05-01 16:54:52,508 - worker.email - DEBUG - Cache hit key=user:289 ttl=2258s
2024-05-01 16:54:58,653 - api.auth - INFO - So'rov bajarildi: GET /api/v1/users — 2824ms
2024-05-01 16:55:46,272 - payments.gateway - INFO - So'rov bajarildi: GET /api/v1/orders — 1857ms
2024-05-01 16:56:12,516 - worker.email - INFO - Buyurtma yaratildi id=94100 summa=3461286.85
2024-05-01 16:56:13,268 - db.pool - DEBUG - Cache hit key=user:348 ttl=1506s
2024-05-01 16:56:18,223 - api.orders - WARN - Ulanishlar hovuzi 2543% to'lgan
2024-05-01 16:56:21,490 - cache.redis - DEBUG - Cache hit key=user:80 ttl=3209s
2024-05-01 16:56:28,715 - payments.gateway - DEBUG - Cache hit key=user:249 ttl=1581s
2024-05-01 16:56:33,648 - api.orders - INFO - Foydalanuvchi 378 tizimga kirdi, sessiya d4fd71c8b37a
2024-05-01 16:56:44,775 - worker.email - DEBUG - Cache hit key=user:754 ttl=66s
2024-05-01 16:57:18,434 - worker.email - INFO - Foydalanuvchi 814 tizimga kirdi, sessiya 7b914f9f8720
2024-05-01 16:57:18,630 - api.auth - INFO - Foydalanuvchi 507 tizimga kirdi, sessiya b7edc039030b
2024-05-01 16:57:24,352 - payments.gateway - INFO - So'rov bajarildi: GET /api/v1/orders — 798ms
2024-05-01 16:57:27,400 - api.auth - INFO - Foydalanuvchi 797 tizimga kirdi, sessiya a19846192967
2024-05-01 16:57:29,990 - scheduler - WARN - Ulanishlar hovuzi 3467% to'lgan
2024-05-01 16:57:32,828 - api.orders - INFO - So'rov bajarildi: POST /api/v1/users — 4057ms
2024-05-01 16:57:50,659 - worker.email - INFO - Buyurtma yaratildi id=35313 summa=2868914.93
2024-05-01 16:57:51,556 - db.pool - DEBUG - Cache hit key=user:248 ttl=1929s
2024-05-01 16:58:00,603 - api.auth - INFO - Foydalanuvchi 225 tizimga kirdi, sessiya ed0c5a7ada88
2024-05-01 16:58:16,305 - api.orders - DEBUG - Cache hit key=user:339 ttl=3851s
2024-05-01 16:58:19,919 - cache.redis - CRITICAL - Xizmat javob bermayapti: worker-351 qayta ishga tushirilmoqda
2024-05-01 16:58:31,381 - api.auth - WARN - Ulanishlar hovuzi 3% to'lgan
2024-05-01 16:58:37,707 - worker.email - INFO - So'rov bajarildi: GET /api/v1/orders — 3431ms
2024-05-01 16:58:49,198 - payments.gateway - DEBUG - Cache hit key=user:155 ttl=3285s
2024-05-01 16:59:00,468 - db.pool - CRITICAL - Xizmat javob bermayapti: worker-212 qayta ishga tushirilmoqda
2024-05-01 16:59:03,778 - payments.gateway - INFO - Foydalanuvchi 212 tizimga kirdi, sessiya 7f105cbe76fa
2024-05-01 16:59:08,582 - db.pool - INFO - So'rov bajarildi: POST /api/v1/orders — 1166ms
2024-05-01 16:59:19,839 - api.orders - INFO - Buyurtma yaratildi id=70924 summa=862879.68
2024-05-01 16:59:28,340 - api.auth - INFO - So'rov bajarildi: GET /api/v1/orders — 3035ms
2024-05-01 16:59:37,176 - worker.email - INFO - Foydalanuvchi 395 tizimga kirdi, sessiya 5eb816ef1abd
2024-05-01 16:59:53,890 - worker.email - WARN - Ulanishlar hovuzi 2659% to'lgan
2024-05-01 16:59:55,270 - api.auth - DEBUG - Cache hit key=user:81 ttl=2356s
2024-05-01 17:00:08,304 - db.pool - DEBUG - Cache hit key=user:457 ttl=71s
2024-05-01 17:00:21,651 - api.orders - DEBUG - Cache hit key=user:493 ttl=2371s
2024-05-01 17:00:23,009 - worker.email - INFO - Foydalanuvchi 352 tizimga kirdi, sessiya eeaa5ffe8a17
2024-05-01 17:00:25,076 - scheduler - INFO - Buyurtma yaratildi id=10243 summa=3882453.49
2024-05-01 17:00:34,986 - cache.redis - INFO - So'rov bajarildi: POST /login — 3328ms
2024-05-01 17:00:37,070 - worker.email - INFO - So'rov bajarildi: POST /api/v1/orders — 888ms
2024-05-01 17:00:45,320 - api.auth - INFO - So'rov bajarildi: POST /api/v1/users — 2210ms
2024-05-01 17:00:48,197 - scheduler - INFO - So'rov bajarildi: POST /api/v1/orders — 123ms
2024-05-01 17:00:54,343 - payments.gateway - INFO - So'rov bajarildi: GET /api/v1/users — 2973ms
2024-05-01 17:01:22,104 - worker.email - WARN - Sekin so'rov: /login 1974ms chegaradan oshdi
2024-05-01 17:02:17,986 - api.orders - ERROR - To'lov rad etildi order=28679 kod=INSUFFICIENT_FUNDS
2024-05-01 17:02:19,627 - api.orders - INFO - Foydalanuvchi 39 tizimga kirdi, sessiya 18ac9250d83f
2024-05-01 17:02:26,036 - db.pool - INFO - Foydalanuvchi 198 tizimga kirdi, sessiya 9f4556e549c3
2024-05-01 17:02:29,622 - db.pool - INFO - Buyurtma yaratildi id=21677 summa=298603.63
2024-05-01 17:02:31,375 - api.auth - INFO - Foydalanuvchi 313 tizimga kirdi, sessiya d4f84bb2b953
2024-05-01 17:02:40,330 - api.orders - INFO - Foydalanuvchi 314 tizimga kirdi, sessiya ee26958799c5
2024-05-01 17:02:41,522 - worker.email - ERROR - DB ulanishi uzildi: timeout after 3731ms host=db-173
2024-05-01 17:02:44,981 - db.pool - INFO - Foydalanuvchi 296 tizimga kirdi, sessiya a6b638fa8a2e
2024-05-01 17:02:48,055 - db.pool - INFO - Foydalanuvchi 53 tizimga kirdi, sessiya 00e81d695e88
2024-05-01 17:02:48,559 - scheduler - WARN - Sekin so'rov: /login 1765ms chegaradan oshdi
2024-05-01 17:02:55,763 - db.pool - INFO - So'rov bajarildi: GET /api/v1/orders — 403ms
2024-05-01 17:03:07,366 - scheduler - INFO - So'rov bajarildi: POST /api/v1/users — 3845ms
2024-05-01 17:03:23,696 - worker.email - INFO - Foydalanuvchi 80 tizimga kirdi, sessiya f1b011f7b349
2024-05-01 17:03:45,643 - cache.redis - INFO - So'rov bajarildi: POST /api/v1/users — 3614ms
2024-05-01 17:03:54,544 - payments.gateway - INFO - Buyurtma yaratildi id=26103 summa=2934736.68
2024-05-01 17:04:03,386 - scheduler - INFO - So'rov bajarildi: GET /api/v1/orders — 1673ms
2024-05-01 17:04:04,625 - scheduler - INFO - So'rov bajarildi: POST /api/v1/orders — 1106ms
2024-05-01 17:04:12,038 - db.pool - INFO - So'rov bajarildi: GET /login — 1784ms
2024-05-01 17:04:13,894 - payments.gateway - ERROR - DB ulanishi uzildi: timeout after 273ms host=db-84
2024-05-01 17:04:16,157 - payments.gateway - INFO - Buyurtma yaratildi id=27171 summa=1668147.3
2024-05-01 17:04:18,477 - db.pool - DEBUG - Cache hit key=user:389 ttl=2360s
2024-05-01 17:04:19,506 - db.pool - INFO - So'rov bajarildi: POST /login — 90ms
2024-05-01 17:04:33,513 - payments.gateway - ERROR - DB ulanishi uzildi: timeout after 4061ms host=db-758
2024-05-01 17:04:35,217 - worker.email - INFO - Foydalanuvchi 731 tizimga kirdi, sessiya 89429feda216
2024-05-01 17:04:36,308 - cache.redis - INFO - So'rov bajarildi: GET /api/v1/users — 1967ms
2024-05-01 17:04:43,517 - api.auth - INFO - Foydalanuvchi 881 tizimga kirdi, sessiya d240bcecd589
2024-05-01 17:04:48,013 - db.pool - INFO - Foydalanuvchi 540 tizimga kirdi, sessiya af3a40f4a8f0
2024-05-01 17:04:51,794 - worker.email - INFO - Foydalanuvchi 606 tizimga kirdi, sessiya cb63033d93df
2024-05-01 17:04:51,983 - payments.gateway - INFO - So'rov bajarildi: POST /login — 3065ms
2024-05-01 17:04:57,211 - worker.email - INFO - So'rov bajarildi: POST /api/v1/orders — 2976ms
2024-05-01 17:05:04,999 - api.auth - INFO - Buyurtma yaratildi id=36618 summa=829701.27
2024-05-01 17:05:14,553 - db.pool - ERROR - DB ulanishi uzildi: timeout after 631ms host=db-787
2024-05-01 17:05:39,802 - db.pool - WARN - Sekin so'rov: /api/v1/users 506ms chegaradan oshdi
2024-05-01 17:05:45,448 - scheduler - ERROR - DB ulanishi uzildi: timeout after 3792ms host=db-734
2024-05-01 17:06:01,391 - scheduler - INFO - So'rov bajarildi: GET /api/v1/users — 340ms
2024-05-01 17:06:08,742 - worker.email - INFO - Foydalanuvchi 693 tizimga kirdi, sessiya 8efc4aae917b
2024-05-01 17:06:21,461 - scheduler - WARN - Sekin so'rov: /api/v1/users 1579ms chegaradan oshdi
2024-05-01 17:06:27,518 - scheduler - INFO - Buyurtma yaratildi id=49311 summa=652246.04
2024-05-01 17:06:27,968 - payments.gateway - INFO - Foydalanuvchi 895 tizimga kirdi, sessiya 163788e79d92
2024-05-01 17:06:30,572 - payments.gateway - ERROR - DB ulanishi uzildi: timeout after 3990ms host=db-644
2024-05-01 17:06:33,047 - cache.redis - ERROR - To'lov rad etildi order=73384 kod=INSUFFICIENT_FUNDS
2024-05-01 17:06:40,932 - worker.email - WARN - Sekin so'rov: /api/v1/orders 1696ms chegaradan oshdi
2024-05-01 17:06:51,615 - api.auth - WARN - Ulanishlar hovuzi 3811% to'lgan
2024-05-01 17:06:59,946 - api.orders - WARN - Ulanishlar hovuzi 3239% to'lgan
2024-05-01 17:07:10,957 - db.pool - INFO - Foydalanuvchi 135 tizimga kirdi, sessiya 2b136ff8449f
2024-05-01 17:07:11,400 - worker.email - INFO - Foydalanuvchi 214 tizimga kirdi, sessiya e452f708d109
2024-05-01 17:07:15,504 - scheduler - INFO - So'rov bajarildi: GET /api/v1/orders — 3540ms
2024-05-01 17:07:16,690 - api.orders - INFO - So'rov bajarildi: GET /api/v1/orders — 4090ms
2024-05-01 17:07:29,490 - api.auth - INFO - Foydalanuvchi 324 tizimga kirdi, sessiya be0729903a24
2024-05-01 17:07:39,274 - cache.redis - INFO - So'rov bajarildi: GET /api/v1/orders — 2367ms
2024-05-01 17:07:47,218 - cache.redis - INFO - Foydalanuvchi 596 tizimga kirdi, sessiya fa570ba39860
2024-05-01 17:07:52,444 - payments.gateway - ERROR - DB ulanishi uzildi: timeout after 2321ms host=db-328
2024-05-01 17:07:54,225 - db.pool - INFO - Foydalanuvchi 151 tizimga kirdi, sessiya 1271829a7b79
2024-05-01 17:08:22,074 - db.pool - INFO - Buyurtma yaratildi id=38495 summa=2812443.64
2024-05-01 17:08:38,129 - worker.email - INFO - Buyurtma yaratildi id=95082 summa=3279803.96
2024-05-01 17:08:45,263 - db.pool - INFO - Foydalanuvchi 208 tizimga kirdi, sessiya e4a1d1d1a182
2024-05-01 17:08:45,688 - api.orders - INFO - Buyurtma yaratildi id=68399 summa=2442585.09
2024-05-01 17:08:54,125 - api.orders - ERROR - DB ulanishi uzildi: timeout after 4194ms host=db-797
2024-05-01 17:08:54,755 - worker.email - WARN - Sekin so'rov: /api/v1/orders 682ms chegaradan oshdi
2024-05-01 17:08:55,139 - api.auth - INFO - Foydalanuvchi 601 tizimga kirdi, sessiya e6a57d821dad
2024-05-01 17:08:56,925 - api.auth - INFO - Buyurtma yaratildi id=95200 summa=1889126.81
2024-05-01 17:09:11,056 - api.orders - INFO - So'rov bajarildi: POST /api/v1/users — 3630ms
2024-05-01 17:09:34,362 - api.auth - INFO - Foydalanuvchi 182 tizimga kirdi, sessiya eb4b79f22003
2024-05-01 17:09:37,757 - worker.email - INFO - So'rov bajarildi: POST /api/v1/users — 1849ms
2024-05-01 17:09:44,500 - api.auth - DEBUG - Cache hit key=user:536 ttl=2270s
2024-05-01 17:09:54,177 - worker.email - INFO - Foydalanuvchi 403 tizimga kirdi, sessiya 6c2ef9de770f
2024-05-01 17:09:55,607 - api.orders - WARN - Sekin so'rov: /login 3012ms chegaradan oshdi
2024-05-01 17:10:08,510 - api.auth - INFO - So'rov bajarildi: GET /login — 390ms
2024-05-01 17:10:12,051 - api.orders - INFO - Buyurtma yaratildi id=71789 summa=1542004.71
2024-05-01 17:10:16,418 - api.auth - INFO - So'rov bajarildi: POST /api/v1/orders — 1140ms
2024-05-01 17:10:26,533 - payments.gateway - DEBUG - Cache hit key=user:684 ttl=1205s
2024-05-01 17:10:33,750 - payments.gateway - INFO - So'rov bajarildi: GET /api/v1/orders — 1329ms
2024-05-01 17:10:34,799 - db.pool - INFO - Foydalanuvchi 741 tizimga kirdi, sessiya 568fa54c6df0
2024-05-01 17:10:36,357 - worker.email - DEBUG - Cache hit key=user:153 ttl=1161s
2024-05-01 17:10:44,641 - db.pool - INFO - Foydalanuvchi 165 tizimga kirdi, sessiya 0251f71880a5
2024-05-01 17:10:47,275 - scheduler - INFO - Buyurtma yaratildi id=79091 summa=3021666.77
2024-05-01 17:10:49,864 - api.auth - INFO - Foydalanuvchi 170 tizimga kirdi, sessiya e8db7d26d2c4
2024-05-01 17:10:52,068 - db.pool - INFO - Buyurtma yaratildi id=16414 summa=3464042.83
2024-05-01 17:11:24,093 - api.orders - WARN - Sekin so'rov: /login 1188ms chegaradan oshdi
2024-05-01 17:11:46,959 - db.pool - INFO - So'rov bajarildi: GET /api/v1/orders — 1170ms
2024-05-01 17:11:48,933 - payments.gateway - ERROR - DB ulanishi uzildi: timeout after 77ms host=db-895
2024-05-01 17:11:50,288 - worker.email - INFO - Foydalanuvchi 5 tizimga kirdi, sessiya 145101a1c467
2024-05-01 17:11:50,784 - db.pool - CRITICAL - Xizmat javob bermayapti: worker-204 qayta ishga tushirilmoqda
2024-05-01 17:11:52,367 - payments.gateway - WARN - Sekin so'rov: /api/v1/users 2358ms chegaradan oshdi
2024-05-01 17:11:57,049 - worker.email - INFO - Foydalanuvchi 581 tizimga kirdi, sessiya 8493de4d599f
2024-05-01 17:12:04,443 - api.auth - INFO - Foydalanuvchi 501 tizimga kirdi, sessiya d511e804e048
2024-05-01 17:12:15,791 - cache.redis - INFO - Foydalanuvchi 371 tizimga kirdi, sessiya a1eda46b0ea2
2024-05-01 17:12:22,308 - api.orders - INFO - Buyurtma yaratildi id=97755 summa=1344136.57
2024-05-01 17:12:26,990 - cache.redis - INFO - Foydalanuvchi 360 tizimga kirdi, sessiya d2b03622f768
2024-05-01 17:12:43,705 - cache.redis - INFO - So'rov bajarildi: POST /login — 1524ms
2024-05-01 17:12:54,040 - worker.email - ERROR - DB ulanishi uzildi: timeout after 115ms host=db-675
2024-05-01 17:12:56,600 - payments.gateway - INFO - So'rov bajarildi: GET /login — 555ms
2024-05-01 17:13:04,534 - api.orders - INFO - So'rov bajarildi: POST /login — 3429ms
2024-05-01 17:13:07,103 - api.orders - INFO - Foydalanuvchi 121 tizimga kirdi, sessiya e6d161681867
2024-05-01 17:13:07,926 - cache.redis - ERROR - DB ulanishi uzildi: timeout after 3530ms host=db-229
2024-05-01 17:13:08,032 - worker.email - DEBUG - Cache hit key=user:690 ttl=3595s
2024-05-01 17:13:11,354 - worker.email - INFO - So'rov bajarildi: POST /api/v1/orders — 516ms
2024-05-01 17:13:27,828 - cache.redis - DEBUG - Cache hit key=user:781 ttl=1040s
2024-05-01 17:13:31,202 - payments.gateway - WARN - Sekin so'rov: /api/v1/users 3728ms chegaradan oshdi
2024-05-01 17:13:48,214 - db.pool - INFO - Foydalanuvchi 110 tizimga kirdi, sessiya 3c3b66871f19
2024-05-01 17:13:50,401 - cache.redis - INFO - Foydalanuvchi 306 tizimga kirdi, sessiya faeceee2dd5e
2024-05-01 17:13:52,556 - cache.redis - INFO - So'rov bajarildi: POST /api/v1/orders — 2501ms
2024-05-01 17:14:05,645 - api.auth - CRITICAL - Xizmat javob bermayapti: worker-411 qayta ishga tushirilmoqda
2024-05-01 17:14:06,245 - api.orders - INFO - Foydalanuvchi 520 tizimga kirdi, sessiya 7396c59068d6
2024-05-01 17:14:09,777 - payments.gateway - INFO - Foydalanuvchi 25 tizimga kirdi, sessiya 62c056ba5b21
2024-05-01 17:14:11,633 - cache.redis - INFO - So'rov bajarildi: POST /api/v1/users — 3073ms
2024-05-01 17:14:16,734 - payments.gateway - INFO - Foydalanuvchi 370 tizimga kirdi, sessiya 3d684bc4fdd6
2024-05-01 17:14:20,128 - scheduler - INFO - So'rov bajarildi: POST /api/v1/orders — 68ms
2024-05-01 17:14:26,901 - payments.gateway - ERROR - DB ulanishi uzildi: timeout after 2332ms host=db-859
2024-05-01 17:14:27,005 - payments.gateway - WARN - Ulanishlar hovuzi 3128% to'lgan
2024-05-01 17:14:27,047 - payments.gateway - INFO - Buyurtma yaratildi id=52058 summa=2824089.87
2024-05-01 17:14:37,668 - payments.gateway - INFO - Buyurtma yaratildi id=82864 summa=3117406.48
2024-05-01 17:14:42,598 - payments.gateway - DEBUG - Cache hit key=user:634 ttl=3181s
2024-05-01 17:14:43,856 - db.pool - DEBUG - Cache hit key=user:818 ttl=1970s
2024-05-01 17:14:56,415 - api.auth - INFO - Buyurtma yaratildi id=33588 summa=1886648.43
2024-05-01 17:15:02,334 - db.pool - INFO - Buyurtma yaratildi id=41361 summa=2047517.12
2024-05-01 17:15:26,977 - api.auth - WARN - Ulanishlar hovuzi 648% to'lgan
2024-05-01 17:15:29,883 - cache.redis - INFO - So'rov bajarildi: POST /login — 1333ms
2024-05-01 17:15:37,100 - scheduler - ERROR - DB ulanishi uzildi: timeout after 1399ms host=db-792
2024-05-01 17:15:43,638 - cache.redis - INFO - So'rov bajarildi: GET /api/v1/users — 4194ms
2024-05-01 17:15:46,148 - db.pool - INFO - Buyurtma yaratildi id=23442 summa=1337031.27
2024-05-01 17:15:53,075 - payments.gateway - INFO - So'rov bajarildi: GET /api/v1/orders — 942ms
2024-05-01 17:16:00,735 - cache.redis - INFO - So'rov bajarildi: POST /api/v1/orders — 1325ms
2024-05-01 17:16:01,490 - scheduler - INFO - So'rov bajarildi: GET /login — 1669ms
2024-05-01 17:16:05,070 - payments.gateway - DEBUG - Cache hit key=user:69 ttl=2226s
2024-05-01 17:16:10,363 - cache.redis - INFO - So'rov bajarildi: POST /api/v1/users — 4124ms
2024-05-01 17:16:11,199 - scheduler - DEBUG - Cache hit key=user:309 ttl=3696s
2024-05-01 17:16:12,547 - cache.redis - INFO - So'rov bajarildi: GET /api/v1/orders — 2306ms
2024-05-01 17:16:34,631 - db.pool - INFO - So'rov bajarildi: GET /api/v1/users — 1543ms
2024-05-01 17:16:35,452 - api.orders - WARN - Ulanishlar hovuzi 2884% to'lgan
2024-05-01 17:16:39,544 - payments.gateway - INFO - So'rov bajarildi: POST /api/v1/orders — 1487ms
2024-05-01 17:16:50,691 - cache.redis - WARN - Ulanishlar hovuzi 3674% to'lgan
2024-05-01 17:16:50,754 - api.auth - WARN - Ulanishlar hovuzi 1496% to'lgan
2024-05-01 17:16:54,393 - api.auth - INFO - Foydalanuvchi 398 tizimga kirdi, sessiya e0f82c933064
2024-05-01 17:17:10,672 - db.pool - CRITICAL - Xizmat javob bermayapti: worker-436 qayta ishga tushirilmoqda
2024-05-01 17:17:33,284 - api.orders - INFO - So'rov bajarildi: GET /api/v1/users — 77ms
2024-05-01 17:17:52,260 - worker.email - INFO - Foydalanuvchi 364 tizimga kirdi, sessiya 3ef4a2a3acd9
2024-05-01 17:17:56,725 - payments.gateway - INFO - Foydalanuvchi 619 tizimga kirdi, sessiya d2efef35467a
2024-05-01 17:18:05,614 - worker.email - WARN - Sekin so'rov: /api/v1/orders 2886ms chegaradan oshdi
2024-05-01 17:18:06,440 - api.orders - DEBUG - Cache hit key=user:221 ttl=2559s
2024-05-01 17:18:09,051 - scheduler - INFO - So'rov bajarildi: POST /api/v1/orders — 3642ms
2024-05-01 17:18:24,789 - cache.redis - INFO - So'rov bajarildi: POST /api/v1/orders — 1317ms
2024-05-01 17:18:52,170 - db.pool - INFO - Buyurtma yaratildi id=37998 summa=3439774.91
2024-05-01 17:18:52,914 - payments.gateway - INFO - So'rov bajarildi: POST /api/v1/users — 2076ms
2024-05-01 17:18:55,664 - api.orders - INFO - So'rov bajarildi: POST /api/v1/orders — 2873ms
2024-05-01 17:19:05,343 - api.orders - INFO - Buyurtma yaratildi id=83068 summa=422887.65
2024-05-01 17:19:12,581 - scheduler - CRITICAL - Xizmat javob bermayapti: worker-896 qayta ishga tushirilmoqda
2024-05-01 17:19:15,039 - api.orders - INFO - So'rov bajarildi: GET /api/v1/users — 3138ms
2024-05-01 17:19:17,212 - db.pool - INFO - So'rov bajarildi: GET /api/v1/users — 3912ms
2024-05-01 17:19:29,418 - payments.gateway - INFO - So'rov bajarildi: POST /login — 3318ms
2024-05-01 17:19:39,751 - cache.redis - DEBUG - Cache hit key=user:857 ttl=2036s
2024-05-01 17:19:40,336 - db.pool - INFO - Foydalanuvchi 729 tizimga kirdi, sessiya 734ea9b8397a
2024-05-01 17:19:56,951 - cache.redis - INFO - Buyurtma yaratildi id=11223 summa=1839131.7
2024-05-01 17:19:59,399 - payments.gateway - INFO - Foydalanuvchi 769 tizimga kirdi, sessiya 164dc0f4167a
2024-05-01 17:19:59,825 - api.auth - INFO - So'rov bajarildi: GET /api/v1/orders — 3844ms
2024-05-01 17:20:05,247 - api.auth - ERROR - DB ulanishi uzildi: timeout after 3439ms host=db-196
2024-05-01 17:20:07,887 - payments.gateway - ERROR - To'lov rad etildi order=56177 kod=INSUFFICIENT_FUNDS
2024-05-01 17:20:21,656 - db.pool - INFO - Foydalanuvchi 53 tizimga kirdi, sessiya cf774b2e31b1
2024-05-01 17:20:31,151 - api.auth - INFO - Foydalanuvchi 228 tizimga kirdi, sessiya 1b788d576eda
2024-05-01 17:20:31,577 - db.pool - INFO - Foydalanuvchi 814 tizimga kirdi, sessiya 95335af7e17b
2024-05-01 17:20:38,587 - api.auth - ERROR - DB ulanishi uzildi: timeout after 1313ms host=db-736
2024-05-01 17:20:52,873 - payments.gateway - WARN - Sekin so'rov: /api/v1/users 2927ms chegaradan oshdi
2024-05-01 17:21:17,248 - api.orders - DEBUG - Cache hit key=user:557 ttl=3665s
2024-05-01 17:21:26,031 - api.orders - DEBUG - Cache hit key=user:100 ttl=4045s
2024-05-01 17:21:35,705 - worker.email - INFO - So'rov bajarildi: POST /api/v1/orders — 988ms
2024-05-01 17:21:42,072 - db.pool - INFO - So'rov bajarildi: GET /api/v1/orders — 141ms
2024-05-01 17:21:47,893 - cache.redis - INFO - So'rov bajarildi: POST /api/v1/orders — 951ms
2024-05-01 17:21:51,231 - payments.gateway - ERROR - DB ulanishi uzildi: timeout after 3236ms host=db-322
2024-05-01 17:22:08,223 - scheduler - INFO - Buyurtma yaratildi id=10926 summa=464571.99
2024-05-01 17:22:10,399 - db.pool - WARN - Sekin so'rov: /api/v1/orders 3824ms chegaradan oshdi
2024-05-01 17:22:29,654 - scheduler - DEBUG - Cache hit key=user:470 ttl=3073s
2024-05-01 17:22:36,562 - api.auth - INFO - So'rov bajarildi: GET /api/v1/orders — 3131ms
2024-05-01 17:22:38,533 - cache.redis - DEBUG - Cache hit key=user:688 ttl=4008s
2024-05-01 17:22:44,020 - scheduler - WARN - Sekin so'rov: /api/v1/users 3420ms chegaradan oshdi
2024-05-01 17:22:58,982 - scheduler - INFO - Buyurtma yaratildi id=77135 summa=684186.72
2024-05-01 17:23:05,274 - api.auth - ERROR - DB ulanishi uzildi: timeout after 33ms host=db-154
2024-05-01 17:23:18,441 - scheduler - INFO - So'rov bajarildi: GET /login — 1831ms
2024-05-01 17:23:23,459 - payments.gateway - INFO - Foydalanuvchi 548 tizimga kirdi, sessiya f502a5defe80
2024-05-01 17:23:26,700 - api.orders - INFO - So'rov bajarildi: POST /api/v1/users — 2115ms
2024-05-01 17:23:27,322 - payments.gateway - INFO - Foydalanuvchi 107 tizimga kirdi, sessiya a35fa6754ddc
2024-05-01 17:23:41,360 - scheduler - INFO - So'rov bajarildi: POST /api/v1/users — 178ms
2024-05-01 17:23:43,086 - worker.email - INFO - So'rov bajarildi: POST /api/v1/users — 2036ms
2024-05-01 17:23:48,670 - api.orders - INFO - So'rov bajarildi: POST /api/v1/users — 3438ms
2024-05-01 17:23:58,069 - db.pool - ERROR - To'lov rad etildi order=71111 kod=INSUFFICIENT_FUNDS
2024-05-01 17:23:58,941 - worker.email - INFO - Foydalanuvchi 305 tizimga kirdi, sessiya 11235edb8033
2024-05-01 17:24:10,392 - worker.email - INFO - Foydalanuvchi 391 tizimga kirdi, sessiya 8ee0daaa1bcb
2024-05-01 17:24:13,545 - worker.email - INFO - So'rov bajarildi: POST /login — 271ms
2024-05-01 17:24:18,436 - scheduler - CRITICAL - Xizmat javob bermayapti: worker-349 qayta ishga tushirilmoqda
2024-05-01 17:24:26,225 - api.auth - INFO - Buyurtma yaratildi id=56750 summa=3268276.23
2024-05-01 17:24:32,684 - api.orders - INFO - Foydalanuvchi 9 tizimga kirdi, sessiya 925384ce36de
2024-05-01 17:24:42,239 - db.pool - INFO - Buyurtma yaratildi id=70348 summa=3875857.0
2024-05-01 17:25:09,193 - worker.email - INFO - So'rov bajarildi: POST /login — 134ms
2024-05-01 17:25:15,993 - worker.email - WARN - Sekin so'rov: /api/v1/orders 1692ms chegaradan oshdi
2024-05-01 17:25:22,429 - api.auth - INFO - So'rov bajarildi: GET /api/v1/users — 1060ms
2024-05-01 17:25:37,900 - api.orders - ERROR - DB ulanishi uzildi: timeout after 303ms host=db-157
2024-05-01 17:25:48,684 - scheduler - WARN - Sekin so'rov: /api/v1/users 3110ms chegaradan oshdi
2024-05-01 17:25:51,643 - api.orders - INFO - So'rov bajarildi: POST /api/v1/users — 3726ms
2024-05-01 17:25:57,097 - db.pool - INFO - So'rov bajarildi: GET /api/v1/users — 1685ms
2024-05-01 17:26:01,727 - scheduler - INFO - So'rov bajarildi: GET /login — 4151ms
2024-05-01 17:26:08,154 - worker.email - DEBUG - Cache hit key=user:169 ttl=3246s
2024-05-01 17:26:13,644 - payments.gateway - INFO - So'rov bajarildi: GET /api/v1/users — 1412ms
2024-05-01 17:26:19,129 - db.pool - CRITICAL - Xizmat javob bermayapti: worker-477 qayta ishga tushirilmoqda
2024-05-01 17:26:25,705 - db.pool - INFO - So'rov bajarildi: POST /login — 3433ms
2024-05-01 17:26:31,350 - payments.gateway - INFO - Foydalanuvchi 33 tizimga kirdi, sessiya 94723669ddf7
2024-05-01 17:26:43,859 - api.orders - DEBUG - Cache hit key=user:592 ttl=4175s
2024-05-01 17:26:58,621 - api.orders - INFO - So'rov bajarildi: POST /login — 870ms
2024-05-01 17:27:02,863 - worker.email - WARN - Sekin so'rov: /login 2197ms chegaradan oshdi
2024-05-01 17:27:20,841 - api.orders - WARN - Ulanishlar hovuzi 2036% to'lgan
2024-05-01 17:27:26,362 - scheduler - INFO - So'rov bajarildi: POST /login — 1986ms
2024-05-01 17:28:04,686 - db.pool - INFO - Foydalanuvchi 343 tizimga kirdi, sessiya dfb0bd1776a1
2024-05-01 17:28:11,898 - scheduler - DEBUG - Cache hit key=user:139 ttl=1903s
2024-05-01 17:28:24,150 - worker.email - INFO - So'rov bajarildi: GET /login — 3793ms
2024-05-01 17:28:29,289 - api.orders - INFO - So'rov bajarildi: GET /login — 2489ms
2024-05-01 17:28:59,634 - cache.redis - INFO - Buyurtma yaratildi id=90667 summa=368693.64
2024-05-01 17:29:06,173 - payments.gateway - INFO - Foydalanuvchi 259 tizimga kirdi, sessiya 0137211705f9
2024-05-01 17:29:10,078 - api.auth - INFO - So'rov bajarildi: POST /login — 2888ms
2024-05-01 17:29:12,803 - db.pool - INFO - So'rov bajarildi: POST /api/v1/users — 1270ms
2024-05-01 17:29:21,776 - scheduler - INFO - So'rov bajarildi: GET /login — 2440ms
2024-05-01 17:29:23,671 - db.pool - INFO - Buyurtma yaratildi id=42294 summa=2190401.92
2024-05-01 17:29:23,695 - db.pool - INFO - Foydalanuvchi 780 tizimga kirdi, sessiya b10716e89759
2024-05-01 17:29:24,820 - api.auth - CRITICAL - Xizmat javob bermayapti: worker-340 qayta ishga tushirilmoqda
2024-05-01 17:29:28,006 - api.auth - DEBUG - Cache hit key=user:265 ttl=1446s
2024-05-01 17:29:29,501 - api.orders - INFO - Foydalanuvchi 111 tizimga kirdi, sessiya 95dc7189fe4f
2024-05-01 17:29:44,240 - payments.gateway - INFO - So'rov bajarildi: GET /api/v1/orders — 478ms
2024-05-01 17:29:51,295 - worker.email - INFO - Foydalanuvchi 420 tizimga kirdi, sessiya e8cd51359a5f
2024-05-01 17:29:53,501 - payments.gateway - ERROR - DB ulanishi uzildi: timeout after 3134ms host=db-89
2024-05-01 17:29:58,585 - api.auth - INFO - So'rov bajarildi: GET /api/v1/users — 4002ms
2024-05-01 17:30:15,577 - payments.gateway - INFO - Foydalanuvchi 886 tizimga kirdi, sessiya 46017b5082fd
2024-05-01 17:30:49,662 - worker.email - INFO - So'rov bajarildi: GET /api/v1/users — 2266ms
2024-05-01 17:30:53,507 - cache.redis - INFO - So'rov bajarildi: GET /login — 2189ms
2024-05-01 17:30:53,891 - worker.email - INFO - So'rov bajarildi: POST /login — 1415ms
2024-05-01 17:30:54,210 - cache.redis - DEBUG - Cache hit key=user:726 ttl=3982s
2024-05-01 17:31:11,997 - api.auth - INFO - Foydalanuvchi 118 tizimga kirdi, sessiya af77c9fad701
2024-05-01 17:31:23,296 - cache.redis - INFO - Foydalanuvchi 54 tizimga kirdi, sessiya d16640b7955d
2024-05-01 17:31:24,727 - scheduler - WARN - Ulanishlar hovuzi 867% to'lgan
2024-05-01 17:31:30,501 - scheduler - ERROR - DB ulanishi uzildi: timeout after 2764ms host=db-838
2024-05-01 17:31:34,071 - worker.email - DEBUG - Cache hit key=user:589 ttl=2348s
2024-05-01 17:31:46,730 - db.pool - INFO - Buyurtma yaratildi id=29780 summa=2588133.62
2024-05-01 17:31:51,662 - api.orders - INFO - Foydalanuvchi 811 tizimga kirdi, sessiya a12fbb522517
2024-05-01 17:32:02,834 - cache.redis - WARN - Ulanishlar hovuzi 455% to'lgan
2024-05-01 17:32:06,521 - cache.redis - ERROR - DB ulanishi uzildi: timeout after 3919ms host=db-107
2024-05-01 17:32:18,069 - db.pool - INFO - So'rov bajarildi: GET /login — 2186ms
2024-05-01 17:32:51,286 - api.orders - INFO - Foydalanuvchi 170 tizimga kirdi, sessiya 8c279faa2f5b
2024-05-01 17:33:02,098 - db.pool - INFO - Foydalanuvchi 88 tizimga kirdi, sessiya 40fa1dbe1852
2024-05-01 17:33:07,075 - api.auth - INFO - Buyurtma yaratildi id=67427 summa=323081.67
2024-05-01 17:33:08,521 - cache.redis - INFO - So'rov bajarildi: GET /login — 3868ms
2024-05-01 17:33:09,749 - db.pool - INFO - So'rov bajarildi: POST /api/v1/users — 2075ms
2024-05-01 17:33:16,283 - db.pool - INFO - So'rov bajarildi: POST /api/v1/orders — 2200ms
2024-05-01 17:33:16,952 - db.pool - INFO - So'rov bajarildi: GET /login — 983ms
2024-05-01 17:33:18,151 - worker.email - INFO - So'rov bajarildi: POST /api/v1/users — 2560ms
2024-05-01 17:33:22,123 - worker.email - INFO - Foydalanuvchi 658 tizimga kirdi, sessiya fb80f1e8ba76
2024-05-01 17:33:38,397 - scheduler - INFO - Foydalanuvchi 10 tizimga kirdi, sessiya 394a2acced8f
2024-05-01 17:34:06,713 - payments.gateway - INFO - Foydalanuvchi 758 tizimga kirdi, sessiya 9b9136ad03da
2024-05-01 17:34:22,141 - api.auth - INFO - Foydalanuvchi 248 tizimga kirdi, sessiya 2b9044d56846
2024-05-01 17:34:22,956 - api.orders - WARN - Ulanishlar hovuzi 1514% to'lgan
2024-05-01 17:34:35,798 - cache.redis - INFO - Buyurtma yaratildi id=53325 summa=2511259.6
2024-05-01 17:35:16,629 - scheduler - ERROR - DB ulanishi uzildi: timeout after 1021ms host=db-287
2024-05-01 17:35:17,893 - cache.redis - INFO - So'rov bajarildi: GET /login — 1118ms
2024-05-01 17:35:18,320 - cache.redis - DEBUG - Cache hit key=user:467 ttl=3556s
2024-05-01 17:35:30,572 - db.pool - INFO - So'rov bajarildi: GET /api/v1/orders — 3582ms
2024-05-01 17:35:41,910 - payments.gateway - INFO - Buyurtma yaratildi id=98577 summa=1828634.26
2024-05-01 17:35:43,191 - db.pool - INFO - Foydalanuvchi 330 tizimga kirdi, sessiya b6bb6dd00e2c
2024-05-01 17:35:45,892 - worker.email - DEBUG - Cache hit key=user:739 ttl=3371s
2024-05-01 17:35:49,405 - db.pool - INFO - Foydalanuvchi 811 tizimga kirdi, sessiya 74d63abdb94c
2024-05-01 17:35:50,466 - cache.redis - INFO - Foydalanuvchi 542 tizimga kirdi, sessiya fc44a314c091
2024-05-01 17:35:58,977 - scheduler - CRITICAL - Xizmat javob bermayapti: worker-735 qayta ishga tushirilmoqda
2024-05-01 17:36:01,089 - scheduler - ERROR - DB ulanishi uzildi: timeout after 3897ms host=db-880
2024-05-01 17:36:02,307 - cache.redis - INFO - Foydalanuvchi 444 tizimga kirdi, sessiya 26f608e5e193
2024-05-01 17:36:03,601 - db.pool - DEBUG - Cache hit key=user:316 ttl=1889s
2024-05-01 17:36:08,329 - api.orders - CRITICAL - Xizmat javob bermayapti: worker-297 qayta ishga tushirilmoqda
2024-05-01 17:36:19,906 - api.orders - ERROR - DB ulanishi uzildi: timeout after 1698ms host=db-818
2024-05-01 17:36:29,800 - cache.redis - INFO - Buyurtma yaratildi id=14691 summa=447144.23
2024-05-01 17:36:54,133 - api.orders - INFO - So'rov bajarildi: GET /api/v1/orders — 2306ms
2024-05-01 17:37:05,901 - payments.gateway - INFO - So'rov bajarildi: GET /api/v1/orders — 2390ms
2024-05-01 17:37:11,073 - scheduler - INFO - Buyurtma yaratildi id=90124 summa=2622207.39
2024-05-01 17:37:14,586 - payments.gateway - INFO - So'rov bajarildi: GET /api/v1/users — 1663ms
2024-05-01 17:37:15,678 - worker.email - DEBUG - Cache hit key=user:596 ttl=476s
2024-05-01 17:37:18,006 - payments.gateway - ERROR - DB ulanishi uzildi: timeout after 1611ms host=db-358
2024-05-01 17:37:18,075 - api.orders - INFO - So'rov bajarildi: GET /api/v1/users — 2142ms
2024-05-01 17:37:18,732 - api.orders - INFO - So'rov bajarildi: GET /api/v1/users — 1675ms
2024-05-01 17:37:29,933 - scheduler - DEBUG - Cache hit key=user:270 ttl=4049s
2024-05-01 17:37:29,997 - cache.redis - DEBUG - Cache hit key=user:353 ttl=1940s
2024-05-01 17:37:47,609 - db.pool - WARN - Ulanishlar hovuzi 4116% to'lgan
2024-05-01 17:37:51,490 - worker.email - INFO - So'rov bajarildi: GET /api/v1/users — 3485ms
2024-05-01 17:37:53,819 - cache.redis - INFO - So'rov bajarildi: GET /api/v1/users — 1094ms
2024-05-01 17:38:45,625 - db.pool - INFO - Buyurtma yaratildi id=10361 summa=1379677.56
2024-05-01 17:38:50,018 - api.orders - INFO - So'rov bajarildi: POST /login — 842ms
2024-05-01 17:38:50,797 - payments.gateway - INFO - Foydalanuvchi 546 tizimga kirdi, sessiya ebb042704011
2024-05-01 17:38:54,950 - payments.gateway - DEBUG - Cache hit key=user:524 ttl=1371s
2024-05-01 17:39:06,035 - scheduler - INFO - Foydalanuvchi 198 tizimga kirdi, sessiya 3041d7c5f046
2024-05-01 17:39:19,819 - payments.gateway - INFO - Foydalanuvchi 773 tizimga kirdi, sessiya abf316fff311
2024-05-01 17:39:39,604 - scheduler - DEBUG - Cache hit key=user:227 ttl=4163s
2024-05-01 17:39:51,079 - db.pool - INFO - Buyurtma yaratildi id=54117 summa=3389072.03
2024-05-01 17:39:56,067 - payments.gateway - ERROR - To'lov rad etildi order=98047 kod=INSUFFICIENT_FUNDS
2024-05-01 17:39:57,870 - api.orders - INFO - So'rov bajarildi: POST /api/v1/users — 275ms
2024-05-01 17:40:04,552 - api.auth - INFO - So'rov bajarildi: POST /api/v1/users — 2685ms
2024-05-01 17:40:13,580 - scheduler - WARN - Sekin so'rov: /login 2422ms chegaradan oshdi
2024-05-01 17:40:48,559 - scheduler - INFO - Buyurtma yaratildi id=80487 summa=3489560.59
2024-05-01 17:41:04,483 - payments.gateway - INFO - Foydalanuvchi 792 tizimga kirdi, sessiya 152222a674fd
2024-05-01 17:41:17,413 - api.auth - DEBUG - Cache hit key=user:585 ttl=3847s
2024-05-01 17:41:21,354 - scheduler - DEBUG - Cache hit key=user:8 ttl=802s
2024-05-01 17:41:22,345 - db.pool - WARN - Sekin so'rov: /login 3528ms chegaradan oshdi
2024-05-01 17:41:30,966 - worker.email - INFO - Foydalanuvchi 748 tizimga kirdi, sessiya 97540579fa95
2024-05-01 17:41:38,554 - db.pool - INFO - Buyurtma yaratildi id=23394 summa=2907442.09
2024-05-01 17:41:41,769 - payments.gateway - INFO - Buyurtma yaratildi id=51043 summa=1753817.58
2024-05-01 17:41:44,588 - cache.redis - DEBUG - Cache hit key=user:878 ttl=3899s
2024-05-01 17:41:44,745 - worker.email - INFO - Buyurtma yaratildi id=23309 summa=3648498.13
2024-05-01 17:41:58,807 - payments.gateway - DEBUG - Cache hit key=user:603 ttl=2095s
2024-05-01 17:41:59,229 - api.auth - INFO - Buyurtma yaratildi id=50345 summa=3310334.88
2024-05-01 17:42:02,157 - db.pool - INFO - Foydalanuvchi 22 tizimga kirdi, sessiya e01cc87c790d
2024-05-01 17:42:03,290 - payments.gateway - INFO - So'rov bajarildi: POST /api/v1/orders — 2471ms
2024-05-01 17:42:37,293 - db.pool - INFO - Foydalanuvchi 131 tizimga kirdi, sessiya 9e85d5682431
2024-05-01 17:42:39,623 - cache.redis - ERROR - DB ulanishi uzildi: timeout after 3889ms host=db-708
2024-05-01 17:43:07,753 - scheduler - INFO - Foydalanuvchi 365 tizimga kirdi, sessiya 3c9c739bac98
2024-05-01 17:43:23,807 - worker.email - WARN - Sekin so'rov: /login 2417ms chegaradan oshdi
2024-05-01 17:43:25,665 - worker.email - INFO - Foydalanuvchi 133 tizimga kirdi, sessiya d9e24830f38d
2024-05-01 17:43:32,392 - payments.gateway - INFO - Foydalanuvchi 115 tizimga kirdi, sessiya 04b80b3471aa
2024-05-01 17:43:42,576 - payments.gateway - WARN - Sekin so'rov: /api/v1/users 232ms chegaradan oshdi
2024-05-01 17:43:49,470 - payments.gateway - WARN - Sekin so'rov: /api/v1/users 3715ms chegaradan oshdi
2024-05-01 17:43:51,168 - api.auth - DEBUG - Cache hit key=user:182 ttl=1686s
2024-05-01 17:44:02,192 - api.auth - WARN - Ulanishlar hovuzi 2696% to'lgan
2024-05-01 17:44:10,418 - scheduler - WARN - Sekin so'rov: /login 108ms chegaradan oshdi
2024-05-01 17:44:11,656 - payments.gateway - INFO - Foydalanuvchi 512 tizimga kirdi, sessiya b8fe1f6bc75f
2024-05-01 17:44:15,423 - api.orders - ERROR - DB ulanishi uzildi: timeout after 948ms host=db-777
2024-05-01 17:44:15,861 - api.orders - ERROR - DB ulanishi uzildi: timeout after 54ms host=db-310
2024-05-01 17:44:16,954 - payments.gateway - INFO - So'rov bajarildi: GET /login — 76ms
2024-05-01 17:44:18,767 - api.auth - INFO - So'rov bajarildi: POST /login — 2677ms
2024-05-01 17:44:27,027 - worker.email - INFO - Foydalanuvchi 473 tizimga kirdi, sessiya 36b5a1a5ebaa
2024-05-01 17:44:29,751 - scheduler - ERROR - DB ulanishi uzildi: timeout after 3900ms host=db-214
2024-05-01 17:44:32,249 - worker.email - INFO - So'rov bajarildi: POST /api/v1/users — 3242ms
2024-05-01 17:44:34,412 - worker.email - WARN - Ulanishlar hovuzi 1457% to'lgan
2024-05-01 17:44:36,383 - cache.redis - INFO - Buyurtma yaratildi id=95949 summa=420323.64
2024-05-01 17:44:45,811 - api.orders - INFO - Buyurtma yaratildi id=28300 summa=2645977.05
2024-05-01 17:45:03,229 - api.orders - INFO - So'rov bajarildi: POST /api/v1/orders — 3225ms
2024-05-01 17:45:10,985 - payments.gateway - INFO - So'rov bajarildi: GET /login — 406ms
2024-05-01 17:45:15,057 - worker.email - ERROR - DB ulanishi uzildi: timeout after 3048ms host=db-296
2024-05-01 17:45:25,692 - scheduler - INFO - Buyurtma yaratildi id=46783 summa=796216.55
2024-05-01 17:45:31,578 - cache.redis - INFO - Buyurtma yaratildi id=65308 summa=290775.06
2024-05-01 17:45:44,804 - payments.gateway - INFO - So'rov bajarildi: GET /api/v1/users — 216ms
2024-05-01 17:45:50,826 - payments.gateway - DEBUG - Cache hit key=user:788 ttl=3654s
2024-05-01 17:45:59,224 - api.orders - DEBUG - Cache hit key=user:140 ttl=2902s
2024-05-01 17:46:02,916 - api.orders - INFO - Foydalanuvchi 752 tizimga kirdi, sessiya cd0ba4aae95b
2024-05-01 17:46:06,538 - api.auth - ERROR - To'lov rad etildi order=32583 kod=INSUFFICIENT_FUNDS
2024-05-01 17:46:13,454 - api.orders - INFO - So'rov bajarildi: GET /login — 418ms
2024-05-01 17:46:26,560 - scheduler - CRITICAL - Xizmat javob bermayapti: worker-109 qayta ishga tushirilmoqda
2024-05-01 17:46:26,717 - payments.gateway - ERROR - DB ulanishi uzildi: timeout after 507ms host=db-656
2024-05-01 17:46:34,670 - worker.email - INFO - So'rov bajarildi: GET /api/v1/orders — 1732ms
2024-05-01 17:46:52,480 - payments.gateway - ERROR - DB ulanishi uzildi: timeout after 2730ms host=db-537
2024-05-01 17:46:55,688 - api.auth - INFO - So'rov bajarildi: GET /login — 2173ms
2024-05-01 17:46:56,815 - scheduler - INFO - Buyurtma yaratildi id=98472 summa=3398241.54
2024-05-01 17:46:57,615 - api.orders - DEBUG - Cache hit key=user:258 ttl=1834s
2024-05-01 17:47:16,753 - api.orders - INFO - So'rov bajarildi: POST /login — 3759ms
2024-05-01 17:47:23,642 - cache.redis - WARN - Sekin so'rov: /api/v1/orders 712ms chegaradan oshdi
2024-05-01 17:47:39,444 - scheduler - WARN - Sekin so'rov: /api/v1/orders 1188ms chegaradan oshdi
2024-05-01 17:47:49,446 - db.pool - INFO - So'rov bajarildi: POST /login — 154ms
2024-05-01 17:48:00,967 - api.auth - INFO - Foydalanuvchi 356 tizimga kirdi, sessiya 86274d64fdfb
2024-05-01 17:48:05,307 - scheduler - ERROR - DB ulanishi uzildi: timeout after 735ms host=db-431
2024-05-01 17:48:10,256 - api.auth - INFO - Foydalanuvchi 129 tizimga kirdi, sessiya b05ccd815b51
2024-05-01 17:48:16,086 - payments.gateway - WARN - Ulanishlar hovuzi 1024% to'lgan
2024-05-01 17:48:25,572 - payments.gateway - DEBUG - Cache hit key=user:817 ttl=1896s
2024-05-01 17:48:25,876 - cache.redis - INFO - So'rov bajarildi: POST /api/v1/users — 2223ms
2024-05-01 17:48:40,059 - payments.gateway - ERROR - DB ulanishi uzildi: timeout after 2745ms host=db-338
2024-05-01 17:48:46,137 - db.pool - INFO - Buyurtma yaratildi id=24936 summa=778577.55
2024-05-01 17:48:55,050 - db.pool - INFO - So'rov bajarildi: POST /login — 1403ms
2024-05-01 17:49:02,162 - cache.redis - WARN - Sekin so'rov: /api/v1/users 3065ms chegaradan oshdi
2024-05-01 17:49:06,537 - api.auth - INFO - So'rov bajarildi: POST /login — 2099ms
2024-05-01 17:49:08,031 - scheduler - INFO - Foydalanuvchi 526 tizimga kirdi, sessiya 7db1deb2a900
2024-05-01 17:49:22,000 - payments.gateway - WARN - Ulanishlar hovuzi 242% to'lgan
2024-05-01 17:49:34,253 - scheduler - INFO - So'rov bajarildi: GET /api/v1/users — 2982ms
2024-05-01 17:49:37,370 - cache.redis - INFO - So'rov bajarildi: GET /login — 1945ms
2024-05-01 17:49:39,548 - cache.redis - DEBUG - Cache hit key=user:774 ttl=1117s
2024-05-01 17:49:39,950 - scheduler - DEBUG - Cache hit key=user:104 ttl=3023s
2024-05-01 17:49:49,085 - db.pool - INFO - Foydalanuvchi 401 tizimga kirdi, sessiya 6fb53db4929d
2024-05-01 17:49:53,435 - db.pool - INFO - Foydalanuvchi 745 tizimga kirdi, sessiya 59811aebb475
2024-05-01 17:49:54,515 - db.pool - INFO - So'rov bajarildi: POST /api/v1/users — 2445ms
2024-05-01 17:50:03,085 - api.orders - INFO - Buyurtma yaratildi id=81340 summa=3016078.9
2024-05-01 17:50:03,867 - worker.email - INFO - Foydalanuvchi 2 tizimga kirdi, sessiya e18b32363183
2024-05-01 17:50:05,977 - api.auth - INFO - Buyurtma yaratildi id=70845 summa=2698699.14
2024-05-01 17:50:19,476 - scheduler - CRITICAL - Xizmat javob bermayapti: worker-793 qayta ishga tushirilmoqda
2024-05-01 17:50:35,134 - api.auth - INFO - Foydalanuvchi 371 tizimga kirdi, sessiya 5d1406a04ad2
2024-05-01 17:50:53,299 - api.orders - DEBUG - Cache hit key=user:103 ttl=623s
2024-05-01 17:50:55,313 - db.pool - INFO - Foydalanuvchi 44 tizimga kirdi, sessiya 17309b2a91a4
2024-05-01 17:50:58,945 - worker.email - WARN - Ulanishlar hovuzi 2393% to'lgan
2024-05-01 17:51:01,732 - db.pool - INFO - Buyurtma yaratildi id=29244 summa=3830395.7
2024-05-01 17:51:23,499 - scheduler - INFO - Buyurtma yaratildi id=48138 summa=3713423.94
2024-05-01 17:51:24,985 - worker.email - WARN - Sekin so'rov: /api/v1/orders 3172ms chegaradan oshdi
2024-05-01 17:51:32,665 - payments.gateway - DEBUG - Cache hit key=user:680 ttl=3740s
2024-05-01 17:51:38,569 - api.auth - INFO - Foydalanuvchi 415 tizimga kirdi, sessiya 0d27a0d6910f
2024-05-01 17:51:44,753 - scheduler - WARN - Sekin so'rov: /login 302ms chegaradan oshdi
2024-05-01 17:52:04,977 - worker.email - INFO - So'rov bajarildi: GET /api/v1/orders — 451ms
2024-05-01 17:52:06,407 - api.auth - DEBUG - Cache hit key=user:489 ttl=3309s
2024-05-01 17:52:14,544 - payments.gateway - INFO - Buyurtma yaratildi id=48879 summa=3450140.65
2024-05-01 17:52:19,099 - api.auth - INFO - Foydalanuvchi 196 tizimga kirdi, sessiya 401db821e2b0
2024-05-01 17:52:21,115 - db.pool - DEBUG - Cache hit key=user:87 ttl=684s
2024-05-01 17:52:49,339 - api.auth - INFO - So'rov bajarildi: POST /login — 3172ms
2024-05-01 17:53:10,297 - db.pool - INFO - So'rov bajarildi: GET /login — 1371ms
2024-05-01 17:53:11,961 - payments.gateway - WARN - Sekin so'rov: /login 2500ms chegaradan oshdi
2024-05-01 17:53:16,607 - api.auth - DEBUG - Cache hit key=user:558 ttl=4033s
2024-05-01 17:53:34,189 - api.orders - INFO - Foydalanuvchi 888 tizimga kirdi, sessiya 00ef28707529
2024-05-01 17:53:39,720 - api.auth - DEBUG - Cache hit key=user:210 ttl=656s
2024-05-01 17:53:45,894 - api.auth - INFO - Foydalanuvchi 717 tizimga kirdi, sessiya 191f17b80b57
2024-05-01 17:54:00,150 - api.orders - INFO - Foydalanuvchi 713 tizimga kirdi, sessiya 6469072e6648
2024-05-01 17:54:18,568 - api.auth - CRITICAL - Xizmat javob bermayapti: worker-73 qayta ishga tushirilmoqda
2024-05-01 17:54:47,830 - db.pool - INFO - So'rov bajarildi: POST /login — 2869ms
2024-05-01 17:54:54,488 - worker.email - WARN - Sekin so'rov: /api/v1/users 1925ms chegaradan oshdi
2024-05-01 17:54:59,067 - api.orders - DEBUG - Cache hit key=user:58 ttl=2713s
2024-05-01 17:55:05,259 - worker.email - INFO - Foydalanuvchi 532 tizimga kirdi, sessiya 7322da0e9c21
2024-05-01 17:55:18,243 - worker.email - WARN - Sekin so'rov: /api/v1/orders 659ms chegaradan oshdi
2024-05-01 17:55:18,382 - api.auth - DEBUG - Cache hit key=user:796 ttl=2855s
2024-05-01 17:55:19,328 - db.pool - INFO - So'rov bajarildi: POST /api/v1/orders — 359ms
2024-05-01 17:55:33,522 - db.pool - INFO - So'rov bajarildi: POST /login — 1868ms
2024-05-01 17:55:37,727 - scheduler - INFO - Foydalanuvchi 343 tizimga kirdi, sessiya 7e26a3174e41
2024-05-01 17:55:53,390 - cache.redis - INFO - So'rov bajarildi: GET /api/v1/orders — 3659ms
2024-05-01 17:56:02,724 - scheduler - INFO - Foydalanuvchi 518 tizimga kirdi, sessiya e0d07cd5bde7
2024-05-01 17:56:07,786 - db.pool - INFO - So'rov bajarildi: GET /login — 1278ms
2024-05-01 17:56:13,595 - payments.gateway - INFO - Foydalanuvchi 304 tizimga kirdi, sessiya 8c03c3abfb85
2024-05-01 17:56:38,970 - scheduler - CRITICAL - Xizmat javob bermayapti: worker-115 qayta ishga tushirilmoqda
2024-05-01 17:56:42,289 - worker.email - INFO - Foydalanuvchi 35 tizimga kirdi, sessiya 8192338c701d
2024-05-01 17:56:47,979 - worker.email - ERROR - DB ulanishi uzildi: timeout after 771ms host=db-526
2024-05-01 17:56:53,485 - worker.email - WARN - Sekin so'rov: /login 279ms chegaradan oshdi
2024-05-01 17:57:17,673 - db.pool - INFO - Foydalanuvchi 254 tizimga kirdi, sessiya f39917e98ed6
2024-05-01 17:57:19,142 - worker.email - DEBUG - Cache hit key=user:658 ttl=577s
2024-05-01 17:57:19,726 - payments.gateway - INFO - So'rov bajarildi: GET /api/v1/orders — 1834ms
2024-05-01 17:57:32,255 - payments.gateway - ERROR - DB ulanishi uzildi: timeout after 3657ms host=db-869
2024-05-01 17:57:34,092 - api.orders - INFO - Foydalanuvchi 596 tizimga kirdi, sessiya 9104311a7f6b
2024-05-01 17:57:44,246 - db.pool - DEBUG - Cache hit key=user:800 ttl=607s
2024-05-01 17:57:52,134 - payments.gateway - INFO - Foydalanuvchi 493 tizimga kirdi, sessiya c13a5588ae9c
2024-05-01 17:58:09,675 - payments.gateway - INFO - Foydalanuvchi 500 tizimga kirdi, sessiya 8d1478110046
2024-05-01 17:58:13,963 - scheduler - INFO - So'rov bajarildi: POST /api/v1/orders — 789ms
2024-05-01 17:58:20,589 - api.auth - INFO - So'rov bajarildi: POST /login — 1191ms
2024-05-01 17:58:31,149 - scheduler - DEBUG - Cache hit key=user:464 ttl=1240s
2024-05-01 17:58:44,696 - payments.gateway - INFO - So'rov bajarildi: POST /api/v1/orders — 2708ms
2024-05-01 17:58:50,541 - api.auth - WARN - Sekin so'rov: /api/v1/users 1130ms chegaradan oshdi
2024-05-01 17:58:52,445 - cache.redis - DEBUG - Cache hit key=user:116 ttl=1133s
2024-05-01 17:58:53,479 - payments.gateway - INFO - Buyurtma yaratildi id=61335 summa=562709.84
2024-05-01 17:58:59,888 - payments.gateway - ERROR - DB ulanishi uzildi: timeout after 3887ms host=db-295
2024-05-01 17:59:02,894 - payments.gateway - ERROR - DB ulanishi uzildi: timeout after 91ms host=db-879
2024-05-01 17:59:08,106 - api.auth - ERROR - DB ulanishi uzildi: timeout after 3340ms host=db-706
2024-05-01 17:59:13,202 - payments.gateway - INFO - Buyurtma yaratildi id=54249 summa=3047146.29
2024-05-01 17:59:14,526 - db.pool - DEBUG - Cache hit key=user:411 ttl=9s
2024-05-01 17:59:29,486 - worker.email - INFO - So'rov bajarildi: GET /api/v1/users — 3717ms
2024-05-01 17:59:33,710 - db.pool - INFO - So'rov bajarildi: POST /api/v1/users — 3194ms
2024-05-01 17:59:33,858 - payments.gateway - CRITICAL - Xizmat javob bermayapti: worker-456 qayta ishga tushirilmoqda
2024-05-01 17:59:44,389 - scheduler - DEBUG - Cache hit key=user:733 ttl=646s
2024-05-01 17:59:51,863 - api.auth - INFO - So'rov bajarildi: GET /login — 2063ms
2024-05-01 18:00:27,245 - cache.redis - INFO - So'rov bajarildi: GET /api/v1/orders — 792ms
2024-05-01 18:00:45,810 - cache.redis - INFO - So'rov bajarildi: POST /api/v1/users — 3746ms
2024-05-01 18:00:48,084 - db.pool - INFO - Foydalanuvchi 529 tizimga kirdi, sessiya eb03a0072ade
2024-05-01 18:00:54,833 - api.auth - INFO - So'rov bajarildi: POST /api/v1/orders — 1148ms
2024-05-01 18:00:55,100 - worker.email - INFO - So'rov bajarildi: GET /api/v1/users — 166ms
2024-05-01 18:00:56,534 - api.orders - WARN - Sekin so'rov: /api/v1/orders 1349ms chegaradan oshdi
2024-05-01 18:01:07,474 - api.orders - INFO - Foydalanuvchi 640 tizimga kirdi, sessiya 9c90ee2a7da8
2024-05-01 18:01:11,445 - api.auth - ERROR - DB ulanishi uzildi: timeout after 2903ms host=db-614
2024-05-01 18:01:13,568 - cache.redis - INFO - So'rov bajarildi: POST /login — 946ms
2024-05-01 18:01:23,143 - cache.redis - INFO - So'rov bajarildi: GET /login — 1104ms
2024-05-01 18:01:39,013 - db.pool - INFO - Buyurtma yaratildi id=43190 summa=2177071.9
2024-05-01 18:02:03,421 - db.pool - CRITICAL - Xizmat javob bermayapti: worker-512 qayta ishga tushirilmoqda
2024-05-01 18:02:10,976 - db.pool - ERROR - To'lov rad etildi order=81729 kod=INSUFFICIENT_FUNDS
2024-05-01 18:02:11,193 - cache.redis - INFO - Foydalanuvchi 135 tizimga kirdi, sessiya da6bfe16cb14
2024-05-01 18:02:13,447 - api.orders - INFO - Foydalanuvchi 307 tizimga kirdi, sessiya 515f5f7bc257
2024-05-01 18:02:15,577 - cache.redis - INFO - Buyurtma yaratildi id=91876 summa=2542098.9
2024-05-01 18:02:16,913 - worker.email - INFO - So'rov bajarildi: GET /login — 3727ms
2024-05-01 18:02:17,586 - scheduler - INFO - Foydalanuvchi 415 tizimga kirdi, sessiya 03b1ccf6c499
2024-05-01 18:02:26,280 - api.orders - INFO - So'rov bajarildi: POST /api/v1/users — 2100ms
2024-05-01 18:02:32,685 - cache.redis - WARN - Ulanishlar hovuzi 1189% to'lgan
2024-05-01 18:02:51,300 - cache.redis - INFO - Foydalanuvchi 593 tizimga kirdi, sessiya 124a61e57500
2024-05-01 18:02:54,881 - worker.email - INFO - So'rov bajarildi: POST /api/v1/users — 1392ms
2024-05-01 18:02:55,330 - cache.redis - ERROR - To'lov rad etildi order=85702 kod=INSUFFICIENT_FUNDS
2024-05-01 18:02:58,577 - db.pool - ERROR - DB ulanishi uzildi: timeout after 1470ms host=db-671
2024-05-01 18:03:28,206 - api.orders - INFO - So'rov bajarildi: POST /api/v1/orders — 3373ms
2024-05-01 18:03:46,915 - api.auth - INFO - So'rov bajarildi: POST /api/v1/orders — 473ms
2024-05-01 18:03:53,295 - payments.gateway - WARN - Ulanishlar hovuzi 453% to'lgan
2024-05-01 18:03:56,901 - payments.gateway - INFO - Foydalanuvchi 434 tizimga kirdi, sessiya 410731c4f051
2024-05-01 18:04:00,399 - api.orders - INFO - So'rov bajarildi: GET /login — 2516ms
2024-05-01 18:04:07,313 - worker.email - INFO - Foydalanuvchi 711 tizimga kirdi, sessiya 281455f503ad
2024-05-01 18:04:14,298 - api.auth - INFO - Foydalanuvchi 707 tizimga kirdi, sessiya 800dbe29324f
2024-05-01 18:04:30,960 - api.orders - INFO - So'rov bajarildi: GET /api/v1/users — 106ms
2024-05-01 18:04:39,818 - api.auth - INFO - Foydalanuvchi 518 tizimga kirdi, sessiya 6c228aec64dc
2024-05-01 18:04:43,082 - db.pool - ERROR - DB ulanishi uzildi: timeout after 2583ms host=db-860
2024-05-01 18:04:52,256 - api.auth - INFO - So'rov bajarildi: GET /api/v1/users — 1565ms
2024-05-01 18:05:11,639 - cache.redis - DEBUG - Cache hit key=user:173 ttl=3353s
2024-05-01 18:05:15,660 - db.pool - WARN - Sekin so'rov: /login 3364ms chegaradan oshdi
2024-05-01 18:05:19,523 - scheduler - ERROR - To'lov rad etildi order=62376 kod=INSUFFICIENT_FUNDS
2024-05-01 18:05:19,565 - payments.gateway - INFO - So'rov bajarildi: POST /login — 2322ms
2024-05-01 18:05:32,932 - db.pool - INFO - So'rov bajarildi: POST /login — 952ms
2024-05-01 18:05:41,634 - cache.redis - INFO - Foydalanuvchi 573 tizimga kirdi, sessiya 2f388622682a
2024-05-01 18:05:53,857 - api.orders - INFO - So'rov bajarildi: POST /api/v1/orders — 2952ms
2024-05-01 18:05:55,019 - payments.gateway - INFO - So'rov bajarildi: GET /login — 525ms
2024-05-01 18:06:00,093 - api.orders - DEBUG - Cache hit key=user:859 ttl=1232s
2024-05-01 18:06:00,881 - api.orders - INFO - Foydalanuvchi 759 tizimga kirdi, sessiya 131d6ef85317
2024-05-01 18:06:04,808 - db.pool - INFO - Foydalanuvchi 154 tizimga kirdi, sessiya 29cb1b71ac3d
2024-05-01 18:06:43,377 - api.auth - ERROR - To'lov rad etildi order=93735 kod=INSUFFICIENT_FUNDS
2024-05-01 18:07:18,934 - api.auth - WARN - Ulanishlar hovuzi 683% to'lgan
2024-05-01 18:07:29,811 - db.pool - WARN - Sekin so'rov: /api/v1/orders 874ms chegaradan oshdi
2024-05-01 18:08:06,418 - payments.gateway - WARN - Ulanishlar hovuzi 3129% to'lgan
2024-05-01 18:08:08,422 - api.auth - WARN - Sekin so'rov: /api/v1/users 1611ms chegaradan oshdi
2024-05-01 18:08:17,207 - cache.redis - INFO - So'rov bajarildi: POST /api/v1/orders — 1517ms
2024-05-01 18:08:30,901 - api.orders - INFO - Buyurtma yaratildi id=45283 summa=3583089.71
2024-05-01 18:08:56,239 - cache.redis - ERROR - DB ulanishi uzildi: timeout after 986ms host=db-245
2024-05-01 18:09:08,933 - payments.gateway - INFO - Buyurtma yaratildi id=89046 summa=1710281.71
2024-05-01 18:09:16,210 - api.orders - WARN - Ulanishlar hovuzi 1477% to'lgan
2024-05-01 18:09:26,844 - payments.gateway - DEBUG - Cache hit key=user:727 ttl=3418s
2024-05-01 18:09:32,467 - worker.email - INFO - Buyurtma yaratildi id=19891 summa=2568879.77
2024-05-01 18:09:54,406 - payments.gateway - INFO - So'rov bajarildi: GET /api/v1/users — 762ms
2024-05-01 18:09:55,321 - api.orders - INFO - Foydalanuvchi 111 tizimga kirdi, sessiya 3546c9241b5c
2024-05-01 18:10:11,595 - api.orders - INFO - So'rov bajarildi: GET /login — 1092ms
2024-05-01 18:10:19,813 - cache.redis - INFO - So'rov bajarildi: POST /api/v1/orders — 2198ms
2024-05-01 18:10:20,282 - worker.email - ERROR - DB ulanishi uzildi: timeout after 3755ms host=db-106
2024-05-01 18:10:25,039 - scheduler - INFO - Buyurtma yaratildi id=41176 summa=3192785.34
2024-05-01 18:10:28,109 - api.orders - INFO - So'rov bajarildi: GET /api/v1/orders — 3432ms
2024-05-01 18:10:35,325 - scheduler - INFO - Foydalanuvchi 676 tizimga kirdi, sessiya 482ba994d7a1
2024-05-01 18:10:58,898 - cache.redis - WARN - Sekin so'rov: /api/v1/orders 2447ms chegaradan oshdi
2024-05-01 18:11:07,538 - api.auth - INFO - So'rov bajarildi: POST /api/v1/orders — 2429ms
2024-05-01 18:11:11,582 - payments.gateway - INFO - Foydalanuvchi 562 tizimga kirdi, sessiya 4d0ada524032
2024-05-01 18:11:22,319 - api.orders - WARN - Ulanishlar hovuzi 2114% to'lgan
2024-05-01 18:11:24,127 - payments.gateway - DEBUG - Cache hit key=user:171 ttl=118s
2024-05-01 18:11:36,440 - worker.email - INFO - Buyurtma yaratildi id=59908 summa=3678008.86
2024-05-01 18:11:47,518 - api.orders - INFO - So'rov bajarildi: POST /api/v1/users — 1372ms
2024-05-01 18:11:58,767 - scheduler - INFO - Foydalanuvchi 335 tizimga kirdi, sessiya d45ab186fa8b
2024-05-01 18:11:59,892 - api.auth - ERROR - DB ulanishi uzildi: timeout after 2953ms host=db-495
2024-05-01 18:12:00,082 - db.pool - WARN - Sekin so'rov: /api/v1/users 815ms chegaradan oshdi
2024-05-01 18:12:18,669 - payments.gateway - INFO - Buyurtma yaratildi id=32872 summa=2585939.67
2024-05-01 18:12:24,164 - api.auth - INFO - So'rov bajarildi: POST /api/v1/orders — 313ms
2024-05-01 18:12:26,912 - scheduler - INFO - So'rov bajarildi: GET /api/v1/users — 1224ms
2024-05-01 18:12:47,729 - payments.gateway - INFO - So'rov bajarildi: POST /login — 3050ms
2024-05-01 18:12:53,770 - payments.gateway - INFO - So'rov bajarildi: POST /api/v1/users — 3915ms
2024-05-01 18:12:55,228 - api.orders - DEBUG - Cache hit key=user:790 ttl=3655s
2024-05-01 18:13:26,140 - db.pool - INFO - So'rov bajarildi: GET /api/v1/orders — 3398ms
2024-05-01 18:13:46,906 - payments.gateway - WARN - Ulanishlar hovuzi 3967% to'lgan
2024-05-01 18:13:53,781 - worker.email - DEBUG - Cache hit key=user:255 ttl=1647s
2024-05-01 18:14:12,470 - scheduler - ERROR - DB ulanishi uzildi: timeout after 1146ms host=db-242
2024-05-01 18:14:34,880 - worker.email - INFO - Foydalanuvchi 262 tizimga kirdi, sessiya 488a8b18fad4
2024-05-01 18:14:36,802 - payments.gateway - INFO - Buyurtma yaratildi id=85921 summa=1814761.51
2024-05-01 18:14:43,955 - payments.gateway - INFO - So'rov bajarildi: POST /api/v1/users — 1247ms
2024-05-01 18:15:10,135 - api.orders - WARN - Sekin so'rov: /api/v1/users 1232ms chegaradan oshdi
2024-05-01 18:15:16,593 - cache.redis - INFO - Buyurtma yaratildi id=27883 summa=110328.78
2024-05-01 18:15:24,391 - cache.redis - INFO - Buyurtma yaratildi id=12258 summa=1221000.18
2024-05-01 18:15:28,002 - api.auth - INFO - So'rov bajarildi: POST /api/v1/orders — 58ms
2024-05-01 18:15:29,301 - api.auth - INFO - Foydalanuvchi 450 tizimga kirdi, sessiya a7109b0da0b3
2024-05-01 18:15:30,199 - api.orders - INFO - Buyurtma yaratildi id=37818 summa=3722589.62
2024-05-01 18:15:30,895 - db.pool - INFO - So'rov bajarildi: GET /api/v1/orders — 3940ms
2024-05-01 18:15:38,359 - api.orders - INFO - Buyurtma yaratildi id=69055 summa=391050.17
2024-05-01 18:15:57,424 - cache.redis - INFO - Buyurtma yaratildi id=54027 summa=2586565.21
2024-05-01 18:16:12,527 - worker.email - INFO - Buyurtma yaratildi id=86637 summa=3610224.36
2024-05-01 18:16:15,393 - cache.redis - INFO - So'rov bajarildi: POST /login — 353ms
2024-05-01 18:16:19,007 - db.pool - INFO - So'rov bajarildi: POST /api/v1/users — 2780ms
2024-05-01 18:16:43,359 - worker.email - INFO - Foydalanuvchi 851 tizimga kirdi, sessiya 859d321a471c
2024-05-01 18:16:43,710 - worker.email - INFO - Foydalanuvchi 45 tizimga kirdi, sessiya a9f6142cca92
2024-05-01 18:16:44,528 - worker.email - ERROR - To'lov rad etildi order=44618 kod=INSUFFICIENT_FUNDS
2024-05-01 18:16:57,004 - db.pool - WARN - Sekin so'rov: /api/v1/orders 457ms chegaradan oshdi
2024-05-01 18:17:13,147 - payments.gateway - WARN - Sekin so'rov: /api/v1/orders 1810ms chegaradan oshdi
2024-05-01 18:17:31,516 - db.pool - INFO - So'rov bajarildi: POST /login — 1753ms
2024-05-01 18:17:43,738 - worker.email - INFO - Buyurtma yaratildi id=46720 summa=3504003.08
2024-05-01 18:17:46,394 - db.pool - INFO - So'rov bajarildi: POST /api/v1/users — 3355ms
2024-05-01 18:18:00,228 - scheduler - INFO - Buyurtma yaratildi id=53917 summa=3844956.43
2024-05-01 18:18:12,847 - payments.gateway - INFO - So'rov bajarildi: GET /api/v1/orders — 3736ms
2024-05-01 18:18:16,527 - worker.email - INFO - So'rov bajarildi: GET /api/v1/orders — 2987ms
2024-05-01 18:18:27,418 - payments.gateway - WARN - Ulanishlar hovuzi 2767% to'lgan
2024-05-01 18:18:31,345 - worker.email - INFO - So'rov bajarildi: GET /api/v1/users — 1297ms
2024-05-01 18:18:31,494 - api.auth - DEBUG - Cache hit key=user:563 ttl=3052s
2024-05-01 18:18:39,084 - db.pool - INFO - Foydalanuvchi 543 tizimga kirdi, sessiya d03957960739
2024-05-01 18:18:44,995 - api.orders - INFO - So'rov bajarildi: POST /api/v1/orders — 2703ms
2024-05-01 18:18:45,372 - api.auth - WARN - Sekin so'rov: /api/v1/orders 4045ms chegaradan oshdi
2024-05-01 18:18:56,623 - api.auth - ERROR - To'lov rad etildi order=11658 kod=INSUFFICIENT_FUNDS
2024-05-01 18:19:00,009 - worker.email - DEBUG - Cache hit key=user:438 ttl=1983s
2024-05-01 18:19:14,751 - scheduler - INFO - So'rov bajarildi: GET /api/v1/orders — 1023ms
2024-05-01 18:19:36,462 - scheduler - INFO - Foydalanuvchi 521 tizimga kirdi, sessiya 1604631b680d
2024-05-01 18:19:43,022 - db.pool - INFO - So'rov bajarildi: GET /login — 1956ms
2024-05-01 18:19:59,430 - api.orders - INFO - So'rov bajarildi: POST /api/v1/users — 12ms
2024-05-01 18:20:11,471 - payments.gateway - INFO - So'rov bajarildi: POST /api/v1/orders — 3152ms
2024-05-01 18:20:19,337 - payments.gateway - WARN - Ulanishlar hovuzi 2538% to'lgan
2024-05-01 18:20:22,167 - cache.redis - DEBUG - Cache hit key=user:534 ttl=504s
2024-05-01 18:20:31,654 - db.pool - DEBUG - Cache hit key=user:604 ttl=427s
2024-05-01 18:20:32,035 - worker.email - DEBUG - Cache hit key=user:253 ttl=2122s
2024-05-01 18:20:33,886 - worker.email - INFO - So'rov bajarildi: POST /api/v1/orders — 3724ms
2024-05-01 18:20:52,283 - api.orders - INFO - So'rov bajarildi: GET /api/v1/orders — 1457ms
2024-05-01 18:20:56,585 - scheduler - INFO - Foydalanuvchi 13 tizimga kirdi, sessiya c6f74ab33e5f
2024-05-01 18:21:22,174 - cache.redis - INFO - So'rov bajarildi: GET /api/v1/orders — 1745ms
2024-05-01 18:21:33,952 - api.auth - INFO - So'rov bajarildi: POST /api/v1/users — 3546ms
2024-05-01 18:21:37,747 - api.auth - INFO - Foydalanuvchi 401 tizimga kirdi, sessiya e407be2ee86b
2024-05-01 18:21:38,804 - db.pool - INFO - So'rov bajarildi: POST /login — 2033ms
2024-05-01 18:21:53,929 - api.orders - WARN - Sekin so'rov: /api/v1/orders 2974ms chegaradan oshdi
2024-05-01 18:21:55,382 - cache.redis - WARN - Sekin so'rov: /api/v1/users 3837ms chegaradan oshdi
2024-05-01 18:22:07,152 - db.pool - INFO - Foydalanuvchi 635 tizimga kirdi, sessiya 38f66300675b
2024-05-01 18:22:13,711 - scheduler - INFO - So'rov bajarildi: GET /api/v1/orders — 562ms
2024-05-01 18:22:19,804 - api.auth - INFO - So'rov bajarildi: POST /login — 3844ms
2024-05-01 18:22:21,492 - payments.gateway - ERROR - DB ulanishi uzildi: timeout after 1835ms host=db-774
2024-05-01 18:22:28,113 - api.auth - INFO - So'rov bajarildi: GET /login — 3887ms
2024-05-01 18:22:33,947 - cache.redis - INFO - Foydalanuvchi 336 tizimga kirdi, sessiya 100d06f4d8e6
2024-05-01 18:22:34,117 - worker.email - DEBUG - Cache hit key=user:621 ttl=85s
2024-05-01 18:22:43,091 - payments.gateway - INFO - Foydalanuvchi 84 tizimga kirdi, sessiya ab362985439c
2024-05-01 18:22:44,900 - api.orders - DEBUG - Cache hit key=user:253 ttl=2424s
2024-05-01 18:22:52,888 - db.pool - ERROR - To'lov rad etildi order=89001 kod=INSUFFICIENT_FUNDS
2024-05-01 18:23:07,758 - api.auth - INFO - Foydalanuvchi 143 tizimga kirdi, sessiya 2d7a31e21798
2024-05-01 18:23:17,802 - worker.email - INFO - So'rov bajarildi: GET /api/v1/users — 3363ms
2024-05-01 18:23:21,540 - cache.redis - INFO - Buyurtma yaratildi id=90868 summa=1771008.84
2024-05-01 18:23:39,892 - api.auth - INFO - So'rov bajarildi: GET /login — 2352ms
2024-05-01 18:23:50,969 - payments.gateway - INFO - So'rov bajarildi: GET /login — 2310ms
2024-05-01 18:23:56,967 - payments.gateway - INFO - So'rov bajarildi: GET /api/v1/orders — 3711ms
2024-05-01 18:24:11,335 - payments.gateway - DEBUG - Cache hit key=user:31 ttl=2572s
2024-05-01 18:24:20,681 - worker.email - INFO - So'rov bajarildi: GET /api/v1/users — 542ms
2024-05-01 18:24:33,746 - cache.redis - INFO - So'rov bajarildi: POST /login — 3771ms
2024-05-01 18:24:48,562 - api.orders - INFO - So'rov bajarildi: GET /api/v1/orders — 4193ms
2024-05-01 18:24:51,478 - api.auth - INFO - Foydalanuvchi 176 tizimga kirdi, sessiya bf72262ce9cd
2024-05-01 18:24:52,879 - worker.email - INFO - So'rov bajarildi: POST /api/v1/users — 94ms
2024-05-01 18:24:55,289 - api.auth - INFO - So'rov bajarildi: GET /api/v1/users — 3566ms
2024-05-01 18:24:56,007 - db.pool - INFO - Buyurtma yaratildi id=18322 summa=232623.18
2024-05-01 18:25:03,340 - api.orders - INFO - So'rov bajarildi: POST /api/v1/users — 2993ms
2024-05-01 18:25:04,595 - cache.redis - DEBUG - Cache hit key=user:527 ttl=1566s
2024-05-01 18:25:10,567 - payments.gateway - INFO - Foydalanuvchi 242 tizimga kirdi, sessiya 8f07f6faedc5
2024-05-01 18:25:17,411 - scheduler - INFO - Foydalanuvchi 488 tizimga kirdi, sessiya e53020fd6fdb
2024-05-01 18:25:29,970 - api.orders - WARN - Sekin so'rov: /login 2325ms chegaradan oshdi
2024-05-01 18:25:31,219 - db.pool - INFO - Buyurtma yaratildi id=75167 summa=1871579.48
2024-05-01 18:26:01,359 - db.pool - INFO - Buyurtma yaratildi id=73203 summa=2642361.67
2024-05-01 18:26:11,671 - cache.redis - INFO - Buyurtma yaratildi id=82470 summa=1523662.79
2024-05-01 18:26:33,815 - api.auth - INFO - So'rov bajarildi: GET /login — 2971ms
2024-05-01 18:26:35,261 - api.auth - WARN - Ulanishlar hovuzi 534% to'lgan
2024-05-01 18:26:36,240 - payments.gateway - DEBUG - Cache hit key=user:448 ttl=3780s
2024-05-01 18:26:36,615 - api.orders - INFO - Buyurtma yaratildi id=19740 summa=1815516.05
2024-05-01 18:26:38,637 - db.pool - WARN - Sekin so'rov: /api/v1/orders 1066ms chegaradan oshdi
2024-05-01 18:26:43,640 - api.auth - DEBUG - Cache hit key=user:318 ttl=1389s
2024-05-01 18:26:43,702 - worker.email - INFO - Foydalanuvchi 113 tizimga kirdi, sessiya d97183c17d1a
2024-05-01 18:26:47,184 - api.auth - DEBUG - Cache hit key=user:273 ttl=1706s
2024-05-01 18:27:21,999 - db.pool - INFO - Foydalanuvchi 673 tizimga kirdi, sessiya 88910e512b05
2024-05-01 18:27:24,251 - api.auth - ERROR - To'lov rad etildi order=90051 kod=INSUFFICIENT_FUNDS
2024-05-01 18:27:29,366 - db.pool - INFO - Buyurtma yaratildi id=73291 summa=1043617.78
2024-05-01 18:27:37,383 - payments.gateway - ERROR - DB ulanishi uzildi: timeout after 2645ms host=db-452
2024-05-01 18:27:59,434 - api.auth - INFO - Foydalanuvchi 29 tizimga kirdi, sessiya abd0c154826a
2024-05-01 18:28:14,846 - payments.gateway - INFO - So'rov bajarildi: POST /api/v1/orders — 601ms
2024-05-01 18:28:17,844 - scheduler - INFO - Buyurtma yaratildi id=42669 summa=1616330.41
2024-05-01 18:28:28,984 - cache.redis - INFO - Buyurtma yaratildi id=13039 summa=727099.95
2024-05-01 18:28:42,464 - db.pool - ERROR - DB ulanishi uzildi: timeout after 2323ms host=db-181
2024-05-01 18:28:48,279 - cache.redis - DEBUG - Cache hit key=user:70 ttl=3458s
2024-05-01 18:28:56,357 - scheduler - INFO - Foydalanuvchi 290 tizimga kirdi, sessiya ff4d9a99ad4c
2024-05-01 18:29:01,961 - api.orders - INFO - Foydalanuvchi 613 tizimga kirdi, sessiya 55f0a10cac90
2024-05-01 18:30:04,437 - api.auth - INFO - So'rov bajarildi: GET /api/v1/users — 2331ms
2024-05-01 18:30:11,792 - worker.email - DEBUG - Cache hit key=user:434 ttl=3230s
2024-05-01 18:30:14,051 - cache.redis - CRITICAL - Xizmat javob bermayapti: worker-777 qayta ishga tushirilmoqda
2024-05-01 18:30:26,016 - db.pool - WARN - Sekin so'rov: /api/v1/orders 2991ms chegaradan oshdi
2024-05-01 18:30:35,997 - worker.email - INFO - Foydalanuvchi 285 tizimga kirdi, sessiya 17c4fd7fdd13
2024-05-01 18:30:36,618 - payments.gateway - DEBUG - Cache hit key=user:833 ttl=1821s
2024-05-01 18:30:38,613 - cache.redis - INFO - Buyurtma yaratildi id=67103 summa=3670438.44
2024-05-01 18:30:54,218 - api.auth - INFO - Buyurtma yaratildi id=16315 summa=1601470.52
2024-05-01 18:31:08,047 - cache.redis - ERROR - To'lov rad etildi order=52985 kod=INSUFFICIENT_FUNDS
2024-05-01 18:31:14,983 - db.pool - INFO - So'rov bajarildi: POST /login — 2717ms
2024-05-01 18:31:29,385 - payments.gateway - WARN - Sekin so'rov: /login 3577ms chegaradan oshdi
2024-05-01 18:31:35,097 - api.auth - INFO - Buyurtma yaratildi id=66967 summa=1181003.52
2024-05-01 18:31:43,120 - cache.redis - INFO - So'rov bajarildi: GET /api/v1/users — 1407ms
2024-05-01 18:31:46,832 - scheduler - DEBUG - Cache hit key=user:865 ttl=3299s
2024-05-01 18:31:52,696 - api.orders - WARN - Sekin so'rov: /api/v1/users 1077ms chegaradan oshdi
2024-05-01 18:31:53,485 - worker.email - INFO - So'rov bajarildi: GET /api/v1/orders — 3227ms
2024-05-01 18:31:56,993 - payments.gateway - INFO - Foydalanuvchi 137 tizimga kirdi, sessiya a8ec3691dcbb
2024-05-01 18:32:06,665 - db.pool - INFO - Foydalanuvchi 227 tizimga kirdi, sessiya 1815c49c2cff
2024-05-01 18:32:07,241 - payments.gateway - DEBUG - Cache hit key=user:121 ttl=2196s
2024-05-01 18:32:32,656 - api.auth - INFO - Buyurtma yaratildi id=46551 summa=2962629.45
2024-05-01 18:32:35,093 - cache.redis - INFO - So'rov bajarildi: GET /api/v1/users — 1269ms
2024-05-01 18:32:44,454 - api.auth - WARN - Ulanishlar hovuzi 3987% to'lgan
2024-05-01 18:33:21,708 - api.auth - INFO - So'rov bajarildi: POST /api/v1/users — 3583ms
2024-05-01 18:33:26,067 - db.pool - ERROR - To'lov rad etildi order=94545 kod=INSUFFICIENT_FUNDS
2024-05-01 18:33:43,109 - db.pool - INFO - So'rov bajarildi: GET /api/v1/orders — 1937ms
2024-05-01 18:33:43,644 - scheduler - INFO - So'rov bajarildi: GET /api/v1/users — 1789ms
2024-05-01 18:33:53,849 - payments.gateway - INFO - Foydalanuvchi 366 tizimga kirdi, sessiya b9be28f9663b
2024-05-01 18:33:54,983 - db.pool - INFO - Foydalanuvchi 551 tizimga kirdi, sessiya 5674e08d4f6c
2024-05-01 18:34:23,406 - api.auth - INFO - Foydalanuvchi 746 tizimga kirdi, sessiya 3aed14fefc77
2024-05-01 18:34:44,669 - payments.gateway - INFO - So'rov bajarildi: POST /api/v1/users — 1462ms
2024-05-01 18:34:45,594 - api.auth - INFO - So'rov bajarildi: POST /login — 2723ms
2024-05-01 18:35:15,874 - db.pool - INFO - Buyurtma yaratildi id=37542 summa=230981.51
2024-05-01 18:35:17,152 - api.auth - INFO - So'rov bajarildi: POST /api/v1/orders — 3638ms
2024-05-01 18:35:34,007 - api.auth - INFO - Foydalanuvchi 289 tizimga kirdi, sessiya 29b385ca3fa0
2024-05-01 18:35:40,129 - api.auth - ERROR - To'lov rad etildi order=62674 kod=INSUFFICIENT_FUNDS
2024-05-01 18:35:43,451 - api.auth - DEBUG - Cache hit key=user:450 ttl=2923s
2024-05-01 18:35:54,777 - worker.email - ERROR - DB ulanishi uzildi: timeout after 4193ms host=db-809
2024-05-01 18:35:59,240 - payments.gateway - WARN - Ulanishlar hovuzi 919% to'lgan
2024-05-01 18:35:59,512 - db.pool - INFO - Buyurtma yaratildi id=73905 summa=1323913.91
2024-05-01 18:36:18,208 - cache.redis - INFO - Buyurtma yaratildi id=84211 summa=1112550.26
2024-05-01 18:36:44,843 - db.pool - INFO - Buyurtma yaratildi id=48420 summa=1217587.05
2024-05-01 18:36:56,099 - worker.email - INFO - So'rov bajarildi: POST /login — 3521ms
2024-05-01 18:37:11,654 - db.pool - INFO - So'rov bajarildi: POST /api/v1/users — 3553ms
2024-05-01 18:37:34,384 - cache.redis - INFO - So'rov bajarildi: GET /login — 4081ms
2024-05-01 18:38:16,499 - payments.gateway - INFO - Buyurtma yaratildi id=65404 summa=423568.32
2024-05-01 18:38:21,984 - db.pool - ERROR - To'lov rad etildi order=88325 kod=INSUFFICIENT_FUNDS
2024-05-01 18:38:35,865 - worker.email - DEBUG - Cache hit key=user:373 ttl=3050s
2024-05-01 18:38:39,848 - cache.redis - INFO - So'rov bajarildi: POST /api/v1/users — 701ms
2024-05-01 18:38:44,355 - scheduler - INFO - So'rov bajarildi: GET /api/v1/orders — 3141ms
2024-05-01 18:38:46,878 - api.orders - INFO - So'rov bajarildi: POST /login — 3799ms
2024-05-01 18:38:48,071 - api.orders - DEBUG - Cache hit key=user:651 ttl=2842s
2024-05-01 18:38:55,501 - db.pool - INFO - So'rov bajarildi: GET /api/v1/users — 4035ms
2024-05-01 18:39:01,040 - scheduler - DEBUG - Cache hit key=user:491 ttl=2460s
2024-05-01 18:39:01,992 - scheduler - INFO - So'rov bajarildi: GET /api/v1/users — 3276ms
2024-05-01 18:39:06,644 - cache.redis - INFO - So'rov bajarildi: GET /login — 1794ms
2024-05-01 18:39:07,854 - cache.redis - INFO - Foydalanuvchi 824 tizimga kirdi, sessiya 26f20f6f7c75
2024-05-01 18:39:09,362 - scheduler - INFO - Buyurtma yaratildi id=96102 summa=839722.87
2024-05-01 18:39:10,257 - api.orders - INFO - Buyurtma yaratildi id=83652 summa=3049634.73
2024-05-01 18:39:26,027 - api.auth - DEBUG - Cache hit key=user:359 ttl=2178s
2024-05-01 18:39:28,569 - payments.gateway - WARN - Sekin so'rov: /api/v1/users 1783ms chegaradan oshdi
2024-05-01 18:39:36,353 - cache.redis - ERROR - DB ulanishi uzildi: timeout after 3040ms host=db-542
2024-05-01 18:40:04,666 - worker.email - DEBUG - Cache hit key=user:78 ttl=1954s
2024-05-01 18:40:09,045 - db.pool - INFO - So'rov bajarildi: GET /login — 425ms
2024-05-01 18:40:09,200 - api.orders - INFO - Foydalanuvchi 445 tizimga kirdi, sessiya c554190d2196
2024-05-01 18:40:12,268 - db.pool - INFO - So'rov bajarildi: POST /api/v1/orders — 3423ms
2024-05-01 18:40:23,435 - api.auth - WARN - Ulanishlar hovuzi 1527% to'lgan
2024-05-01 18:40:32,943 - db.pool - INFO - So'rov bajarildi: GET /login — 2373ms
2024-05-01 18:40:35,487 - api.orders - DEBUG - Cache hit key=user:101 ttl=2758s
2024-05-01 18:40:47,290 - cache.redis - INFO - So'rov bajarildi: GET /login — 726ms
2024-05-01 18:40:54,416 - payments.gateway - INFO - So'rov bajarildi: GET /api/v1/orders — 675ms
2024-05-01 18:41:10,845 - cache.redis - INFO - So'rov bajarildi: POST /api/v1/users — 2155ms
2024-05-01 18:41:21,976 - api.auth - INFO - Foydalanuvchi 30 tizimga kirdi, sessiya 1bbdf0024633
2024-05-01 18:41:29,467 - cache.redis - INFO - Foydalanuvchi 730 tizimga kirdi, sessiya 19e34731780c
2024-05-01 18:41:36,270 - db.pool - INFO - Foydalanuvchi 571 tizimga kirdi, sessiya 7c94c97160e8
2024-05-01 18:41:39,179 - payments.gateway - WARN - Ulanishlar hovuzi 1985% to'lgan
2024-05-01 18:41:59,566 - payments.gateway - INFO - Foydalanuvchi 280 tizimga kirdi, sessiya 65838ab8d19b
2024-05-01 18:41:59,572 - worker.email - INFO - So'rov bajarildi: POST /api/v1/users — 883ms
2024-05-01 18:42:12,486 - worker.email - INFO - So'rov bajarildi: POST /api/v1/orders — 3145ms
2024-05-01 18:42:17,503 - payments.gateway - INFO - So'rov bajarildi: GET /api/v1/users — 3372ms
2024-05-01 18:42:19,495 - api.auth - INFO - Buyurtma yaratildi id=22874 summa=1021981.35
2024-05-01 18:42:30,088 - worker.email - DEBUG - Cache hit key=user:140 ttl=3789s
2024-05-01 18:42:47,963 - api.auth - INFO - Foydalanuvchi 517 tizimga kirdi, sessiya c9909b05e4fa
2024-05-01 18:42:51,097 - api.auth - INFO - So'rov bajarildi: GET /api/v1/orders — 51ms
2024-05-01 18:42:54,762 - worker.email - DEBUG - Cache hit key=user:830 ttl=258s
2024-05-01 18:43:01,818 - payments.gateway - INFO - Foydalanuvchi 744 tizimga kirdi, sessiya 6744676f17b2
2024-05-01 18:43:02,267 - api.auth - INFO - So'rov bajarildi: GET /api/v1/users — 2691ms
2024-05-01 18:43:03,863 - payments.gateway - INFO - So'rov bajarildi: GET /api/v1/users — 3664ms
2024-05-01 18:43:08,486 - payments.gateway - INFO - So'rov bajarildi: POST /api/v1/users — 3809ms
2024-05-01 18:43:22,146 - scheduler - INFO - Foydalanuvchi 155 tizimga kirdi, sessiya 082a743f5325
2024-05-01 18:43:31,483 - cache.redis - INFO - So'rov bajarildi: POST /api/v1/users — 883ms
2024-05-01 18:43:36,751 - db.pool - WARN - Ulanishlar hovuzi 704% to'lgan
2024-05-01 18:44:06,083 - worker.email - INFO - Foydalanuvchi 342 tizimga kirdi, sessiya 4626bdb78ac6
2024-05-01 18:44:06,844 - worker.email - WARN - Sekin so'rov: /login 3366ms chegaradan oshdi
2024-05-01 18:44:08,719 - api.orders - ERROR - To'lov rad etildi order=39562 kod=INSUFFICIENT_FUNDS
2024-05-01 18:44:09,979 - worker.email - INFO - Buyurtma yaratildi id=24048 summa=3073412.05
2024-05-01 18:44:12,439 - payments.gateway - ERROR - DB ulanishi uzildi: timeout after 2233ms host=db-132
2024-05-01 18:44:28,320 - worker.email - WARN - Ulanishlar hovuzi 2038% to'lgan
2024-05-01 18:44:32,726 - payments.gateway - INFO - So'rov bajarildi: GET /login — 3918ms
2024-05-01 18:44:33,035 - cache.redis - INFO - Foydalanuvchi 563 tizimga kirdi, sessiya b417b1367121
2024-05-01 18:44:39,130 - db.pool - INFO - Foydalanuvchi 687 tizimga kirdi, sessiya 6b33d8cbacb9
2024-05-01 18:44:40,208 - scheduler - DEBUG - Cache hit key=user:153 ttl=2356s
2024-05-01 18:45:09,174 - scheduler - INFO - So'rov bajarildi: GET /api/v1/users — 171ms
2024-05-01 18:45:21,891 - cache.redis - INFO - So'rov bajarildi: POST /api/v1/users — 1259ms
2024-05-01 18:45:23,889 - worker.email - INFO - Buyurtma yaratildi id=57123 summa=3165312.09
2024-05-01 18:45:25,318 - scheduler - DEBUG - Cache hit key=user:339 ttl=550s
2024-05-01 18:45:37,923 - payments.gateway - INFO - Foydalanuvchi 855 tizimga kirdi, sessiya 93d83ec1f9f1
2024-05-01 18:45:42,130 - scheduler - DEBUG - Cache hit key=user:852 ttl=646s
2024-05-01 18:45:59,794 - db.pool - DEBUG - Cache hit key=user:430 ttl=3194s
2024-05-01 18:46:02,295 - worker.email - INFO - Foydalanuvchi 122 tizimga kirdi, sessiya 3bc5f008bce3
2024-05-01 18:46:08,650 - cache.redis - INFO - Foydalanuvchi 422 tizimga kirdi, sessiya 384830d85022
2024-05-01 18:46:13,914 - payments.gateway - INFO - So'rov bajarildi: GET /api/v1/users — 404ms
2024-05-01 18:46:15,633 - payments.gateway - INFO - Buyurtma yaratildi id=63186 summa=499433.06
2024-05-01 18:46:30,710 - payments.gateway - ERROR - DB ulanishi uzildi: timeout after 1302ms host=db-264
2024-05-01 18:46:30,950 - payments.gateway - INFO - So'rov bajarildi: GET /login — 2905ms
2024-05-01 18:46:35,332 - scheduler - ERROR - To'lov rad etildi order=95873 kod=INSUFFICIENT_FUNDS
2024-05-01 18:46:41,764 - scheduler - DEBUG - Cache hit key=user:375 ttl=1665s
2024-05-01 18:46:42,607 - scheduler - ERROR - DB ulanishi uzildi: timeout after 1700ms host=db-443
2024-05-01 18:46:45,539 - api.auth - INFO - So'rov bajarildi: GET /login — 301ms
2024-05-01 18:46:49,783 - cache.redis - INFO - Buyurtma yaratildi id=31774 summa=2291494.6
2024-05-01 18:46:57,848 - payments.gateway - DEBUG - Cache hit key=user:593 ttl=2045s
2024-05-01 18:47:00,452 - cache.redis - INFO - So'rov bajarildi: POST /login — 2353ms
2024-05-01 18:47:11,977 - db.pool - INFO - Buyurtma yaratildi id=75666 summa=3185976.05
2024-05-01 18:47:19,965 - api.orders - INFO - So'rov bajarildi: GET /api/v1/orders — 1412ms
2024-05-01 18:47:48,852 - worker.email - INFO - So'rov bajarildi: POST /api/v1/orders — 1168ms
2024-05-01 18:47:54,847 - scheduler - ERROR - DB ulanishi uzildi: timeout after 2819ms host=db-658
2024-05-01 18:48:06,640 - payments.gateway - INFO - So'rov bajarildi: GET /api/v1/orders — 1663ms
2024-05-01 18:48:19,290 - db.pool - CRITICAL - Xizmat javob bermayapti: worker-507 qayta ishga tushirilmoqda
2024-05-01 18:48:46,354 - scheduler - ERROR - To'lov rad etildi order=10564 kod=INSUFFICIENT_FUNDS
2024-05-01 18:48:49,882 - api.auth - INFO - So'rov bajarildi: POST /login — 209ms
2024-05-01 18:48:50,704 - payments.gateway - INFO - Foydalanuvchi 279 tizimga kirdi, sessiya 5c63a80f7068
2024-05-01 18:48:55,966 - scheduler - INFO - So'rov bajarildi: POST /login — 3542ms
2024-05-01 18:49:03,918 - api.orders - INFO - Foydalanuvchi 296 tizimga kirdi, sessiya e1a99975af07
2024-05-01 18:49:15,953 - payments.gateway - INFO - Buyurtma yaratildi id=96741 summa=2990063.42
2024-05-01 18:49:31,314 - db.pool - INFO - Buyurtma yaratildi id=72310 summa=450522.25
2024-05-01 18:49:32,903 - api.orders - INFO - So'rov bajarildi: GET /api/v1/users — 928ms
2024-05-01 18:49:35,415 - cache.redis - INFO - Foydalanuvchi 724 tizimga kirdi, sessiya 358f85bc7b4e
2024-05-01 18:49:35,559 - worker.email - INFO - Buyurtma yaratildi id=90654 summa=3491006.35
2024-05-01 18:49:36,391 - api.auth - INFO - So'rov bajarildi: POST /api/v1/users — 864ms
2024-05-01 18:49:45,403 - api.orders - DEBUG - Cache hit key=user:757 ttl=2076s
2024-05-01 18:49:46,401 - api.auth - INFO - Foydalanuvchi 860 tizimga kirdi, sessiya 83b908234787
2024-05-01 18:49:49,986 - scheduler - INFO - Foydalanuvchi 656 tizimga kirdi, sessiya e94e7ce45b96
2024-05-01 18:49:52,090 - cache.redis - INFO - Foydalanuvchi 677 tizimga kirdi, sessiya f203dcb5e4a3
2024-05-01 18:49:59,151 - payments.gateway - ERROR - DB ulanishi uzildi: timeout after 3538ms host=db-133
2024-05-01 18:50:04,838 - db.pool - INFO - Foydalanuvchi 395 tizimga kirdi, sessiya a59ec4e02d44
2024-05-01 18:50:05,362 - scheduler - INFO - Foydalanuvchi 75 tizimga kirdi, sessiya 42dc49fcf0e2
2024-05-01 18:50:05,466 - db.pool - INFO - Foydalanuvchi 275 tizimga kirdi, sessiya dfc0e3f6544a
2024-05-01 18:50:15,969 - api.auth - INFO - Buyurtma yaratildi id=96486 summa=3450292.22
2024-05-01 18:50:21,467 - db.pool - ERROR - To'lov rad etildi order=47489 kod=INSUFFICIENT_FUNDS
2024-05-01 18:50:32,131 - scheduler - INFO - Foydalanuvchi 87 tizimga kirdi, sessiya fa4024d0e1bb
2024-05-01 18:50:42,501 - api.orders - INFO - Foydalanuvchi 784 tizimga kirdi, sessiya f7f3b33f6695
2024-05-01 18:50:47,162 - cache.redis - WARN - Sekin so'rov: /login 1727ms chegaradan oshdi
2024-05-01 18:50:47,519 - api.auth - INFO - So'rov bajarildi: GET /api/v1/users — 242ms
2024-05-01 18:50:50,384 - db.pool - INFO - So'rov bajarildi: GET /api/v1/users — 2639ms
2024-05-01 18:51:10,844 - payments.gateway - INFO - Foydalanuvchi 364 tizimga kirdi, sessiya e969ff555b7e
2024-05-01 18:51:37,353 - db.pool - INFO - Buyurtma yaratildi id=98789 summa=1552860.11
2024-05-01 18:51:39,478 - api.orders - INFO - So'rov bajarildi: GET /api/v1/orders — 741ms
2024-05-01 18:51:48,454 - payments.gateway - INFO - So'rov bajarildi: GET /api/v1/users — 2684ms
2024-05-01 18:51:56,926 - api.auth - INFO - So'rov bajarildi: POST /login — 2382ms
2024-05-01 18:52:08,691 - payments.gateway - INFO - Foydalanuvchi 342 tizimga kirdi, sessiya 6e8cb3edbb4e
2024-05-01 18:52:25,673 - api.orders - WARN - Ulanishlar hovuzi 2632% to'lgan
2024-05-01 18:52:26,671 - db.pool - INFO - Foydalanuvchi 880 tizimga kirdi, sessiya 2d4425c1e6b3
2024-05-01 18:52:28,107 - payments.gateway - INFO - So'rov bajarildi: GET /api/v1/orders — 3324ms
2024-05-01 18:52:59,158 - db.pool - INFO - Foydalanuvchi 453 tizimga kirdi, sessiya 11047ec6fe40
2024-05-01 18:53:11,706 - cache.redis - DEBUG - Cache hit key=user:60 ttl=2800s
2024-05-01 18:53:11,811 - api.auth - INFO - So'rov bajarildi: GET /login — 1605ms
2024-05-01 18:53:13,767 - db.pool - ERROR - DB ulanishi uzildi: timeout after 1043ms host=db-883
2024-05-01 18:53:24,810 - cache.redis - INFO - Foydalanuvchi 733 tizimga kirdi, sessiya 2536ce04cea7
2024-05-01 18:53:25,668 - worker.email - WARN - Ulanishlar hovuzi 1213% to'lgan
2024-05-01 18:53:54,259 - api.auth - INFO - Foydalanuvchi 676 tizimga kirdi, sessiya 21a5d37ced43
2024-05-01 18:54:09,787 - scheduler - INFO - Foydalanuvchi 887 tizimga kirdi, sessiya f4f29c6d60db
2024-05-01 18:54:21,199 - scheduler - WARN - Ulanishlar hovuzi 2337% to'lgan
2024-05-01 18:54:27,397 - payments.gateway - INFO - Foydalanuvchi 44 tizimga kirdi, sessiya 8e7b879138aa
2024-05-01 18:54:37,321 - api.orders - INFO - Buyurtma yaratildi id=75041 summa=3020622.03
2024-05-01 18:54:40,146 - api.auth - INFO - So'rov bajarildi: POST /api/v1/users — 2842ms
2024-05-01 18:54:43,665 - api.auth - INFO - So'rov bajarildi: GET /api/v1/users — 2941ms
2024-05-01 18:54:45,589 - payments.gateway - INFO - So'rov bajarildi: GET /api/v1/users — 4151ms
2024-05-01 18:54:58,835 - db.pool - WARN - Sekin so'rov: /login 439ms chegaradan oshdi
2024-05-01 18:55:02,736 - db.pool - INFO - So'rov bajarildi: GET /login — 2138ms
2024-05-01 18:55:18,776 - payments.gateway - INFO - So'rov bajarildi: GET /api/v1/users — 2453ms
2024-05-01 18:55:19,873 - cache.redis - INFO - So'rov bajarildi: GET /api/v1/orders — 2610ms
2024-05-01 18:55:25,452 - scheduler - INFO - So'rov bajarildi: GET /api/v1/users — 5ms
2024-05-01 18:55:25,804 - worker.email - WARN - Sekin so'rov: /api/v1/users 606ms chegaradan oshdi
2024-05-01 18:55:34,526 - db.pool - INFO - Buyurtma yaratildi id=57342 summa=414747.14
2024-05-01 18:55:36,347 - scheduler - INFO - Foydalanuvchi 618 tizimga kirdi, sessiya 04a672cc62e9
2024-05-01 18:55:39,199 - api.orders - INFO - So'rov bajarildi: POST /api/v1/orders — 1328ms
2024-05-01 18:55:45,174 - worker.email - INFO - So'rov bajarildi: GET /api/v1/orders — 3415ms
2024-05-01 18:55:52,103 - cache.redis - DEBUG - Cache hit key=user:720 ttl=2862s
2024-05-01 18:55:57,185 - api.orders - INFO - Foydalanuvchi 767 tizimga kirdi, sessiya 9132102db78d
2024-05-01 18:55:59,091 - worker.email - DEBUG - Cache hit key=user:403 ttl=2579s
2024-05-01 18:55:59,304 - worker.email - DEBUG - Cache hit key=user:129 ttl=904s
2024-05-01 18:56:15,826 - cache.redis - INFO - So'rov bajarildi: GET /login — 3397ms
2024-05-01 18:56:24,209 - scheduler - WARN - Sekin so'rov: /api/v1/users 4021ms chegaradan oshdi
2024-05-01 18:56:49,307 - cache.redis - INFO - So'rov bajarildi: POST /api/v1/users — 3915ms
2024-05-01 18:57:23,139 - db.pool - INFO - So'rov bajarildi: GET /login — 2387ms
2024-05-01 18:57:23,385 - payments.gateway - WARN - Sekin so'rov: /login 2435ms chegaradan oshdi
2024-05-01 18:57:29,384 - db.pool - INFO - So'rov bajarildi: GET /login — 3592ms
2024-05-01 18:57:30,112 - api.auth - INFO - So'rov bajarildi: GET /api/v1/users — 3005ms
2024-05-01 18:57:33,190 - scheduler - INFO - Buyurtma yaratildi id=62499 summa=3189004.55
2024-05-01 18:57:34,792 - scheduler - INFO - So'rov bajarildi: POST /login — 3359ms
2024-05-01 18:57:35,077 - scheduler - INFO - Buyurtma yaratildi id=56450 summa=3759168.23
2024-05-01 18:57:36,933 - cache.redis - INFO - Foydalanuvchi 314 tizimga kirdi, sessiya 556bb2b8669a
2024-05-01 18:57:58,418 - worker.email - INFO - So'rov bajarildi: GET /api/v1/users — 1621ms
2024-05-01 18:58:03,041 - scheduler - INFO - Foydalanuvchi 113 tizimga kirdi, sessiya 8c8928711534
2024-05-01 18:58:07,347 - api.auth - INFO - Foydalanuvchi 101 tizimga kirdi, sessiya 986d4c979fec
2024-05-01 18:58:08,286 - payments.gateway - INFO - Foydalanuvchi 195 tizimga kirdi, sessiya c550e8d6fad2
2024-05-01 18:58:35,362 - scheduler - INFO - Foydalanuvchi 398 tizimga kirdi, sessiya 497f3370d5a1
2024-05-01 18:58:52,342 - worker.email - INFO - So'rov bajarildi: POST /api/v1/users — 1411ms
2024-05-01 18:59:09,531 - cache.redis - ERROR - DB ulanishi uzildi: timeout after 1577ms host=db-489
2024-05-01 18:59:14,189 - db.pool - WARN - Sekin so'rov: /api/v1/users 768ms chegaradan oshdi
2024-05-01 18:59:15,266 - scheduler - DEBUG - Cache hit key=user:138 ttl=969s
2024-05-01 18:59:19,067 - scheduler - WARN - Sekin so'rov: /api/v1/orders 2384ms chegaradan oshdi
2024-05-01 18:59:22,409 - api.orders - INFO - So'rov bajarildi: POST /api/v1/orders — 2223ms
2024-05-01 18:59:25,457 - scheduler - DEBUG - Cache hit key=user:32 ttl=2271s
2024-05-01 18:59:27,461 - api.auth - INFO - So'rov bajarildi: GET /login — 1491ms
2024-05-01 18:59:33,662 - api.orders - INFO - Buyurtma yaratildi id=22769 summa=338529.99
2024-05-01 18:59:45,625 - scheduler - INFO - So'rov bajarildi: GET /login — 2638ms
2024-05-01 18:59:51,771 - cache.redis - INFO - Foydalanuvchi 17 tizimga kirdi, sessiya 6a60de36f6bd
2024-05-01 18:59:59,044 - api.auth - INFO - Foydalanuvchi 459 tizimga kirdi, sessiya ff4d28515930
2024-05-01 19:00:00,850 - scheduler - INFO - Foydalanuvchi 869 tizimga kirdi, sessiya b0d137a44e7b
2024-05-01 19:00:02,620 - scheduler - INFO - Foydalanuvchi 34 tizimga kirdi, sessiya 5eef032e0520
2024-05-01 19:00:11,539 - api.auth - WARN - Sekin so'rov: /api/v1/users 2814ms chegaradan oshdi
2024-05-01 19:00:31,716 - cache.redis - ERROR - To'lov rad etildi order=12930 kod=INSUFFICIENT_FUNDS
2024-05-01 19:00:32,288 - db.pool - INFO - Foydalanuvchi 139 tizimga kirdi, sessiya efe303d3920a
2024-05-01 19:00:33,879 - api.orders - DEBUG - Cache hit key=user:655 ttl=498s
2024-05-01 19:00:58,914 - db.pool - INFO - So'rov bajarildi: POST /login — 581ms
2024-05-01 19:01:02,947 - payments.gateway - INFO - So'rov bajarildi: POST /api/v1/orders — 1269ms
2024-05-01 19:01:06,364 - scheduler - INFO - So'rov bajarildi: GET /api/v1/orders — 633ms
2024-05-01 19:01:19,631 - api.orders - CRITICAL - Xizmat javob bermayapti: worker-590 qayta ishga tushirilmoqda
2024-05-01 19:01:21,443 - api.auth - INFO - Foydalanuvchi 549 tizimga kirdi, sessiya 88e951bba972
2024-05-01 19:01:33,465 - api.orders - INFO - So'rov bajarildi: POST /login — 1789ms
2024-05-01 19:01:35,672 - payments.gateway - WARN - Ulanishlar hovuzi 2499% to'lgan
2024-05-01 19:01:37,394 - scheduler - INFO - So'rov bajarildi: POST /api/v1/orders — 922ms
2024-05-01 19:01:37,769 - scheduler - ERROR - To'lov rad etildi order=92072 kod=INSUFFICIENT_FUNDS
2024-05-01 19:01:46,049 - payments.gateway - INFO - So'rov bajarildi: GET /api/v1/users — 4127ms
2024-05-01 19:01:50,661 - scheduler - CRITICAL - Xizmat javob bermayapti: worker-860 qayta ishga tushirilmoqda
2024-05-01 19:01:55,175 - db.pool - INFO - So'rov bajarildi: GET /api/v1/users — 3996ms
2024-05-01 19:01:57,486 - scheduler - DEBUG - Cache hit key=user:545 ttl=2810s
2024-05-01 19:02:08,870 - cache.redis - ERROR - DB ulanishi uzildi: timeout after 2832ms host=db-294
2024-05-01 19:02:11,431 - db.pool - WARN - Sekin so'rov: /login 93ms chegaradan oshdi
2024-05-01 19:02:26,035 - payments.gateway - INFO - Foydalanuvchi 814 tizimga kirdi, sessiya 2826936152eb
2024-05-01 19:02:28,436 - db.pool - WARN - Ulanishlar hovuzi 3227% to'lgan
2024-05-01 19:02:34,185 - scheduler - WARN - Sekin so'rov: /api/v1/orders 1079ms chegaradan oshdi
2024-05-01 19:02:34,697 - scheduler - INFO - Buyurtma yaratildi id=34809 summa=903127.77
2024-05-01 19:02:38,109 - db.pool - WARN - Sekin so'rov: /login 3269ms chegaradan oshdi
2024-05-01 19:02:41,285 - scheduler - INFO - Buyurtma yaratildi id=34320 summa=1990023.05
2024-05-01 19:02:58,027 - payments.gateway - INFO - Foydalanuvchi 868 tizimga kirdi, sessiya 1169306cb32b
2024-05-01 19:03:17,420 - cache.redis - INFO - Foydalanuvchi 506 tizimga kirdi, sessiya 057709a971f2
2024-05-01 19:03:18,139 - worker.email - WARN - Sekin so'rov: /api/v1/users 2740ms chegaradan oshdi
2024-05-01 19:03:27,144 - worker.email - INFO - So'rov bajarildi: POST /api/v1/orders — 2082ms
2024-05-01 19:03:53,483 - cache.redis - INFO - Foydalanuvchi 105 tizimga kirdi, sessiya c17378ba4c76
2024-05-01 19:04:01,276 - api.auth - INFO - Foydalanuvchi 10 tizimga kirdi, sessiya 290370f411ea
2024-05-01 19:04:02,823 - db.pool - ERROR - DB ulanishi uzildi: timeout after 1080ms host=db-107
2024-05-01 19:04:16,206 - api.orders - DEBUG - Cache hit key=user:75 ttl=1861s
2024-05-01 19:04:30,817 - cache.redis - DEBUG - Cache hit key=user:27 ttl=3395s
2024-05-01 19:04:38,826 - db.pool - DEBUG - Cache hit key=user:469 ttl=4140s
2024-05-01 19:04:57,043 - scheduler - DEBUG - Cache hit key=user:480 ttl=3464s
2024-05-01 19:04:59,111 - api.orders - WARN - Sekin so'rov: /api/v1/users 3574ms chegaradan oshdi
2024-05-01 19:05:03,411 - scheduler - CRITICAL - Xizmat javob bermayapti: worker-382 qayta ishga tushirilmoqda
2024-05-01 19:05:06,565 - api.orders - INFO - So'rov bajarildi: POST /api/v1/users — 1820ms
2024-05-01 19:05:10,151 - payments.gateway - INFO - Buyurtma yaratildi id=22238 summa=3466410.64
2024-05-01 19:05:12,534 - db.pool - INFO - Foydalanuvchi 724 tizimga kirdi, sessiya fa4a4dd8e174
2024-05-01 19:05:18,076 - payments.gateway - INFO - So'rov bajarildi: GET /api/v1/users — 4155ms
2024-05-01 19:05:23,064 - cache.redis - INFO - So'rov bajarildi: GET /api/v1/orders — 2203ms
2024-05-01 19:05:26,092 - db.pool - WARN - Sekin so'rov: /api/v1/orders 3653ms chegaradan oshdi
2024-05-01 19:05:29,289 - db.pool - INFO - Foydalanuvchi 602 tizimga kirdi, sessiya b70cdca6b9d5
2024-05-01 19:05:35,350 - cache.redis - ERROR - DB ulanishi uzildi: timeout after 632ms host=db-543
2024-05-01 19:05:41,522 - scheduler - INFO - Foydalanuvchi 737 tizimga kirdi, sessiya 4fcce6bc4f72
2024-05-01 19:05:45,198 - api.auth - INFO - Foydalanuvchi 151 tizimga kirdi, sessiya 332a83aadb3c
2024-05-01 19:05:51,378 - api.orders - INFO - Buyurtma yaratildi id=60132 summa=795008.09
2024-05-01 19:06:21,340 - api.auth - INFO - So'rov bajarildi: GET /api/v1/users — 3661ms
2024-05-01 19:06:57,823 - payments.gateway - INFO - So'rov bajarildi: POST /login — 679ms
2024-05-01 19:07:14,363 - payments.gateway - ERROR - DB ulanishi uzildi: timeout after 3517ms host=db-708
2024-05-01 19:07:30,785 - scheduler - WARN - Ulanishlar hovuzi 3410% to'lgan
2024-05-01 19:07:32,621 - worker.email - WARN - Sekin so'rov: /api/v1/users 4034ms chegaradan oshdi
2024-05-01 19:07:38,246 - api.orders - INFO - Foydalanuvchi 706 tizimga kirdi, sessiya c3535dd02555
2024-05-01 19:07:39,337 - cache.redis - INFO - So'rov bajarildi: GET /login — 2437ms
2024-05-01 19:07:50,197 - worker.email - INFO - So'rov bajarildi: GET /api/v1/users — 2541ms
2024-05-01 19:07:53,566 - api.orders - INFO - So'rov bajarildi: GET /api/v1/orders — 3208ms
2024-05-01 19:07:54,753 - api.auth - INFO - Foydalanuvchi 493 tizimga kirdi, sessiya 2e08aba8f26c
2024-05-01 19:07:58,060 - scheduler - INFO - So'rov bajarildi: GET /api/v1/users — 3802ms
2024-05-01 19:08:04,123 - api.orders - INFO - So'rov bajarildi: POST /api/v1/orders — 1546ms
2024-05-01 19:08:20,815 - scheduler - DEBUG - Cache hit key=user:499 ttl=3719s
2024-05-01 19:08:21,524 - cache.redis - WARN - Sekin so'rov: /login 3238ms chegaradan oshdi
2024-05-01 19:08:21,793 - cache.redis - INFO - Foydalanuvchi 329 tizimga kirdi, sessiya b92bcd33b516
2024-05-01 19:08:35,654 - payments.gateway - INFO - Buyurtma yaratildi id=78391 summa=3883143.22
2024-05-01 19:08:53,704 - cache.redis - INFO - So'rov bajarildi: GET /api/v1/users — 2515ms
2024-05-01 19:08:54,467 - db.pool - INFO - So'rov bajarildi: GET /api/v1/users — 2622ms
2024-05-01 19:09:01,342 - payments.gateway - INFO - Foydalanuvchi 166 tizimga kirdi, sessiya 026604562b10
2024-05-01 19:09:02,717 - db.pool - INFO - So'rov bajarildi: GET /api/v1/users — 785ms
2024-05-01 19:09:37,620 - api.auth - WARN - Sekin so'rov: /api/v1/users 3001ms chegaradan oshdi
2024-05-01 19:09:43,242 - scheduler - DEBUG - Cache hit key=user:125 ttl=4067s
2024-05-01 19:09:46,136 - cache.redis - ERROR - DB ulanishi uzildi: timeout after 2684ms host=db-63
2024-05-01 19:09:46,272 - api.orders - INFO - Foydalanuvchi 315 tizimga kirdi, sessiya f38fc3fbafd2
2024-05-01 19:09:55,462 - api.orders - INFO - Foydalanuvchi 321 tizimga kirdi, sessiya f5468a95aa91
2024-05-01 19:09:55,889 - api.orders - INFO - So'rov bajarildi: POST /api/v1/users — 3251ms
2024-05-01 19:10:02,295 - api.orders - INFO - Foydalanuvchi 615 tizimga kirdi, sessiya b582955032cc
2024-05-01 19:10:02,758 - api.orders - WARN - Ulanishlar hovuzi 1489% to'lgan
2024-05-01 19:10:08,038 - api.auth - WARN - Sekin so'rov: /api/v1/users 2201ms chegaradan oshdi
2024-05-01 19:10:11,366 - api.orders - DEBUG - Cache hit key=user:827 ttl=2519s
2024-05-01 19:10:14,429 - db.pool - ERROR - To'lov rad etildi order=47695 kod=INSUFFICIENT_FUNDS
2024-05-01 19:10:23,084 - scheduler - INFO - So'rov bajarildi: POST /api/v1/users — 2977ms
2024-05-01 19:10:24,127 - worker.email - INFO - So'rov bajarildi: POST /login — 1588ms
2024-05-01 19:10:35,558 - cache.redis - INFO - So'rov bajarildi: GET /api/v1/users — 454ms
2024-05-01 19:10:36,349 - scheduler - INFO - So'rov bajarildi: GET /api/v1/users — 78ms
2024-05-01 19:10:37,271 - api.auth - WARN - Sekin so'rov: /api/v1/users 1836ms chegaradan oshdi
2024-05-01 19:10:41,311 - payments.gateway - ERROR - To'lov rad etildi order=90865 kod=INSUFFICIENT_FUNDS
2024-05-01 19:10:46,527 - api.auth - WARN - Sekin so'rov: /api/v1/orders 30ms chegaradan oshdi
2024-05-01 19:10:51,484 - api.orders - INFO - Foydalanuvchi 350 tizimga kirdi, sessiya 1e16151cc056
2024-05-01 19:10:52,888 - cache.redis - DEBUG - Cache hit key=user:305 ttl=1942s
2024-05-01 19:10:54,253 - api.orders - INFO - So'rov bajarildi: POST /login — 3760ms
2024-05-01 19:10:55,012 - db.pool - DEBUG - Cache hit key=user:426 ttl=2290s
2024-05-01 19:11:13,374 - api.orders - DEBUG - Cache hit key=user:822 ttl=3368s
2024-05-01 19:11:19,016 - worker.email - INFO - Buyurtma yaratildi id=95710 summa=3358596.26
2024-05-01 19:11:27,997 - api.orders - CRITICAL - Xizmat javob bermayapti: worker-714 qayta ishga tushirilmoqda
2024-05-01 19:11:35,554 - payments.gateway - INFO - Foydalanuvchi 811 tizimga kirdi, sessiya 0bf7e6b58fb5
2024-05-01 19:11:49,007 - db.pool - WARN - Ulanishlar hovuzi 3781% to'lgan
2024-05-01 19:11:52,777 - api.auth - DEBUG - Cache hit key=user:238 ttl=1831s
2024-05-01 19:11:56,617 - api.auth - INFO - Foydalanuvchi 733 tizimga kirdi, sessiya b3ac4aa286d9
2024-05-01 19:12:10,912 - scheduler - INFO - Buyurtma yaratildi id=60278 summa=626496.62
2024-05-01 19:12:19,689 - api.orders - INFO - Buyurtma yaratildi id=71416 summa=2602499.92
2024-05-01 19:12:23,645 - db.pool - INFO - Buyurtma yaratildi id=14194 summa=662698.94
2024-05-01 19:12:23,934 - scheduler - INFO - Foydalanuvchi 368 tizimga kirdi, sessiya 5487cf44ebee
2024-05-01 19:12:29,356 - scheduler - DEBUG - Cache hit key=user:695 ttl=499s
2024-05-01 19:12:34,307 - db.pool - DEBUG - Cache hit key=user:591 ttl=287s
2024-05-01 19:12:34,937 - scheduler - INFO - So'rov bajarildi: POST /login — 1875ms
2024-05-01 19:12:48,067 - payments.gateway - INFO - Foydalanuvchi 393 tizimga kirdi, sessiya e5fd4b6bc455
2024-05-01 19:13:23,414 - api.auth - INFO - Buyurtma yaratildi id=79987 summa=1316801.48
2024-05-01 19:13:35,880 - payments.gateway - INFO - Foydalanuvchi 482 tizimga kirdi, sessiya 8ea038a4aa19
2024-05-01 19:14:15,759 - cache.redis - INFO - So'rov bajarildi: GET /api/v1/users — 1590ms
2024-05-01 19:14:19,962 - scheduler - WARN - Sekin so'rov: /login 1052ms chegaradan oshdi
2024-05-01 19:14:23,854 - scheduler - INFO - So'rov bajarildi: GET /api/v1/orders — 1054ms
2024-05-01 19:14:31,223 - api.auth - ERROR - To'lov rad etildi order=29698 kod=INSUFFICIENT_FUNDS
2024-05-01 19:14:31,528 - api.orders - DEBUG - Cache hit key=user:895 ttl=1491s
2024-05-01 19:14:32,595 - scheduler - INFO - Buyurtma yaratildi id=92131 summa=685737.46
2024-05-01 19:14:58,345 - worker.email - INFO - So'rov bajarildi: GET /api/v1/users — 949ms
2024-05-01 19:15:00,980 - db.pool - INFO - So'rov bajarildi: POST /login — 2116ms
2024-05-01 19:15:14,474 - api.orders - WARN - Ulanishlar hovuzi 3808% to'lgan
2024-05-01 19:15:19,742 - api.orders - WARN - Ulanishlar hovuzi 3651% to'lgan
2024-05-01 19:15:28,537 - payments.gateway - INFO - Foydalanuvchi 802 tizimga kirdi, sessiya 2a425350aef1
2024-05-01 19:15:29,750 - api.orders - WARN - Sekin so'rov: /api/v1/orders 3809ms chegaradan oshdi
2024-05-01 19:15:47,168 - api.auth - INFO - So'rov bajarildi: GET /login — 2484ms
2024-05-01 19:16:07,616 - cache.redis - INFO - Foydalanuvchi 900 tizimga kirdi, sessiya 6aa9509d4104
2024-05-01 19:16:14,528 - api.orders - WARN - Ulanishlar hovuzi 767% to'lgan
2024-05-01 19:16:52,901 - worker.email - INFO - Foydalanuvchi 92 tizimga kirdi, sessiya 609c22f379be
2024-05-01 19:17:00,000 - api.orders - DEBUG - Cache hit key=user:688 ttl=3724s
2024-05-01 19:17:10,559 - cache.redis - INFO - Foydalanuvchi 164 tizimga kirdi, sessiya 370c4e2f1ca3
2024-05-01 19:17:13,376 - scheduler - ERROR - To'lov rad etildi order=12632 kod=INSUFFICIENT_FUNDS
2024-05-01 19:17:29,959 - payments.gateway - ERROR - DB ulanishi uzildi: timeout after 4059ms host=db-234
2024-05-01 19:17:39,037 - cache.redis - INFO - So'rov bajarildi: GET /login — 1908ms
2024-05-01 19:17:39,433 - payments.gateway - INFO - Buyurtma yaratildi id=43033 summa=2833984.97
2024-05-01 19:17:44,427 - payments.gateway - INFO - Foydalanuvchi 647 tizimga kirdi, sessiya 1c3e6e2c2466
2024-05-01 19:17:47,192 - payments.gateway - INFO - So'rov bajarildi: POST /api/v1/users — 2774ms
2024-05-01 19:17:47,526 - cache.redis - DEBUG - Cache hit key=user:325 ttl=3257s
2024-05-01 19:17:50,419 - api.auth - INFO - Foydalanuvchi 113 tizimga kirdi, sessiya 900ce5a4c846
2024-05-01 19:17:54,263 - payments.gateway - WARN - Sekin so'rov: /login 2009ms chegaradan oshdi
2024-05-01 19:17:56,322 - db.pool - WARN - Ulanishlar hovuzi 102% to'lgan
2024-05-01 19:17:58,085 - scheduler - INFO - Foydalanuvchi 757 tizimga kirdi, sessiya 920bc2b507dd
2024-05-01 19:18:01,825 - scheduler - INFO - Foydalanuvchi 756 tizimga kirdi, sessiya 2dde597bdd04
2024-05-01 19:18:11,558 - api.auth - INFO - So'rov bajarildi: POST /api/v1/orders — 1055ms
2024-05-01 19:18:18,030 - scheduler - DEBUG - Cache hit key=user:322 ttl=1082s
2024-05-01 19:18:34,367 - payments.gateway - INFO - So'rov bajarildi: POST /login — 1199ms
2024-05-01 19:18:38,439 - db.pool - ERROR - To'lov rad etildi order=13154 kod=INSUFFICIENT_FUNDS
2024-05-01 19:18:38,898 - scheduler - WARN - Ulanishlar hovuzi 2427% to'lgan
2024-05-01 19:18:42,577 - payments.gateway - DEBUG - Cache hit key=user:476 ttl=906s
2024-05-01 19:18:50,934 - api.auth - INFO - Foydalanuvchi 477 tizimga kirdi, sessiya 0d05f7789403
2024-05-01 19:19:04,528 - scheduler - INFO - Buyurtma yaratildi id=75148 summa=1279047.25
2024-05-01 19:19:15,149 - scheduler - INFO - So'rov bajarildi: POST /api/v1/users — 2610ms
2024-05-01 19:19:16,626 - db.pool - INFO - Buyurtma yaratildi id=12664 summa=2083582.91
2024-05-01 19:19:22,159 - scheduler - INFO - Foydalanuvchi 61 tizimga kirdi, sessiya 0cd5f4e64567
2024-05-01 19:19:26,297 - payments.gateway - INFO - Buyurtma yaratildi id=48585 summa=3917789.66
2024-05-01 19:19:26,838 - scheduler - INFO - Foydalanuvchi 141 tizimga kirdi, sessiya 479de6561f75
2024-05-01 19:19:29,230 - scheduler - INFO - Foydalanuvchi 338 tizimga kirdi, sessiya 6bd86a183b9a
2024-05-01 19:19:29,763 - api.orders - INFO - Foydalanuvchi 48 tizimga kirdi, sessiya 46b56e3b6561
2024-05-01 19:19:31,154 - scheduler - INFO - So'rov bajarildi: POST /login — 3975ms
2024-05-01 19:19:34,336 - worker.email - INFO - Buyurtma yaratildi id=12223 summa=3449414.98
2024-05-01 19:19:42,999 - api.auth - INFO - Buyurtma yaratildi id=20798 summa=1882142.0
2024-05-01 19:19:43,422 - api.auth - INFO - Foydalanuvchi 135 tizimga kirdi, sessiya 484cc3eeb697
2024-05-01 19:19:52,757 - payments.gateway - INFO - Buyurtma yaratildi id=92879 summa=391417.82
2024-05-01 19:20:12,102 - worker.email - INFO - So'rov bajarildi: GET /api/v1/users — 551ms
2024-05-01 19:20:13,790 - scheduler - INFO - Buyurtma yaratildi id=77707 summa=67840.33
2024-05-01 19:20:19,920 - db.pool - DEBUG - Cache hit key=user:252 ttl=3522s
2024-05-01 19:20:28,218 - cache.redis - INFO - So'rov bajarildi: POST /login — 245ms
2024-05-01 19:20:33,641 - worker.email - INFO - Foydalanuvchi 418 tizimga kirdi, sessiya 114e9b936f64
2024-05-01 19:20:42,540 - cache.redis - DEBUG - Cache hit key=user:508 ttl=2358s
2024-05-01 19:20:46,404 - cache.redis - INFO - Foydalanuvchi 854 tizimga kirdi, sessiya 97f6a43b3840
2024-05-01 19:20:57,173 - api.orders - WARN - Ulanishlar hovuzi 3879% to'lgan
2024-05-01 19:21:02,770 - payments.gateway - ERROR - To'lov rad etildi order=86624 kod=INSUFFICIENT_FUNDS
2024-05-01 19:21:07,928 - payments.gateway - DEBUG - Cache hit key=user:204 ttl=282s
2024-05-01 19:21:09,719 - api.auth - WARN - Sekin so'rov: /api/v1/orders 676ms chegaradan oshdi
2024-05-01 19:21:17,728 - payments.gateway - DEBUG - Cache hit key=user:620 ttl=2630s
2024-05-01 19:21:29,391 - payments.gateway - INFO - So'rov bajarildi: POST /login — 3902ms
2024-05-01 19:21:30,970 - db.pool - INFO - So'rov bajarildi: GET /api/v1/orders — 3613ms
2024-05-01 19:21:50,221 - api.orders - ERROR - To'lov rad etildi order=72332 kod=INSUFFICIENT_FUNDS
2024-05-01 19:22:03,433 - api.auth - DEBUG - Cache hit key=user:147 ttl=106s
2024-05-01 19:22:05,229 - worker.email - DEBUG - Cache hit key=user:335 ttl=3840s
2024-05-01 19:22:06,944 - scheduler - INFO - So'rov bajarildi: POST /api/v1/users — 798ms
2024-05-01 19:22:31,943 - db.pool - INFO - Buyurtma yaratildi id=60220 summa=1870131.1
2024-05-01 19:22:37,772 - db.pool - INFO - So'rov bajarildi: POST /login — 2088ms
2024-05-01 19:22:48,181 - db.pool - INFO - Foydalanuvchi 94 tizimga kirdi, sessiya d2150160ad7e
2024-05-01 19:22:51,370 - db.pool - INFO - So'rov bajarildi: GET /login — 2196ms
2024-05-01 19:22:52,471 - cache.redis - INFO - Buyurtma yaratildi id=42511 summa=2699297.25
2024-05-01 19:22:56,252 - db.pool - INFO - Buyurtma yaratildi id=68515 summa=2497620.31
2024-05-01 19:23:15,496 - api.orders - INFO - So'rov bajarildi: GET /api/v1/users — 1716ms
2024-05-01 19:23:17,374 - worker.email - DEBUG - Cache hit key=user:657 ttl=1667s
2024-05-01 19:23:17,720 - worker.email - INFO - Foydalanuvchi 379 tizimga kirdi, sessiya 598399ec1d2c
2024-05-01 19:23:21,749 - db.pool - INFO - Buyurtma yaratildi id=28961 summa=1511490.7
2024-05-01 19:23:22,124 - db.pool - INFO - Buyurtma yaratildi id=11518 summa=3277598.49
2024-05-01 19:23:37,610 - scheduler - INFO - Foydalanuvchi 228 tizimga kirdi, sessiya 1b73df383b44
2024-05-01 19:23:46,623 - api.orders - DEBUG - Cache hit key=user:690 ttl=2834s
2024-05-01 19:24:09,745 - api.orders - DEBUG - Cache hit key=user:729 ttl=572s
2024-05-01 19:24:10,751 - db.pool - INFO - Buyurtma yaratildi id=37025 summa=3557303.68
2024-05-01 19:24:14,991 - worker.email - INFO - Foydalanuvchi 242 tizimga kirdi, sessiya 4634694eebda
2024-05-01 19:24:19,863 - db.pool - INFO - Foydalanuvchi 248 tizimga kirdi, sessiya 91191ae35956
2024-05-01 19:24:24,882 - db.pool - WARN - Sekin so'rov: /api/v1/users 3083ms chegaradan oshdi
2024-05-01 19:24:31,042 - payments.gateway - WARN - Ulanishlar hovuzi 185% to'lgan
2024-05-01 19:24:41,874 - worker.email - INFO - So'rov bajarildi: GET /api/v1/orders — 2713ms
2024-05-01 19:24:59,389 - api.auth - INFO - So'rov bajarildi: POST /api/v1/orders — 1879ms
2024-05-01 19:25:02,365 - scheduler - INFO - Foydalanuvchi 300 tizimga kirdi, sessiya cd22de8b3eed
2024-05-01 19:25:03,414 - cache.redis - DEBUG - Cache hit key=user:695 ttl=334s
2024-05-01 19:25:08,364 - api.orders - INFO - Buyurtma yaratildi id=89720 summa=1226911.28
2024-05-01 19:25:08,952 - db.pool - INFO - So'rov bajarildi: POST /api/v1/orders — 3034ms
2024-05-01 19:25:13,295 - payments.gateway - DEBUG - Cache hit key=user:544 ttl=3813s
2024-05-01 19:25:26,072 - api.auth - INFO - So'rov bajarildi: POST /login — 3733ms
2024-05-01 19:25:44,302 - worker.email - INFO - Foydalanuvchi 362 tizimga kirdi, sessiya da421d7a4adb
2024-05-01 19:25:48,588 - api.orders - INFO - Buyurtma yaratildi id=61789 summa=1003463.81
2024-05-01 19:25:56,386 - api.orders - WARN - Ulanishlar hovuzi 3319% to'lgan
2024-05-01 19:25:57,056 - api.auth - CRITICAL - Xizmat javob bermayapti: worker-321 qayta ishga tushirilmoqda
2024-05-01 19:25:59,738 - payments.gateway - INFO - So'rov bajarildi: GET /login — 422ms
2024-05-01 19:26:04,804 - api.auth - INFO - Buyurtma yaratildi id=32936 summa=3512974.84
2024-05-01 19:26:07,326 - cache.redis - INFO - So'rov bajarildi: GET /login — 1988ms
2024-05-01 19:26:34,300 - payments.gateway - INFO - So'rov bajarildi: POST /api/v1/orders — 3199ms
2024-05-01 19:26:36,000 - db.pool - ERROR - To'lov rad etildi order=62849 kod=INSUFFICIENT_FUNDS
2024-05-01 19:26:41,979 - cache.redis - INFO - Foydalanuvchi 510 tizimga kirdi, sessiya 448b57a17a7e
2024-05-01 19:26:43,099 - cache.redis - INFO - Foydalanuvchi 376 tizimga kirdi, sessiya 097a42019661
2024-05-01 19:26:54,840 - worker.email - DEBUG - Cache hit key=user:725 ttl=864s
2024-05-01 19:26:55,231 - worker.email - INFO - Foydalanuvchi 747 tizimga kirdi, sessiya 58717b86d779
2024-05-01 19:27:02,139 - api.auth - INFO - So'rov bajarildi: POST /login — 175ms
2024-05-01 19:27:04,871 - db.pool - INFO - Foydalanuvchi 624 tizimga kirdi, sessiya 98d03801234c
2024-05-01 19:27:06,630 - api.orders - INFO - So'rov bajarildi: GET /api/v1/orders — 738ms
2024-05-01 19:27:12,678 - db.pool - WARN - Sekin so'rov: /api/v1/orders 2628ms chegaradan oshdi
2024-05-01 19:28:16,572 - db.pool - INFO - So'rov bajarildi: GET /login — 2206ms
2024-05-01 19:28:37,612 - worker.email - INFO - Foydalanuvchi 71 tizimga kirdi, sessiya c33290ed54ff
2024-05-01 19:28:49,655 - api.orders - WARN - Sekin so'rov: /api/v1/orders 3738ms chegaradan oshdi
2024-05-01 19:28:59,500 - payments.gateway - INFO - So'rov bajarildi: GET /api/v1/orders — 1721ms
2024-05-01 19:29:00,759 - scheduler - INFO - Buyurtma yaratildi id=50830 summa=3100809.31
2024-05-01 19:29:14,177 - cache.redis - INFO - So'rov bajarildi: POST /api/v1/orders — 3277ms
2024-05-01 19:29:23,987 - scheduler - INFO - Foydalanuvchi 434 tizimga kirdi, sessiya e3d1dc8404bf
2024-05-01 19:29:34,599 - payments.gateway - INFO - So'rov bajarildi: GET /api/v1/users — 3013ms
2024-05-01 19:29:38,806 - scheduler - INFO - Foydalanuvchi 474 tizimga kirdi, sessiya 2115e255d147
2024-05-01 19:29:53,899 - api.orders - WARN - Ulanishlar hovuzi 2888% to'lgan
2024-05-01 19:29:54,819 - payments.gateway - DEBUG - Cache hit key=user:29 ttl=844s
2024-05-01 19:30:11,041 - db.pool - INFO - Foydalanuvchi 115 tizimga kirdi, sessiya e254daf3f003
2024-05-01 19:30:18,714 - db.pool - WARN - Ulanishlar hovuzi 3303% to'lgan
2024-05-01 19:30:35,307 - api.orders - WARN - Ulanishlar hovuzi 897% to'lgan
2024-05-01 19:30:38,962 - worker.email - CRITICAL - Xizmat javob bermayapti: worker-466 qayta ishga tushirilmoqda
2024-05-01 19:30:42,123 - db.pool - INFO - So'rov bajarildi: POST /api/v1/users — 2766ms
2024-05-01 19:30:42,979 - db.pool - INFO - So'rov bajarildi: GET /api/v1/users — 2065ms
2024-05-01 19:30:48,854 - db.pool - INFO - Foydalanuvchi 515 tizimga kirdi, sessiya 2194af28ead2
2024-05-01 19:30:54,013 - payments.gateway - INFO - So'rov bajarildi: GET /api/v1/users — 3750ms
2024-05-01 19:30:54,798 - api.auth - INFO - Buyurtma yaratildi id=49451 summa=3038706.07
2024-05-01 19:30:56,762 - payments.gateway - INFO - Buyurtma yaratildi id=37083 summa=2482028.24
2024-05-01 19:31:01,951 - worker.email - INFO - So'rov bajarildi: POST /login — 48ms
2024-05-01 19:31:03,613 - payments.gateway - INFO - So'rov bajarildi: POST /api/v1/users — 1922ms
2024-05-01 19:31:04,393 - api.auth - DEBUG - Cache hit key=user:485 ttl=2431s
2024-05-01 19:31:18,103 - api.orders - DEBUG - Cache hit key=user:807 ttl=2775s
2024-05-01 19:31:21,981 - api.orders - INFO - Buyurtma yaratildi id=99653 summa=1403449.1
2024-05-01 19:31:28,437 - scheduler - INFO - So'rov bajarildi: GET /api/v1/users — 1822ms
2024-05-01 19:31:32,760 - payments.gateway - INFO - Foydalanuvchi 759 tizimga kirdi, sessiya e3e9fb57d6a6
2024-05-01 19:31:39,244 - payments.gateway - INFO - So'rov bajarildi: POST /api/v1/users — 1798ms
2024-05-01 19:32:01,552 - api.auth - INFO - So'rov bajarildi: POST /api/v1/users — 1706ms
2024-05-01 19:32:05,731 - api.auth - INFO - So'rov bajarildi: POST /api/v1/orders — 2080ms
2024-05-01 19:32:05,888 - api.orders - INFO - Foydalanuvchi 396 tizimga kirdi, sessiya d53779470102
2024-05-01 19:32:16,057 - api.orders - WARN - Sekin so'rov: /api/v1/orders 703ms chegaradan oshdi
2024-05-01 19:32:29,989 - payments.gateway - INFO - Foydalanuvchi 885 tizimga kirdi, sessiya 0f2375e18afb
2024-05-01 19:33:05,462 - db.pool - INFO - So'rov bajarildi: GET /api/v1/users — 1817ms
2024-05-01 19:33:11,952 - db.pool - INFO - Foydalanuvchi 511 tizimga kirdi, sessiya 774a98c7b686
2024-05-01 19:33:19,443 - cache.redis - INFO - Foydalanuvchi 824 tizimga kirdi, sessiya 60f0a6019085
2024-05-01 19:33:31,678 - api.auth - INFO - Foydalanuvchi 391 tizimga kirdi, sessiya 1ebaa1753aad
2024-05-01 19:33:49,786 - db.pool - INFO - Foydalanuvchi 356 tizimga kirdi, sessiya ec2145dcc8dc
2024-05-01 19:33:51,803 - db.pool - INFO - Buyurtma yaratildi id=52558 summa=3589912.86
2024-05-01 19:33:53,452 - scheduler - INFO - Foydalanuvchi 755 tizimga kirdi, sessiya 99a3b3f13590
2024-05-01 19:34:03,879 - api.auth - DEBUG - Cache hit key=user:90 ttl=2850s
2024-05-01 19:34:08,244 - payments.gateway - INFO - Buyurtma yaratildi id=81534 summa=3933801.56
2024-05-01 19:34:15,489 - scheduler - INFO - Foydalanuvchi 868 tizimga kirdi, sessiya 4f86a0f50710
2024-05-01 19:34:18,297 - db.pool - DEBUG - Cache hit key=user:204 ttl=503s
2024-05-01 19:34:26,362 - worker.email - INFO - Foydalanuvchi 439 tizimga kirdi, sessiya 3a7ba8691bf6
2024-05-01 19:34:45,757 - db.pool - INFO - So'rov bajarildi: POST /login — 1970ms
2024-05-01 19:34:54,417 - cache.redis - DEBUG - Cache hit key=user:729 ttl=677s
2024-05-01 19:34:56,022 - cache.redis - CRITICAL - Xizmat javob bermayapti: worker-317 qayta ishga tushirilmoqda
2024-05-01 19:35:01,205 - scheduler - INFO - So'rov bajarildi: POST /api/v1/users — 267ms
2024-05-01 19:35:07,809 - api.auth - INFO - So'rov bajarildi: POST /api/v1/users — 2850ms
2024-05-01 19:35:08,258 - cache.redis - ERROR - DB ulanishi uzildi: timeout after 3879ms host=db-240
2024-05-01 19:35:29,748 - api.auth - INFO - Foydalanuvchi 508 tizimga kirdi, sessiya 2baf0a681ab5
2024-05-01 19:35:57,660 - cache.redis - DEBUG - Cache hit key=user:1 ttl=848s
2024-05-01 19:36:08,351 - api.orders - WARN - Sekin so'rov: /api/v1/users 3201ms chegaradan oshdi
2024-05-01 19:36:26,697 - api.auth - WARN - Sekin so'rov: /api/v1/orders 276ms chegaradan oshdi
2024-05-01 19:36:27,401 - cache.redis - INFO - So'rov bajarildi: POST /api/v1/orders — 676ms
2024-05-01 19:36:37,992 - api.auth - INFO - So'rov bajarildi: GET /api/v1/users — 453ms
2024-05-01 19:36:47,857 - payments.gateway - ERROR - To'lov rad etildi order=73209 kod=INSUFFICIENT_FUNDS
2024-05-01 19:36:50,832 - payments.gateway - INFO - So'rov bajarildi: GET /login — 3650ms
2024-05-01 19:37:15,040 - worker.email - INFO - So'rov bajarildi: POST /api/v1/orders — 2741ms
2024-05-01 19:37:17,369 - db.pool - INFO - Foydalanuvchi 149 tizimga kirdi, sessiya 08a2b40eb325
2024-05-01 19:37:18,059 - cache.redis - ERROR - DB ulanishi uzildi: timeout after 4041ms host=db-817
2024-05-01 19:37:20,552 - db.pool - DEBUG - Cache hit key=user:296 ttl=3373s
2024-05-01 19:37:21,004 - cache.redis - INFO - So'rov bajarildi: POST /api/v1/orders — 1283ms
2024-05-01 19:37:36,817 - payments.gateway - DEBUG - Cache hit key=user:736 ttl=3700s
2024-05-01 19:37:42,468 - cache.redis - INFO - So'rov bajarildi: POST /api/v1/orders — 1940ms
2024-05-01 19:37:42,532 - cache.redis - INFO - Foydalanuvchi 667 tizimga kirdi, sessiya 5e9d68883471
2024-05-01 19:37:47,756 - cache.redis - INFO - Foydalanuvchi 258 tizimga kirdi, sessiya 9d468ff9f1d7
2024-05-01 19:37:55,885 - api.auth - DEBUG - Cache hit key=user:71 ttl=2678s
2024-05-01 19:38:12,088 - api.auth - INFO - So'rov bajarildi: POST /api/v1/users — 3791ms
2024-05-01 19:38:15,239 - api.orders - DEBUG - Cache hit key=user:336 ttl=3977s
2024-05-01 19:38:18,357 - db.pool - WARN - Ulanishlar hovuzi 298% to'lgan
2024-05-01 19:38:33,756 - cache.redis - INFO - Buyurtma yaratildi id=20371 summa=2854826.64
2024-05-01 19:38:38,191 - worker.email - INFO - Foydalanuvchi 631 tizimga kirdi, sessiya f0f69d6dd2b5
2024-05-01 19:39:07,239 - worker.email - INFO - So'rov bajarildi: POST /login — 3914ms
2024-05-01 19:39:09,381 - worker.email - WARN - Sekin so'rov: /login 1457ms chegaradan oshdi
2024-05-01 19:39:19,925 - worker.email - WARN - Sekin so'rov: /api/v1/orders 967ms chegaradan oshdi
2024-05-01 19:39:29,442 - api.auth - INFO - Buyurtma yaratildi id=65891 summa=596098.99
2024-05-01 19:39:33,041 - api.auth - INFO - Foydalanuvchi 188 tizimga kirdi, sessiya 961e0733c2d0
2024-05-01 19:39:36,956 - db.pool - DEBUG - Cache hit key=user:762 ttl=297s
2024-05-01 19:39:56,946 - cache.redis - INFO - Buyurtma yaratildi id=34451 summa=3925439.16
2024-05-01 19:40:21,604 - api.auth - DEBUG - Cache hit key=user:800 ttl=3090s
2024-05-01 19:40:23,301 - db.pool - ERROR - DB ulanishi uzildi: timeout after 2851ms host=db-341
2024-05-01 19:40:43,858 - api.auth - WARN - Sekin so'rov: /api/v1/users 2201ms chegaradan oshdi
2024-05-01 19:40:49,416 - scheduler - WARN - Sekin so'rov: /api/v1/users 291ms chegaradan oshdi
2024-05-01 19:40:59,930 - api.auth - INFO - So'rov bajarildi: GET /api/v1/users — 419ms
2024-05-01 19:41:00,208 - payments.gateway - INFO - Buyurtma yaratildi id=97197 summa=3700789.55
2024-05-01 19:41:07,474 - db.pool - ERROR - To'lov rad etildi order=97930 kod=INSUFFICIENT_FUNDS
2024-05-01 19:41:12,510 - worker.email - INFO - So'rov bajarildi: POST /login — 509ms
2024-05-01 19:41:34,423 - scheduler - INFO - So'rov bajarildi: POST /api/v1/users — 209ms
2024-05-01 19:41:38,712 - db.pool - INFO - So'rov bajarildi: GET /login — 2665ms
2024-05-01 19:41:48,779 - payments.gateway - INFO - So'rov bajarildi: GET /api/v1/orders — 3651ms
2024-05-01 19:42:14,964 - db.pool - ERROR - DB ulanishi uzildi: timeout after 1750ms host=db-606
2024-05-01 19:42:24,497 - worker.email - CRITICAL - Xizmat javob bermayapti: worker-260 qayta ishga tushirilmoqda
2024-05-01 19:42:39,407 - api.orders - CRITICAL - Xizmat javob bermayapti: worker-507 qayta ishga tushirilmoqda
2024-05-01 19:42:42,038 - scheduler - INFO - Foydalanuvchi 887 tizimga kirdi, sessiya f3727ec34124
2024-05-01 19:42:55,577 - worker.email - INFO - Foydalanuvchi 117 tizimga kirdi, sessiya 2fada556e6d0
2024-05-01 19:42:59,082 - cache.redis - INFO - So'rov bajarildi: POST /api/v1/orders — 1512ms
2024-05-01 19:43:09,250 - cache.redis - DEBUG - Cache hit key=user:773 ttl=2323s
2024-05-01 19:43:13,674 - cache.redis - WARN - Ulanishlar hovuzi 2828% to'lgan
2024-05-01 19:43:40,714 - api.auth - CRITICAL - Xizmat javob bermayapti: worker-140 qayta ishga tushirilmoqda
2024-05-01 19:44:04,027 - scheduler - INFO - So'rov bajarildi: POST /api/v1/orders — 4133ms
2024-05-01 19:44:38,494 - cache.redis - INFO - So'rov bajarildi: GET /api/v1/users — 1498ms
2024-05-01 19:44:48,334 - db.pool - ERROR - To'lov rad etildi order=80109 kod=INSUFFICIENT_FUNDS
2024-05-01 19:45:17,691 - scheduler - WARN - Sekin so'rov: /api/v1/orders 1044ms chegaradan oshdi
2024-05-01 19:45:51,111 - db.pool - INFO - So'rov bajarildi: GET /login — 1686ms
2024-05-01 19:46:00,385 - scheduler - INFO - Buyurtma yaratildi id=19356 summa=449926.07
2024-05-01 19:46:08,594 - api.orders - INFO - So'rov bajarildi: POST /api/v1/orders — 292ms
2024-05-01 19:46:13,379 - api.orders - DEBUG - Cache hit key=user:710 ttl=2697s
2024-05-01 19:46:16,945 - api.auth - INFO - Foydalanuvchi 564 tizimga kirdi, sessiya 01a627c468d2
2024-05-01 19:46:25,591 - api.orders - INFO - Foydalanuvchi 208 tizimga kirdi, sessiya fe8a4f4a83d6
2024-05-01 19:46:27,260 - scheduler - DEBUG - Cache hit key=user:48 ttl=2260s
2024-05-01 19:46:38,094 - db.pool - INFO - So'rov bajarildi: POST /api/v1/users — 1711ms
2024-05-01 19:46:38,414 - api.orders - ERROR - DB ulanishi uzildi: timeout after 3871ms host=db-734
2024-05-01 19:46:44,887 - api.orders - INFO - Foydalanuvchi 833 tizimga kirdi, sessiya 34460c56bfde
2024-05-01 19:46:59,854 - api.auth - DEBUG - Cache hit key=user:822 ttl=814s
2024-05-01 19:47:02,844 - db.pool - INFO - Foydalanuvchi 496 tizimga kirdi, sessiya 5ecc7484c5e1
2024-05-01 19:47:10,708 - worker.email - INFO - So'rov bajarildi: POST /login — 3409ms
2024-05-01 19:47:23,130 - payments.gateway - INFO - So'rov bajarildi: POST /api/v1/users — 2131ms
2024-05-01 19:47:33,518 - payments.gateway - INFO - Foydalanuvchi 830 tizimga kirdi, sessiya ebeebe34c10c
2024-05-01 19:47:44,316 - payments.gateway - CRITICAL - Xizmat javob bermayapti: worker-550 qayta ishga tushirilmoqda
2024-05-01 19:47:44,977 - payments.gateway - INFO - So'rov bajarildi: GET /login — 1226ms
2024-05-01 19:47:55,946 - scheduler - INFO - Foydalanuvchi 214 tizimga kirdi, sessiya e6470e86fee2
2024-05-01 19:48:13,954 - cache.redis - INFO - So'rov bajarildi: GET /api/v1/users — 2408ms
2024-05-01 19:48:21,779 - payments.gateway - INFO - So'rov bajarildi: POST /api/v1/users — 1542ms
2024-05-01 19:48:51,903 - scheduler - CRITICAL - Xizmat javob bermayapti: worker-844 qayta ishga tushirilmoqda
2024-05-01 19:48:57,577 - cache.redis - ERROR - To'lov rad etildi order=63810 kod=INSUFFICIENT_FUNDS
2024-05-01 19:49:02,869 - db.pool - INFO - So'rov bajarildi: GET /api/v1/orders — 968ms
2024-05-01 19:49:22,443 - cache.redis - INFO - Foydalanuvchi 547 tizimga kirdi, sessiya fa95010b1426
2024-05-01 19:49:26,059 - api.orders - INFO - So'rov bajarildi: GET /api/v1/orders — 1452ms
2024-05-01 19:49:37,726 - payments.gateway - WARN - Sekin so'rov: /api/v1/orders 366ms chegaradan oshdi
2024-05-01 19:49:39,853 - cache.redis - WARN - Sekin so'rov: /api/v1/orders 1545ms chegaradan oshdi
2024-05-01 19:49:46,356 - worker.email - DEBUG - Cache hit key=user:633 ttl=1215s
2024-05-01 19:49:49,433 - worker.email - INFO - So'rov bajarildi: POST /api/v1/users — 755ms
2024-05-01 19:49:52,893 - api.orders - DEBUG - Cache hit key=user:161 ttl=1814s
2024-05-01 19:50:03,232 - payments.gateway - INFO - Foydalanuvchi 654 tizimga kirdi, sessiya 014a3aa9c9a3
2024-05-01 19:50:09,000 - api.auth - ERROR - DB ulanishi uzildi: timeout after 3685ms host=db-30
2024-05-01 19:50:14,672 - payments.gateway - INFO - Buyurtma yaratildi id=89176 summa=2120960.97
2024-05-01 19:50:29,837 - scheduler - INFO - So'rov bajarildi: POST /api/v1/orders — 755ms
2024-05-01 19:50:34,613 - cache.redis - INFO - Buyurtma yaratildi id=22426 summa=2008175.29
2024-05-01 19:50:37,302 - scheduler - INFO - So'rov bajarildi: GET /api/v1/users — 3061ms
2024-05-01 19:50:42,987 - worker.email - ERROR - DB ulanishi uzildi: timeout after 1592ms host=db-517
2024-05-01 19:50:45,847 - cache.redis - INFO - Foydalanuvchi 454 tizimga kirdi, sessiya 698b0a72d167
2024-05-01 19:50:57,307 - scheduler - INFO - So'rov bajarildi: POST /api/v1/users — 2309ms
2024-05-01 19:51:11,640 - cache.redis - WARN - Sekin so'rov: /api/v1/orders 2607ms chegaradan oshdi
2024-05-01 19:51:23,029 - db.pool - WARN - Ulanishlar hovuzi 3953% to'lgan
2024-05-01 19:51:30,797 - scheduler - INFO - So'rov bajarildi: GET /api/v1/orders — 3963ms
2024-05-01 19:51:36,105 - worker.email - WARN - Sekin so'rov: /login 1696ms chegaradan oshdi
2024-05-01 19:51:37,609 - scheduler - DEBUG - Cache hit key=user:253 ttl=3242s
2024-05-01 19:52:24,175 - worker.email - DEBUG - Cache hit key=user:632 ttl=2878s
2024-05-01 19:52:28,568 - scheduler - INFO - So'rov bajarildi: POST /api/v1/orders — 2635ms
2024-05-01 19:52:30,156 - scheduler - INFO - So'rov bajarildi: GET /api/v1/users — 1146ms